{
  "timelineObjects": [{
    "activitySegment": {
      "startLocation": {
        "latitudeE7": 522322071,
        "longitudeE7": 209988247,
        "sourceInfo": {
          "deviceTag": 2038012174
        }
      },
      "endLocation": {
        "latitudeE7": 522269167,
        "longitudeE7": 210021974,
        "sourceInfo": {
          "deviceTag": 2038012174
        }
      },
      "duration": {
        "startTimestamp": "2020-11-11T14:09:32Z",
        "endTimestamp": "2020-11-11T14:12:50Z"
      },
      "distance": 603,
      "activityType": "IN_PASSENGER_VEHICLE",
      "confidence": "LOW",
      "activities": [{
        "activityType": "IN_PASSENGER_VEHICLE",
        "probability": 42.6784485578537
      }, {
        "activityType": "STILL",
        "probability": 39.40824270248413
      }, {
        "activityType": "WALKING",
        "probability": 5.184407159686089
      }, {
        "activityType": "IN_BUS",
        "probability": 4.75415326654911
      }, {
        "activityType": "IN_TRAM",
        "probability": 4.72593754529953
      }, {
        "activityType": "IN_TRAIN",
        "probability": 1.3744198717176914
      }, {
        "activityType": "CYCLING",
        "probability": 1.017716433852911
      }, {
        "activityType": "IN_SUBWAY",
        "probability": 0.3890754422172904
      }, {
        "activityType": "IN_FERRY",
        "probability": 0.19262174610048532
      }, {
        "activityType": "RUNNING",
        "probability": 0.12569091049954295
      }, {
        "activityType": "MOTORCYCLING",
        "probability": 0.06760326214134693
      }, {
        "activityType": "FLYING",
        "probability": 0.06163014331832528
      }, {
        "activityType": "SAILING",
        "probability": 0.012156635784776881
      }, {
        "activityType": "SKIING",
        "probability": 0.006628025585087016
      }, {
        "activityType": "IN_VEHICLE",
        "probability": 0.0012715013326669578
      }],
      "waypointPath": {
        "waypoints": [{
          "latE7": 522321815,
          "lngE7": 209987335
        }, {
          "latE7": 522243881,
          "lngE7": 210038127
        }, {
          "latE7": 522269058,
          "lngE7": 210021591
        }],
        "source": "INFERRED",
        "roadSegment": [{
          "placeId": "ChIJZcchjI7MHkcRb7BkP_zvEVY",
          "duration": "0s"
        }, {
          "placeId": "ChIJqWVjiI7MHkcR_HSf-MclhQw",
          "duration": "3s"
        }, {
          "placeId": "ChIJR2SOeI7MHkcRyrVEyKBHHz8",
          "duration": "5s"
        }, {
          "placeId": "ChIJnwvA243MHkcR5kzmRggTlMw",
          "duration": "0s"
        }, {
          "placeId": "ChIJkQ3e6Y3MHkcRmRxdRa4K8TY",
          "duration": "2s"
        }, {
          "placeId": "ChIJ_Qsdj43MHkcRmGl26lO6IRY",
          "duration": "7s"
        }, {
          "placeId": "ChIJt-r_fZLMHkcR9unleg9-MhM",
          "duration": "1s"
        }, {
          "placeId": "ChIJMcZVj5LMHkcRVgymBVrm54I",
          "duration": "1s"
        }, {
          "placeId": "ChIJieD-6pLMHkcRhBMIJTzcN3g",
          "duration": "6s"
        }, {
          "placeId": "ChIJB4Fp2pLMHkcRdVQELa5Cy1U",
          "duration": "0s"
        }, {
          "placeId": "ChIJe_Ncv-zMHkcR4pCtTAO4DQU",
          "duration": "7s"
        }, {
          "placeId": "ChIJlcxrluzMHkcRt6HYZrPmtQM",
          "duration": "1s"
        }, {
          "placeId": "ChIJ0cX8luzMHkcRk7TO3Lq2zvw",
          "duration": "1s"
        }, {
          "placeId": "ChIJCS3Sl-zMHkcRrdkvu87NSas",
          "duration": "7s"
        }, {
          "placeId": "ChIJb_MDXJPMHkcR4fxtB44NYqw",
          "duration": "5s"
        }, {
          "placeId": "ChIJE2m6gJPMHkcR0S_eZeVV_Xw",
          "duration": "2s"
        }, {
          "placeId": "ChIJdbrphZPMHkcRlj-VD7uWlPo",
          "duration": "6s"
        }, {
          "placeId": "ChIJKdK8k5PMHkcR-_x1FSUVIsY",
          "duration": "8s"
        }, {
          "placeId": "ChIJ08f0wZPMHkcRNwARhDZcmtY",
          "duration": "7s"
        }, {
          "placeId": "ChIJC_X21ZPMHkcRGlkh2oLE9i0",
          "duration": "5s"
        }, {
          "placeId": "ChIJo2ZLZpLMHkcRjxvPdH54WRU",
          "duration": "0s"
        }, {
          "placeId": "ChIJEVNOiJLMHkcRFTxASIjGWXQ",
          "duration": "4s"
        }, {
          "placeId": "ChIJ29zZjpLMHkcRXMfUOBOb5L8",
          "duration": "4s"
        }],
        "distanceMeters": 2396.213957245925,
        "travelMode": "DRIVE",
        "confidence": 1.0
      },
      "parkingEvent": {
        "location": {
          "latitudeE7": 522256174,
          "longitudeE7": 210031419,
          "accuracyMetres": 63
        },
        "method": "END_OF_ACTIVITY_SEGMENT",
        "locationSource": "FROM_RAW_LOCATION",
        "timestamp": "2020-11-11T14:14:20.999Z"
      }
    }
  }, {
    "activitySegment": {
      "startLocation": {
        "latitudeE7": 522330821,
        "longitudeE7": 209990198,
        "sourceInfo": {
          "deviceTag": 2038012174
        }
      },
      "endLocation": {
        "latitudeE7": 522313620,
        "longitudeE7": 209110639,
        "sourceInfo": {
          "deviceTag": 2038012174
        }
      },
      "duration": {
        "startTimestamp": "2020-11-11T14:44:50.999Z",
        "endTimestamp": "2020-11-11T15:58:42.275Z"
      },
      "distance": 16764,
      "activityType": "IN_PASSENGER_VEHICLE",
      "confidence": "MEDIUM",
      "activities": [{
        "activityType": "IN_PASSENGER_VEHICLE",
        "probability": 71.57067656517029
      }, {
        "activityType": "STILL",
        "probability": 26.108402013778687
      }, {
        "activityType": "WALKING",
        "probability": 1.8660755828022957
      }, {
        "activityType": "IN_BUS",
        "probability": 0.17097286181524396
      }, {
        "activityType": "CYCLING",
        "probability": 0.07187825976870954
      }, {
        "activityType": "MOTORCYCLING",
        "probability": 0.04626307054422796
      }, {
        "activityType": "RUNNING",
        "probability": 0.0418111274484545
      }, {
        "activityType": "IN_FERRY",
        "probability": 0.039728934643790126
      }, {
        "activityType": "IN_TRAM",
        "probability": 0.029560260009020567
      }, {
        "activityType": "FLYING",
        "probability": 0.02350785507587716
      }, {
        "activityType": "IN_TRAIN",
        "probability": 0.015722120588179678
      }, {
        "activityType": "IN_SUBWAY",
        "probability": 0.006405237945728004
      }, {
        "activityType": "SKIING",
        "probability": 0.005856426651007496
      }, {
        "activityType": "SAILING",
        "probability": 0.002994679380208254
      }, {
        "activityType": "IN_VEHICLE",
        "probability": 1.4033421393833123E-4
      }],
      "waypointPath": {
        "waypoints": [{
          "latE7": 522290725,
          "lngE7": 210228538
        }, {
          "latE7": 522283554,
          "lngE7": 210176048
        }, {
          "latE7": 522268714,
          "lngE7": 210183887
        }, {
          "latE7": 522253684,
          "lngE7": 210191478
        }, {
          "latE7": 522243957,
          "lngE7": 210185070
        }, {
          "latE7": 522197341,
          "lngE7": 210176124
        }, {
          "latE7": 522173385,
          "lngE7": 210159168
        }, {
          "latE7": 522060890,
          "lngE7": 209432945
        }, {
          "latE7": 522032432,
          "lngE7": 209271106
        }, {
          "latE7": 522199630,
          "lngE7": 209165210
        }, {
          "latE7": 522313804,
          "lngE7": 209110622
        }],
        "source": "INFERRED",
        "roadSegment": [{
          "placeId": "ChIJSYNlt_DMHkcRlCF6RDBFkJI",
          "duration": "13s"
        }, {
          "placeId": "ChIJA5CLyfDMHkcRG4Wb3jNoUbU",
          "duration": "27s"
        }, {
          "placeId": "ChIJtSmAzPDMHkcR26zTSa2JNOg",
          "duration": "5s"
        }, {
          "placeId": "ChIJKxcizvDMHkcRoRfon_zkmAI",
          "duration": "52s"
        }, {
          "placeId": "ChIJJXJe1_DMHkcRWaA6JfQHnIQ",
          "duration": "11s"
        }, {
          "placeId": "ChIJJRS7LvHMHkcR0ZfZq5qHlF8",
          "duration": "72s"
        }, {
          "placeId": "ChIJSQw8NPHMHkcRtBxXtimy88o",
          "duration": "30s"
        }, {
          "placeId": "ChIJw-ihSPHMHkcRpAzAiOZFg6E",
          "duration": "69s"
        }, {
          "placeId": "ChIJh8eYXPHMHkcRuiORhIRV1TQ",
          "duration": "44s"
        }, {
          "placeId": "ChIJj2HdaPHMHkcR0HbJbw3o6vs",
          "duration": "66s"
        }, {
          "placeId": "ChIJ2ZOQC_HMHkcR1N7S08qI4zQ",
          "duration": "58s"
        }, {
          "placeId": "ChIJV7rvrvHMHkcRuukUymWOjKA",
          "duration": "41s"
        }, {
          "placeId": "ChIJi5ANS_DMHkcR-CYv1WwSWVU",
          "duration": "33s"
        }, {
          "placeId": "ChIJG-xrOvDMHkcRvpvRZJnh9kw",
          "duration": "44s"
        }, {
          "placeId": "ChIJsZgmIvDMHkcRv5EMf3k-iwI",
          "duration": "19s"
        }, {
          "placeId": "ChIJXcpyYOXMHkcRf2rG7qDuYMk",
          "duration": "36s"
        }, {
          "placeId": "ChIJ2VxDYeXMHkcRHTpP-AM8Lj0",
          "duration": "8s"
        }, {
          "placeId": "ChIJVytmY-XMHkcRBfZxHaZNQPM",
          "duration": "30s"
        }, {
          "placeId": "ChIJVytmY-XMHkcR1rpgv_wigHs",
          "duration": "0s"
        }, {
          "placeId": "ChIJXXhzfOXMHkcRkGqGjEwsZhw",
          "duration": "19s"
        }, {
          "placeId": "ChIJFzQof-XMHkcR_4U86dwQ7v4",
          "duration": "11s"
        }, {
          "placeId": "ChIJFzQof-XMHkcR82DS1WuF0ms",
          "duration": "5s"
        }, {
          "placeId": "ChIJOSSreOXMHkcR_5mu-hQhOGA",
          "duration": "2s"
        }, {
          "placeId": "ChIJpYAEguXMHkcRGWULuCe0yI8",
          "duration": "0s"
        }, {
          "placeId": "ChIJTarXg-XMHkcR5NEQqWap1-I",
          "duration": "5s"
        }, {
          "placeId": "ChIJTarXg-XMHkcR5tA-N4xDmyc",
          "duration": "13s"
        }, {
          "placeId": "ChIJczLtjOXMHkcRx93VyBU7Pak",
          "duration": "47s"
        }, {
          "placeId": "ChIJad-M8OXMHkcRlP-CLYcaObg",
          "duration": "44s"
        }, {
          "placeId": "ChIJrZfu--XMHkcRaGYobmgJ9gM",
          "duration": "5s"
        }, {
          "placeId": "ChIJCxTj--XMHkcRpLuhtmRbaVU",
          "duration": "5s"
        }, {
          "placeId": "ChIJ4QFN-eXMHkcRKknuzBaEJLM",
          "duration": "0s"
        }, {
          "placeId": "ChIJic-V_uXMHkcRhK_3vKhfqLs",
          "duration": "11s"
        }, {
          "placeId": "ChIJj1tn_uXMHkcRPznorr104P8",
          "duration": "0s"
        }, {
          "placeId": "ChIJS-Zn_uXMHkcRb6MTh34rzyc",
          "duration": "0s"
        }, {
          "placeId": "ChIJ-cz5_eXMHkcRBFb8Ee22mbw",
          "duration": "19s"
        }, {
          "placeId": "ChIJcRGrBebMHkcRX-heP85finY",
          "duration": "55s"
        }, {
          "placeId": "ChIJsSHrIubMHkcRKOmVo55duWk",
          "duration": "72s"
        }, {
          "placeId": "ChIJIV9AMObMHkcRPR7lCr514iQ",
          "duration": "11s"
        }, {
          "placeId": "ChIJIV9AMObMHkcR_L27f51K2js",
          "duration": "16s"
        }, {
          "placeId": "ChIJSRRwMebMHkcRRhhjP9KNjoY",
          "duration": "16s"
        }, {
          "placeId": "ChIJxVGHLebMHkcRwzlCOPXZfPw",
          "duration": "19s"
        }, {
          "placeId": "ChIJkU-l1OfMHkcRc-gNYp-7-NU",
          "duration": "8s"
        }, {
          "placeId": "ChIJU_MT1efMHkcRaNvwjUZk630",
          "duration": "16s"
        }, {
          "placeId": "ChIJbytzf-jMHkcRepWXzkbRDTw",
          "duration": "5s"
        }, {
          "placeId": "ChIJv-g-ZOjMHkcRz8AJr-ehqB8",
          "duration": "22s"
        }, {
          "placeId": "ChIJlWtmTujMHkcRlJ44pzWhn5A",
          "duration": "25s"
        }, {
          "placeId": "ChIJHXxws-nMHkcRC__fiUxRkl4",
          "duration": "11s"
        }, {
          "placeId": "ChIJ4xQAHurMHkcRK7gc5HL8HCM",
          "duration": "2s"
        }, {
          "placeId": "ChIJh0uYGurMHkcR7_G-UIZGtiY",
          "duration": "2s"
        }, {
          "placeId": "ChIJmRciDurMHkcRW-Yk1yxAV7g",
          "duration": "2s"
        }, {
          "placeId": "ChIJx19TcerMHkcRfXiM4hqtvGE",
          "duration": "25s"
        }, {
          "placeId": "ChIJaTBDKsDMHkcRWYwsCXeWRk0",
          "duration": "11s"
        }, {
          "placeId": "ChIJfx_sGcDMHkcRzLuNK9c9Fsw",
          "duration": "13s"
        }, {
          "placeId": "ChIJzfaDrb_MHkcRGA-tbI578yE",
          "duration": "41s"
        }, {
          "placeId": "ChIJzfaDrb_MHkcRsZder5TC7nE",
          "duration": "58s"
        }, {
          "placeId": "ChIJ8wIqX77MHkcRDA7RWubER6k",
          "duration": "52s"
        }, {
          "placeId": "ChIJmzV7ir7MHkcRyPW64MBjY7k",
          "duration": "13s"
        }, {
          "placeId": "ChIJmcoLKbzMHkcR71xMNiE5M9M",
          "duration": "8s"
        }, {
          "placeId": "ChIJoxxAQbzMHkcRapcpfdfRYjs",
          "duration": "16s"
        }, {
          "placeId": "ChIJX3ZBXbzMHkcR_tijwjeLOCQ",
          "duration": "16s"
        }, {
          "placeId": "ChIJRyu8YLzMHkcRQ2wZOSupMNk",
          "duration": "5s"
        }, {
          "placeId": "ChIJ7ahkirzMHkcRdY_SGJFk6p8",
          "duration": "16s"
        }, {
          "placeId": "ChIJM2GnjrzMHkcRjplh-8hdGrg",
          "duration": "8s"
        }, {
          "placeId": "ChIJGcFJvLzMHkcRGjhA74nQckc",
          "duration": "2s"
        }, {
          "placeId": "ChIJ1bcTvLzMHkcRgHQCpWSQyqw",
          "duration": "0s"
        }, {
          "placeId": "ChIJLRz3u7zMHkcR1mOHoauLD6I",
          "duration": "2s"
        }, {
          "placeId": "ChIJz-jGpKPMHkcRf0UlA2qJLm0",
          "duration": "19s"
        }, {
          "placeId": "ChIJF6b3z6PMHkcRj_ytNXCBHVE",
          "duration": "16s"
        }, {
          "placeId": "ChIJF6b3z6PMHkcRLjUpcBd7Aeo",
          "duration": "5s"
        }, {
          "placeId": "ChIJEQ2wcKHMHkcRDqcFTVpXwxQ",
          "duration": "25s"
        }, {
          "placeId": "ChIJ13qRdKHMHkcRE0PN-JhljZs",
          "duration": "5s"
        }, {
          "placeId": "ChIJ0Q9sC6HMHkcRvK7HLWCPDek",
          "duration": "5s"
        }, {
          "placeId": "ChIJuby-DqHMHkcRTxo0CQUw6kc",
          "duration": "5s"
        }, {
          "placeId": "ChIJZarN2KDMHkcRPyzmfFFrzWU",
          "duration": "16s"
        }, {
          "placeId": "ChIJu12ARqfMHkcRDKL65rcnSjo",
          "duration": "0s"
        }, {
          "placeId": "ChIJMTNMYafMHkcRaN3ERyKNpLc",
          "duration": "25s"
        }, {
          "placeId": "ChIJWVnqYljLHkcRVlfqU8IafQc",
          "duration": "19s"
        }, {
          "placeId": "ChIJu2hoOFjLHkcR6KxAtktLfrg",
          "duration": "33s"
        }, {
          "placeId": "ChIJPwna1FnLHkcRDOpIlBBJNLg",
          "duration": "2s"
        }, {
          "placeId": "ChIJiSNDeVfLHkcRNlAOrVHxe-Q",
          "duration": "16s"
        }, {
          "placeId": "ChIJoUGVEVfLHkcRCKEApdmiRsE",
          "duration": "33s"
        }, {
          "placeId": "ChIJ2xnH4VbLHkcR8-5MEbJwn9Y",
          "duration": "0s"
        }, {
          "placeId": "ChIJsegd4VbLHkcR2TUIAv7M9Hg",
          "duration": "2s"
        }, {
          "placeId": "ChIJsTMw51bLHkcRbc8LGboFrJs",
          "duration": "0s"
        }, {
          "placeId": "ChIJnXOR51bLHkcRPUjP2s9pMK8",
          "duration": "2s"
        }, {
          "placeId": "ChIJ7fXPvlbLHkcRVEZFJv04AvA",
          "duration": "33s"
        }, {
          "placeId": "ChIJiz3EAlTLHkcROF3tRFwhU3k",
          "duration": "5s"
        }, {
          "placeId": "ChIJg5cedlTLHkcRoFMrQHLaQBU",
          "duration": "41s"
        }, {
          "placeId": "ChIJX2fFelPLHkcR2QOIRsYFZr4",
          "duration": "2s"
        }, {
          "placeId": "ChIJH1ZhaFPLHkcRthHRjxBPuu0",
          "duration": "13s"
        }, {
          "placeId": "ChIJMzdwSVPLHkcRNDUhgDhIK2o",
          "duration": "22s"
        }, {
          "placeId": "ChIJj_wtxqw0GUcRA0O0pFTbkbs",
          "duration": "13s"
        }, {
          "placeId": "ChIJI6gg6aw0GUcRg-ZuaO-PLdA",
          "duration": "11s"
        }, {
          "placeId": "ChIJt1-L-aw0GUcR-QZcoinE0x4",
          "duration": "8s"
        }, {
          "placeId": "ChIJSQN3Uqw0GUcRnqCxczxXnBM",
          "duration": "2s"
        }, {
          "placeId": "ChIJy0dHUqw0GUcRgRe7cZGXjBA",
          "duration": "5s"
        }, {
          "placeId": "ChIJw7p9Uqw0GUcRlbei4wm0ZuM",
          "duration": "5s"
        }, {
          "placeId": "ChIJM1Vmta00GUcRA-ZJm_P3Iwc",
          "duration": "22s"
        }, {
          "placeId": "ChIJZ84yzK00GUcRvb1DgtpjVyw",
          "duration": "5s"
        }, {
          "placeId": "ChIJs3ZVdq40GUcRbPjZWePHkKY",
          "duration": "2s"
        }, {
          "placeId": "ChIJs3ZVdq40GUcR7ZCQQC1crew",
          "duration": "5s"
        }, {
          "placeId": "ChIJhXxE_7E0GUcRCSgQfs2gBhQ",
          "duration": "27s"
        }, {
          "placeId": "ChIJcwEb9rE0GUcR_unUx2lcDM8",
          "duration": "2s"
        }, {
          "placeId": "ChIJn_hv9bE0GUcRX2R0ZFt_I1g",
          "duration": "11s"
        }, {
          "placeId": "ChIJdXJjirE0GUcR81Aztqcc-4w",
          "duration": "0s"
        }, {
          "placeId": "ChIJrZv8h7E0GUcRK2J4rBJ1lA4",
          "duration": "8s"
        }, {
          "placeId": "ChIJWyV1gLE0GUcRHhRJmuNTfV0",
          "duration": "5s"
        }, {
          "placeId": "ChIJTb3Yf7E0GUcR8PA_wsi0Ric",
          "duration": "2s"
        }, {
          "placeId": "ChIJ194X4LM0GUcRbFXLCCdPz8A",
          "duration": "5s"
        }, {
          "placeId": "ChIJS46__bM0GUcR6uh-vwdZR5I",
          "duration": "52s"
        }, {
          "placeId": "ChIJUdXlArQ0GUcR2fw8TK3eP7A",
          "duration": "19s"
        }, {
          "placeId": "ChIJz993H7Q0GUcRJ_iKfA_a1oc",
          "duration": "30s"
        }, {
          "placeId": "ChIJxeNvKbQ0GUcRp8ifqcmybrQ",
          "duration": "30s"
        }, {
          "placeId": "ChIJk6rp1rU0GUcRkzs0t8F6JM0",
          "duration": "16s"
        }, {
          "placeId": "ChIJgSqhHMo0GUcRr6XJkCf33tE",
          "duration": "5s"
        }, {
          "placeId": "ChIJt64AHMo0GUcRUEVK8Wext0k",
          "duration": "8s"
        }, {
          "placeId": "ChIJ3RCtGMo0GUcRgj0uB2g15UY",
          "duration": "16s"
        }, {
          "placeId": "ChIJT_XxIso0GUcRX4PIsw7QTqE",
          "duration": "22s"
        }, {
          "placeId": "ChIJibJDOco0GUcRk3EAL4csPOY",
          "duration": "5s"
        }, {
          "placeId": "ChIJSzk-Sco0GUcRhY6serpSPyY",
          "duration": "8s"
        }, {
          "placeId": "ChIJEeb-TMo0GUcR9lwR_5-MzSY",
          "duration": "33s"
        }, {
          "placeId": "ChIJU78gr8s0GUcRJJDbA7g6Hx8",
          "duration": "8s"
        }, {
          "placeId": "ChIJMSxrccs0GUcRwHGVHvRA0PI",
          "duration": "38s"
        }, {
          "placeId": "ChIJe8kvZcs0GUcRLW0Zhq8aKIw",
          "duration": "5s"
        }, {
          "placeId": "ChIJL2fuZMs0GUcRN_usev4G3gY",
          "duration": "2s"
        }, {
          "placeId": "ChIJIRaVZMs0GUcRf3d19dXJ1Jc",
          "duration": "2s"
        }, {
          "placeId": "ChIJN9zbY8s0GUcRPC0Lss3B23U",
          "duration": "11s"
        }, {
          "placeId": "ChIJX06Xpsw0GUcRxtu-wEqAHeE",
          "duration": "2s"
        }, {
          "placeId": "ChIJR2iKUjPLHkcRWG52jvbWzSc",
          "duration": "0s"
        }, {
          "placeId": "ChIJA0HDTzPLHkcRcoUN46Z0ucQ",
          "duration": "22s"
        }, {
          "placeId": "ChIJbW2HRDPLHkcR4n6AnDNF89k",
          "duration": "0s"
        }, {
          "placeId": "ChIJIb1OQjPLHkcRTRXEnX3jJP8",
          "duration": "11s"
        }, {
          "placeId": "ChIJASV8aTPLHkcRwif9laMFwrc",
          "duration": "5s"
        }, {
          "placeId": "ChIJIRZrbDPLHkcRpqYZ9g_VpPE",
          "duration": "2s"
        }, {
          "placeId": "ChIJnSxBvDPLHkcRGFHmS96c0Lw",
          "duration": "8s"
        }, {
          "placeId": "ChIJBw4yvzPLHkcRK9gkXxhqits",
          "duration": "2s"
        }, {
          "placeId": "ChIJG6pPxzPLHkcROC5NbwmOcNI",
          "duration": "2s"
        }, {
          "placeId": "ChIJ_1QmxDPLHkcR6C8EYq5jJE0",
          "duration": "8s"
        }, {
          "placeId": "ChIJq4GO1zPLHkcRbeYGHQAYntY",
          "duration": "33s"
        }, {
          "placeId": "ChIJy_TNdDHLHkcRK1QQVYZLGMk",
          "duration": "44s"
        }, {
          "placeId": "ChIJEeJMVTDLHkcR4gFMsyRCW1s",
          "duration": "11s"
        }, {
          "placeId": "ChIJecyqVzDLHkcRUapD8zIy0fw",
          "duration": "13s"
        }, {
          "placeId": "ChIJm5ywXjDLHkcRqJAuYIyUZOY",
          "duration": "13s"
        }, {
          "placeId": "ChIJwen4XTDLHkcRp6yxqpvy-cM",
          "duration": "30s"
        }, {
          "placeId": "ChIJAdySZjDLHkcRXC5sMYiHAfU",
          "duration": "19s"
        }, {
          "placeId": "ChIJa9BKZDDLHkcR9GEW90JhRw4",
          "duration": "19s"
        }, {
          "placeId": "ChIJq-xgdzDLHkcRCYxlavtmBvA",
          "duration": "27s"
        }, {
          "placeId": "ChIJGwjV2jrLHkcRWUbOXrS5Afk",
          "duration": "2s"
        }, {
          "placeId": "ChIJdTqI2jrLHkcR6XEKMJMRx1s",
          "duration": "5s"
        }, {
          "placeId": "ChIJgTsZ1zrLHkcRTHSMoqqQ7Vg",
          "duration": "13s"
        }, {
          "placeId": "ChIJYSqgKzvLHkcRbAv2G4G_WWc",
          "duration": "33s"
        }, {
          "placeId": "ChIJQb41zCTLHkcRYfaxfKAOb5s",
          "duration": "25s"
        }, {
          "placeId": "ChIJzd3JuSTLHkcRt3Ewb-K63eo",
          "duration": "27s"
        }, {
          "placeId": "ChIJLQBZoiTLHkcRWNuf5ssfYKE",
          "duration": "13s"
        }, {
          "placeId": "ChIJRx3OYyPLHkcROSIDD-cQKsQ",
          "duration": "36s"
        }, {
          "placeId": "ChIJP3hscCPLHkcRQywM6YJutR0",
          "duration": "5s"
        }, {
          "placeId": "ChIJ488JdCPLHkcRNd-rrsIbkDk",
          "duration": "27s"
        }, {
          "placeId": "ChIJDWvNCiPLHkcR16CCF8Votw4",
          "duration": "8s"
        }, {
          "placeId": "ChIJUyiUCiPLHkcRVI9FRmSJcOA",
          "duration": "5s"
        }, {
          "placeId": "ChIJcXt9oCPLHkcR88mAsOU-ERk",
          "duration": "11s"
        }, {
          "placeId": "ChIJufdCmCPLHkcRdMBYRRBIWt4",
          "duration": "5s"
        }, {
          "placeId": "ChIJufdCmCPLHkcRky7bGs_6W1A",
          "duration": "44s"
        }, {
          "placeId": "ChIJ0cg3vyPLHkcROcCrB44OA_Y",
          "duration": "80s"
        }, {
          "placeId": "ChIJ-5PwMiLLHkcRXzni9Ha5FDY",
          "duration": "83s"
        }, {
          "placeId": "ChIJBz0PJiLLHkcRVJm-87WluU0",
          "duration": "16s"
        }, {
          "placeId": "ChIJI655KCLLHkcRHmTmoBZfB3U",
          "duration": "5s"
        }, {
          "placeId": "ChIJ65G5hyHLHkcRYORAza6PkmA",
          "duration": "27s"
        }, {
          "placeId": "ChIJIc3yhCHLHkcRruLQCk4T7eo",
          "duration": "30s"
        }, {
          "placeId": "ChIJRZRtnCHLHkcRLvlgBl_SGiA",
          "duration": "25s"
        }, {
          "placeId": "ChIJmWr7niHLHkcRHDuChov8q7A",
          "duration": "2s"
        }],
        "distanceMeters": 13301.279923041593,
        "travelMode": "DRIVE",
        "confidence": 0.995611900234706
      },
      "simplifiedRawPath": {
        "points": [{
          "latE7": 522268753,
          "lngE7": 210184097,
          "accuracyMeters": 3,
          "timestamp": "2020-11-11T14:56:54.999Z"
        }, {
          "latE7": 522244263,
          "lngE7": 210185452,
          "accuracyMeters": 3,
          "timestamp": "2020-11-11T14:59:25Z"
        }, {
          "latE7": 522173271,
          "lngE7": 210159225,
          "accuracyMeters": 3,
          "timestamp": "2020-11-11T15:03:44Z"
        }, {
          "latE7": 522032852,
          "lngE7": 209271336,
          "accuracyMeters": 3,
          "timestamp": "2020-11-11T15:17:33.999Z"
        }]
      },
      "parkingEvent": {
        "location": {
          "latitudeE7": 522313620,
          "longitudeE7": 209110639,
          "accuracyMetres": 160,
          "sourceInfo": {
            "deviceTag": 2038012174
          }
        },
        "method": "END_OF_ACTIVITY_SEGMENT",
        "locationSource": "NOT_FROM_RAW_LOCATION",
        "timestamp": "2020-11-11T15:58:42.275Z"
      }
    }
  }, {
    "activitySegment": {
      "startLocation": {
        "latitudeE7": 522300780,
        "longitudeE7": 209103994,
        "sourceInfo": {
          "deviceTag": 2038012174
        }
      },
      "endLocation": {
        "latitudeE7": 514228050,
        "longitudeE7": 196743462,
        "sourceInfo": {
          "deviceTag": 2038012174
        }
      },
      "duration": {
        "startTimestamp": "2020-11-16T16:12:40Z",
        "endTimestamp": "2020-11-16T17:31:12.999Z"
      },
      "distance": 125501,
      "activityType": "IN_PASSENGER_VEHICLE",
      "confidence": "HIGH",
      "activities": [{
        "activityType": "IN_PASSENGER_VEHICLE",
        "probability": 96.08065485954285
      }, {
        "activityType": "STILL",
        "probability": 2.538025565445423
      }, {
        "activityType": "WALKING",
        "probability": 0.6897489074617624
      }, {
        "activityType": "MOTORCYCLING",
        "probability": 0.34201249945908785
      }, {
        "activityType": "IN_BUS",
        "probability": 0.21381264086812735
      }, {
        "activityType": "FLYING",
        "probability": 0.08467811858281493
      }, {
        "activityType": "IN_FERRY",
        "probability": 0.015617119788657874
      }, {
        "activityType": "CYCLING",
        "probability": 0.013124685210641474
      }, {
        "activityType": "RUNNING",
        "probability": 0.009756737563293427
      }, {
        "activityType": "IN_TRAIN",
        "probability": 0.007239777187351137
      }, {
        "activityType": "SKIING",
        "probability": 0.0036512323276838288
      }, {
        "activityType": "SAILING",
        "probability": 9.652097105572466E-4
      }, {
        "activityType": "IN_SUBWAY",
        "probability": 5.824234449391952E-4
      }, {
        "activityType": "IN_TRAM",
        "probability": 9.424903169019672E-5
      }, {
        "activityType": "IN_VEHICLE",
        "probability": 2.8054284939571517E-5
      }]
    }
  }, {
    "activitySegment": {
      "startLocation": {
        "latitudeE7": 514089736,
        "longitudeE7": 196595681,
        "sourceInfo": {
          "deviceTag": 2038012174
        }
      },
      "endLocation": {
        "latitudeE7": 522264713,
        "longitudeE7": 209161949,
        "sourceInfo": {
          "deviceTag": 2038012174
        }
      },
      "duration": {
        "startTimestamp": "2020-11-19T18:17:23.685Z",
        "endTimestamp": "2020-11-19T19:42:56.999Z"
      },
      "distance": 71200,
      "activityType": "IN_PASSENGER_VEHICLE",
      "confidence": "HIGH",
      "activities": [{
        "activityType": "IN_PASSENGER_VEHICLE",
        "probability": 92.3085629940033
      }, {
        "activityType": "STILL",
        "probability": 6.095903739333153
      }, {
        "activityType": "WALKING",
        "probability": 0.7724604103714228
      }, {
        "activityType": "MOTORCYCLING",
        "probability": 0.5734202452003956
      }, {
        "activityType": "IN_BUS",
        "probability": 0.10448182001709938
      }, {
        "activityType": "FLYING",
        "probability": 0.04892157157883048
      }, {
        "activityType": "CYCLING",
        "probability": 0.04447414539754391
      }, {
        "activityType": "RUNNING",
        "probability": 0.024855317315086722
      }, {
        "activityType": "IN_FERRY",
        "probability": 0.015373193309642375
      }, {
        "activityType": "SKIING",
        "probability": 0.005563888407777995
      }, {
        "activityType": "IN_TRAIN",
        "probability": 0.004192448250250891
      }, {
        "activityType": "SAILING",
        "probability": 0.001286582846660167
      }, {
        "activityType": "IN_SUBWAY",
        "probability": 4.0509567043045536E-4
      }, {
        "activityType": "IN_TRAM",
        "probability": 7.075141752466152E-5
      }, {
        "activityType": "IN_VEHICLE",
        "probability": 2.3798422432719235E-5
      }]
    }
  }, {
    "activitySegment": {
      "startLocation": {
        "latitudeE7": 522299924,
        "longitudeE7": 209109738,
        "sourceInfo": {
          "deviceTag": 2038012174
        }
      },
      "endLocation": {
        "latitudeE7": 522300588,
        "longitudeE7": 209112789,
        "sourceInfo": {
          "deviceTag": 2038012174
        }
      },
      "duration": {
        "startTimestamp": "2020-11-26T16:35:17Z",
        "endTimestamp": "2020-11-26T16:48:01Z"
      },
      "distance": 700,
      "activityType": "IN_PASSENGER_VEHICLE",
      "confidence": "MEDIUM",
      "activities": [{
        "activityType": "IN_PASSENGER_VEHICLE",
        "probability": 66.17861986160278
      }, {
        "activityType": "STILL",
        "probability": 18.432238698005676
      }, {
        "activityType": "WALKING",
        "probability": 9.767274558544159
      }, {
        "activityType": "CYCLING",
        "probability": 3.6894194781780243
      }, {
        "activityType": "MOTORCYCLING",
        "probability": 0.8348964154720306
      }, {
        "activityType": "IN_BUS",
        "probability": 0.46879788860678673
      }, {
        "activityType": "RUNNING",
        "probability": 0.26897143106907606
      }, {
        "activityType": "IN_FERRY",
        "probability": 0.2030292060226202
      }, {
        "activityType": "SKIING",
        "probability": 0.06901219021528959
      }, {
        "activityType": "SAILING",
        "probability": 0.025971786817535758
      }, {
        "activityType": "IN_TRAM",
        "probability": 0.02512513310648501
      }, {
        "activityType": "FLYING",
        "probability": 0.018257218471262604
      }, {
        "activityType": "IN_TRAIN",
        "probability": 0.014288538659457117
      }, {
        "activityType": "IN_SUBWAY",
        "probability": 0.003628964623203501
      }, {
        "activityType": "IN_VEHICLE",
        "probability": 4.716991043096641E-4
      }]
    }
  }, {
    "placeVisit": {
      "location": {
        "latitudeE7": 522307675,
        "longitudeE7": 209102352,
        "placeId": "ChIJl2HTciHLHkcRComvPhZLqnM",
        "address": "Muszlowa 1, 00-001 Warszawa, Polska",
        "semanticType": "TYPE_HOME",
        "sourceInfo": {
          "deviceTag": 2038012174
        },
        "locationConfidence": 83.92638,
        "calibratedProbability": 51.938213
      },
      "duration": {
        "startTimestamp": "2020-11-28T13:58:46Z",
        "endTimestamp": "2020-11-28T14:00:58Z"
      },
      "placeConfidence": "MEDIUM_CONFIDENCE",
      "centerLatE7": 522303428,
      "centerLngE7": 209105617,
      "visitConfidence": 65,
      "otherCandidateLocations": [{
        "latitudeE7": 522284654,
        "longitudeE7": 209144377,
        "placeId": "ChIJrappgyPLHkcRJ3Jfz6727aE",
        "address": "Człuchowska 25, 01-360 Warszawa, Polska",
        "name": "Hala Wola Sp. z o.o.",
        "locationConfidence": 3.1784086,
        "calibratedProbability": 1.9669722
      }, {
        "latitudeE7": 522283333,
        "longitudeE7": 209105556,
        "placeId": "ChIJlQe4ASTLHkcRln2q3nFQ_is",
        "address": "Świetlików 9, 01-141 Warszawa, Polska",
        "name": "Biedronka",
        "locationConfidence": 2.6934397,
        "calibratedProbability": 1.6668471
      }, {
        "latitudeE7": 522335236,
        "longitudeE7": 209053919,
        "placeId": "ChIJ2W3nkd_KHkcR2zK4koViRYc",
        "address": "Park, Górczewska, 01-318 Warszawa, Polska",
        "name": "Górczewska Park",
        "locationConfidence": 1.8482016,
        "calibratedProbability": 1.1437678
      }, {
        "latitudeE7": 522315302,
        "longitudeE7": 209109562,
        "placeId": "ChIJp74NmSHLHkcREOqjorAziCM",
        "address": "Legendy 10, 01-361 Warszawa, Polska",
        "name": "Top Market. Sklep spożywczy",
        "locationConfidence": 0.52770704,
        "calibratedProbability": 0.32657385
      }],
      "editConfirmationStatus": "NOT_CONFIRMED",
      "locationConfidence": 68,
      "placeVisitType": "SINGLE_PLACE",
      "placeVisitImportance": "MAIN"
    }
  }, {
    "activitySegment": {
      "startLocation": {
        "latitudeE7": 522298072,
        "longitudeE7": 209110621,
        "sourceInfo": {
          "deviceTag": 2038012174
        }
      },
      "endLocation": {
        "latitudeE7": 522215384,
        "longitudeE7": 209167272,
        "sourceInfo": {
          "deviceTag": 2038012174
        }
      },
      "duration": {
        "startTimestamp": "2020-11-28T14:00:58Z",
        "endTimestamp": "2020-11-28T14:04:59.999Z"
      },
      "distance": 384,
      "activityType": "IN_PASSENGER_VEHICLE",
      "confidence": "MEDIUM",
      "activities": [{
        "activityType": "IN_PASSENGER_VEHICLE",
        "probability": 76.41382813453674
      }, {
        "activityType": "STILL",
        "probability": 15.391938388347626
      }, {
        "activityType": "WALKING",
        "probability": 5.060089007019997
      }, {
        "activityType": "CYCLING",
        "probability": 1.781558059155941
      }, {
        "activityType": "MOTORCYCLING",
        "probability": 0.7640887517482042
      }, {
        "activityType": "RUNNING",
        "probability": 0.2738568698987365
      }, {
        "activityType": "IN_BUS",
        "probability": 0.16823547193780541
      }, {
        "activityType": "IN_FERRY",
        "probability": 0.07977440836839378
      }, {
        "activityType": "FLYING",
        "probability": 0.016611075261607766
      }, {
        "activityType": "IN_TRAM",
        "probability": 0.014869935694150627
      }, {
        "activityType": "SAILING",
        "probability": 0.00935832504183054
      }, {
        "activityType": "SKIING",
        "probability": 0.008890087337931618
      }, {
        "activityType": "IN_SUBWAY",
        "probability": 0.0085602565377485
      }, {
        "activityType": "IN_TRAIN",
        "probability": 0.008035146311158314
      }, {
        "activityType": "IN_VEHICLE",
        "probability": 3.035679810636793E-4
      }],
      "waypointPath": {
        "waypoints": [{
          "latE7": 522298088,
          "lngE7": 209110183
        }, {
          "latE7": 522285575,
          "lngE7": 209153537
        }, {
          "latE7": 522215347,
          "lngE7": 209167575
        }],
        "source": "INFERRED",
        "roadSegment": [{
          "placeId": "ChIJTWNxXiHLHkcRl-oyCezwRCM",
          "duration": "14s"
        }, {
          "placeId": "ChIJB3aH_iPLHkcRF1rmOgpRRb4",
          "duration": "4s"
        }, {
          "placeId": "ChIJn87S8yPLHkcRqQrD006np94",
          "duration": "5s"
        }, {
          "placeId": "ChIJmaRnkSPLHkcRfo4id-usV9w",
          "duration": "36s"
        }, {
          "placeId": "ChIJgZQSnyPLHkcR_OE2czq0f2s",
          "duration": "7s"
        }, {
          "placeId": "ChIJgZQSnyPLHkcR3KeoJp6miqs",
          "duration": "4s"
        }, {
          "placeId": "ChIJITFFeyPLHkcRmgNgjudAt1k",
          "duration": "7s"
        }, {
          "placeId": "ChIJUY6LnSTLHkcRHoOzZ6oQ6mc",
          "duration": "7s"
        }, {
          "placeId": "ChIJxfzzmCTLHkcRld7veas1Zvc",
          "duration": "7s"
        }, {
          "placeId": "ChIJp-Y8vCTLHkcRxdi8lbzv4so",
          "duration": "7s"
        }, {
          "placeId": "ChIJo8iQxyTLHkcRLY6RUOGXpR8",
          "duration": "7s"
        }, {
          "placeId": "ChIJpYSzyCTLHkcRxPBW_HgIxeo",
          "duration": "2s"
        }, {
          "placeId": "ChIJK3YaziTLHkcRGCvvR_LiRAU",
          "duration": "8s"
        }, {
          "placeId": "ChIJK3YaziTLHkcRR5ktgNVdmoQ",
          "duration": "2s"
        }, {
          "placeId": "ChIJ_2vG1CTLHkcRocwaI4TkxOs",
          "duration": "11s"
        }, {
          "placeId": "ChIJvUBS0TrLHkcRkTYqS3W3jss",
          "duration": "14s"
        }, {
          "placeId": "ChIJb-qKzzrLHkcR1810KjQikSQ",
          "duration": "1s"
        }, {
          "placeId": "ChIJdXnrnTrLHkcR-LB34O6Rqt8",
          "duration": "2s"
        }, {
          "placeId": "ChIJdXnrnTrLHkcRsuHI9J4N6pE",
          "duration": "1s"
        }, {
          "placeId": "ChIJxUzXdjDLHkcRDWQx94QvulM",
          "duration": "1s"
        }],
        "distanceMeters": 1261.6252420828891,
        "travelMode": "DRIVE",
        "confidence": 0.9996182020534318
      },
      "parkingEvent": {
        "location": {
          "latitudeE7": 522215384,
          "longitudeE7": 209167272,
          "accuracyMetres": 160,
          "sourceInfo": {
            "deviceTag": 2038012174
          }
        },
        "method": "END_OF_ACTIVITY_SEGMENT",
        "locationSource": "NOT_FROM_RAW_LOCATION",
        "timestamp": "2020-11-28T14:04:59.999Z"
      }
    }
  }, {
    "placeVisit": {
      "location": {
        "latitudeE7": 522205080,
        "longitudeE7": 209154465,
        "placeId": "ChIJ62k_QDDLHkcRoBpNRjA5FT4",
        "address": "Połczyńska 30, 01-337 Warszawa, Polska",
        "name": "Circle K",
        "sourceInfo": {
          "deviceTag": 2038012174
        },
        "locationConfidence": 93.287544,
        "calibratedProbability": 79.25897
      },
      "duration": {
        "startTimestamp": "2020-11-28T14:04:59.999Z",
        "endTimestamp": "2020-11-28T14:14:37.999Z"
      },
      "placeConfidence": "MEDIUM_CONFIDENCE",
      "centerLatE7": 522215384,
      "centerLngE7": 209167272,
      "visitConfidence": 92,
      "otherCandidateLocations": [{
        "latitudeE7": 522207295,
        "longitudeE7": 209156726,
        "placeId": "ChIJ4QgMQDDLHkcROT7jwqvgy_8",
        "address": "Połczyńska 28, 01-337 Warszawa, Polska",
        "name": "McDonald\u0027s",
        "locationConfidence": 3.6610727,
        "calibratedProbability": 3.110521
      }, {
        "latitudeE7": 522203286,
        "longitudeE7": 209159279,
        "placeId": "ChIJFZpPcLRXGUcR1_kMyjLNh3s",
        "address": "Połczyńska 30, 01-337 Warszawa, Polska",
        "name": "Skup Samochodów najlepszyskupaut.pl",
        "locationConfidence": 1.2109826,
        "calibratedProbability": 1.0288751
      }, {
        "latitudeE7": 522196922,
        "longitudeE7": 209165001,
        "placeId": "ChIJuyEM9zDLHkcRVafHWW3UPho",
        "address": "Połczyńska 31, 01-377 Warszawa, Polska",
        "locationConfidence": 0.983987,
        "calibratedProbability": 0.8360151
      }, {
        "latitudeE7": 522211056,
        "longitudeE7": 209162182,
        "placeId": "ChIJrcJ4nQrLHkcRiPUQ4UFy73I",
        "address": "Powstańców Śląskich 3, 01-381 Warszawa, Polska",
        "name": "Bonito.pl",
        "locationConfidence": 0.23708549,
        "calibratedProbability": 0.2014326
      }],
      "editConfirmationStatus": "NOT_CONFIRMED",
      "locationConfidence": 79,
      "placeVisitType": "SINGLE_PLACE",
      "placeVisitImportance": "TRANSITIONAL"
    }
  }, {
    "activitySegment": {
      "startLocation": {
        "latitudeE7": 522205061,
        "longitudeE7": 209164267,
        "sourceInfo": {
          "deviceTag": 2038012174
        }
      },
      "endLocation": {
        "latitudeE7": 521923353,
        "longitudeE7": 209503508,
        "sourceInfo": {
          "deviceTag": 2038012174
        }
      },
      "duration": {
        "startTimestamp": "2020-11-28T14:14:37.999Z",
        "endTimestamp": "2020-11-28T14:25:02Z"
      },
      "distance": 4733,
      "activityType": "IN_PASSENGER_VEHICLE",
      "confidence": "HIGH",
      "activities": [{
        "activityType": "IN_PASSENGER_VEHICLE",
        "probability": 95.55650353431702
      }, {
        "activityType": "STILL",
        "probability": 2.0436685532331467
      }, {
        "activityType": "WALKING",
        "probability": 1.413025427609682
      }, {
        "activityType": "MOTORCYCLING",
        "probability": 0.6486568599939346
      }, {
        "activityType": "CYCLING",
        "probability": 0.19535082392394543
      }, {
        "activityType": "RUNNING",
        "probability": 0.05446156719699502
      }, {
        "activityType": "IN_BUS",
        "probability": 0.053426704835146666
      }, {
        "activityType": "IN_FERRY",
        "probability": 0.016810519446153194
      }, {
        "activityType": "FLYING",
        "probability": 0.011525773879839107
      }, {
        "activityType": "SKIING",
        "probability": 0.0035149234463460743
      }, {
        "activityType": "SAILING",
        "probability": 0.001162918852060102
      }, {
        "activityType": "IN_TRAIN",
        "probability": 9.303294064011425E-4
      }, {
        "activityType": "IN_SUBWAY",
        "probability": 5.806838544231141E-4
      }, {
        "activityType": "IN_TRAM",
        "probability": 3.541809064699919E-4
      }, {
        "activityType": "IN_VEHICLE",
        "probability": 2.1874153333101276E-5
      }],
      "waypointPath": {
        "waypoints": [{
          "latE7": 522205047,
          "lngE7": 209164180
        }, {
          "latE7": 521949119,
          "lngE7": 209335174
        }, {
          "latE7": 521923561,
          "lngE7": 209502563
        }],
        "source": "INFERRED",
        "roadSegment": [{
          "placeId": "ChIJP6yOZzDLHkcRY18ukJPzAZQ",
          "duration": "9s"
        }, {
          "placeId": "ChIJnxzrWzDLHkcRo6N_AG5I_UA",
          "duration": "3s"
        }, {
          "placeId": "ChIJiQwAWjDLHkcRde52_gDB17E",
          "duration": "5s"
        }, {
          "placeId": "ChIJf0wrVzDLHkcR061Yt4f6f14",
          "duration": "2s"
        }, {
          "placeId": "ChIJs5UWVDDLHkcRZSIzHTWJDHQ",
          "duration": "6s"
        }, {
          "placeId": "ChIJk6YgqzHLHkcR7eDyaHGiNH8",
          "duration": "5s"
        }, {
          "placeId": "ChIJjYTCqTHLHkcRUfD-upuRXEA",
          "duration": "3s"
        }, {
          "placeId": "ChIJy_TNdDHLHkcRKlQQVYZLGMk",
          "duration": "16s"
        }, {
          "placeId": "ChIJq4GO1zPLHkcRbOYGHQAYntY",
          "duration": "13s"
        }, {
          "placeId": "ChIJ_1QmxDPLHkcR6S8EYq5jJE0",
          "duration": "3s"
        }, {
          "placeId": "ChIJG6pPxzPLHkcROS5NbwmOcNI",
          "duration": "1s"
        }, {
          "placeId": "ChIJBw4yvzPLHkcRKtgkXxhqits",
          "duration": "1s"
        }, {
          "placeId": "ChIJnSxBvDPLHkcRGVHmS96c0Lw",
          "duration": "3s"
        }, {
          "placeId": "ChIJIRZrbDPLHkcRp6YZ9g_VpPE",
          "duration": "1s"
        }, {
          "placeId": "ChIJASV8aTPLHkcRwyf9laMFwrc",
          "duration": "2s"
        }, {
          "placeId": "ChIJIb1OQjPLHkcRTBXEnX3jJP8",
          "duration": "4s"
        }, {
          "placeId": "ChIJbW2HRDPLHkcR436AnDNF89k",
          "duration": "0s"
        }, {
          "placeId": "ChIJA0HDTzPLHkcRc4UN46Z0ucQ",
          "duration": "8s"
        }, {
          "placeId": "ChIJR2iKUjPLHkcRWW52jvbWzSc",
          "duration": "0s"
        }, {
          "placeId": "ChIJX06Xpsw0GUcRx9u-wEqAHeE",
          "duration": "1s"
        }, {
          "placeId": "ChIJN9zbY8s0GUcRPS0Lss3B23U",
          "duration": "5s"
        }, {
          "placeId": "ChIJTcm_ZMs0GUcRuRZfDgyW8kI",
          "duration": "1s"
        }, {
          "placeId": "ChIJQ9zOZMs0GUcRdwl-U98SFfc",
          "duration": "2s"
        }, {
          "placeId": "ChIJNSG1dss0GUcR_FgBry6TeT8",
          "duration": "14s"
        }, {
          "placeId": "ChIJV_r-rss0GUcRXRAYAxYjKFU",
          "duration": "3s"
        }, {
          "placeId": "ChIJEXhnrss0GUcRYWkmC21-JdE",
          "duration": "9s"
        }, {
          "placeId": "ChIJPStxTMo0GUcRJ40Wh3o9rtY",
          "duration": "2s"
        }, {
          "placeId": "ChIJ8_qmSco0GUcRGAjPeFKUzbA",
          "duration": "3s"
        }, {
          "placeId": "ChIJ5a2GOco0GUcR9B48l1bnGqQ",
          "duration": "2s"
        }, {
          "placeId": "ChIJq8DgI8o0GUcRapJ8owhNJ_E",
          "duration": "2s"
        }, {
          "placeId": "ChIJ5ztGIco0GUcRlSc7Usvl3YI",
          "duration": "1s"
        }, {
          "placeId": "ChIJT-alIMo0GUcR_Pve5C_pFbY",
          "duration": "0s"
        }, {
          "placeId": "ChIJ59xxjMk0GUcRAkaGEzYOnNA",
          "duration": "6s"
        }, {
          "placeId": "ChIJjbQgk8k0GUcRJRLTDTwnZWM",
          "duration": "5s"
        }, {
          "placeId": "ChIJbeDO6sk0GUcRliLaHa1iRI4",
          "duration": "2s"
        }, {
          "placeId": "ChIJ45T8wMk0GUcRmEepV8kl3KQ",
          "duration": "4s"
        }, {
          "placeId": "ChIJ9-xkJMg0GUcRs-Njg2XtXuA",
          "duration": "0s"
        }, {
          "placeId": "ChIJR3M4HMg0GUcR2XSC01jdyg0",
          "duration": "10s"
        }, {
          "placeId": "ChIJibpvAsg0GUcRtBNdUg--nnQ",
          "duration": "1s"
        }, {
          "placeId": "ChIJC_kB_rc0GUcRtlwgrDQ1u-E",
          "duration": "2s"
        }, {
          "placeId": "ChIJ8Z6N_8c0GUcRR2xN68Y6CCU",
          "duration": "1s"
        }, {
          "placeId": "ChIJwcFv_8c0GUcRvbqEKhFgcnQ",
          "duration": "1s"
        }, {
          "placeId": "ChIJ22SlALg0GUcRVzGqQ8sNveg",
          "duration": "0s"
        }, {
          "placeId": "ChIJMy7IALg0GUcRu2af8TLFXOI",
          "duration": "0s"
        }, {
          "placeId": "ChIJoYHQALg0GUcR5QC1WKErmTk",
          "duration": "1s"
        }, {
          "placeId": "ChIJlYXkA7g0GUcR7VWZYNDWua4",
          "duration": "3s"
        }, {
          "placeId": "ChIJ5QV7A7g0GUcRBdxKo6Ytm-Q",
          "duration": "2s"
        }, {
          "placeId": "ChIJKTOgHLg0GUcR-wHrmz3NxqI",
          "duration": "3s"
        }, {
          "placeId": "ChIJv7ApGbg0GUcRDLHiku5Wto8",
          "duration": "5s"
        }, {
          "placeId": "ChIJW7AKJLg0GUcRAMbz-W31eYk",
          "duration": "6s"
        }, {
          "placeId": "ChIJAzqBLrg0GUcRIifZ5c4qz7Q",
          "duration": "7s"
        }, {
          "placeId": "ChIJI2eqwrk0GUcRovz3RzvyOhc",
          "duration": "5s"
        }, {
          "placeId": "ChIJB5Dka7o0GUcRTR7O23Dg-Ag",
          "duration": "2s"
        }, {
          "placeId": "ChIJ98IXabo0GUcROAWwH1J7aJY",
          "duration": "1s"
        }, {
          "placeId": "ChIJ3x_nZ7o0GUcR8_q2h8hHsxE",
          "duration": "1s"
        }, {
          "placeId": "ChIJj1-KZ7o0GUcRJtdgdmYStz8",
          "duration": "1s"
        }, {
          "placeId": "ChIJdX9-Z7o0GUcRNEYE4XeOgRE",
          "duration": "3s"
        }, {
          "placeId": "ChIJ27EX7Lo0GUcRMHH3i51mCtc",
          "duration": "1s"
        }, {
          "placeId": "ChIJX3ck6ro0GUcRWLQtQGlTj3g",
          "duration": "7s"
        }, {
          "placeId": "ChIJCTAgxLo0GUcRwEnzdB-MlqA",
          "duration": "10s"
        }, {
          "placeId": "ChIJ08RQz7o0GUcRT0cRFeXJjmw",
          "duration": "7s"
        }, {
          "placeId": "ChIJx6uVy7o0GUcR2DNRydloJVo",
          "duration": "9s"
        }, {
          "placeId": "ChIJEWNUFKU0GUcRJUZGqxX1Hnk",
          "duration": "1s"
        }, {
          "placeId": "ChIJcRx_DaU0GUcRta_fN2m-ax4",
          "duration": "5s"
        }, {
          "placeId": "ChIJp9_wCqU0GUcRrf_JSlVm_JI",
          "duration": "1s"
        }, {
          "placeId": "ChIJB95noKU0GUcRw1HQoper-cA",
          "duration": "0s"
        }, {
          "placeId": "ChIJi6GaoaU0GUcRDxOhHHRgalE",
          "duration": "1s"
        }, {
          "placeId": "ChIJd8LLvaU0GUcRpJ5M1zrvRTU",
          "duration": "5s"
        }, {
          "placeId": "ChIJZ_ovw6U0GUcRFmX00cKQJh0",
          "duration": "5s"
        }, {
          "placeId": "ChIJsYsS36U0GUcRsZUpq6ZHpgA",
          "duration": "0s"
        }, {
          "placeId": "ChIJnwCQdaY0GUcRi4S7NzDY3tw",
          "duration": "0s"
        }, {
          "placeId": "ChIJbe6tdaY0GUcRqXihVDMvfjM",
          "duration": "0s"
        }, {
          "placeId": "ChIJEXKEbaY0GUcRL-akEssKjG4",
          "duration": "5s"
        }, {
          "placeId": "ChIJX1DUQaY0GUcRRYWe56eiEDI",
          "duration": "2s"
        }, {
          "placeId": "ChIJQ4eeSaY0GUcR05a8R2SXWyw",
          "duration": "6s"
        }, {
          "placeId": "ChIJp5m3tKc0GUcRb7ZYmYgP3wE",
          "duration": "4s"
        }, {
          "placeId": "ChIJPTVvcaY0GUcR7H8lcC1Tejo",
          "duration": "8s"
        }, {
          "placeId": "ChIJHVTndKY0GUcRb-eR9ktGvKQ",
          "duration": "2s"
        }, {
          "placeId": "ChIJUTE8C6Y0GUcR4b4681gtXq4",
          "duration": "2s"
        }, {
          "placeId": "ChIJyV6qFaY0GUcRzjL5T-sb5mo",
          "duration": "27s"
        }, {
          "placeId": "ChIJ_yO2NaY0GUcReI43Zn1m0y8",
          "duration": "10s"
        }, {
          "placeId": "ChIJPbJyyKc0GUcRtg0jhT-KeLA",
          "duration": "16s"
        }, {
          "placeId": "ChIJRxW-6qc0GUcRpdoHPH6VHkw",
          "duration": "5s"
        }, {
          "placeId": "ChIJe0ki86c0GUcR9Yv1e52Ldjc",
          "duration": "15s"
        }, {
          "placeId": "ChIJLTEjDVgzGUcROZWGc20c-uo",
          "duration": "9s"
        }, {
          "placeId": "ChIJ53rDFFgzGUcRIZuanGBt4bc",
          "duration": "3s"
        }, {
          "placeId": "ChIJLS2IylkzGUcR9dqJJnVNzc8",
          "duration": "2s"
        }, {
          "placeId": "ChIJdRI7yFkzGUcRcNEWuh7AMss",
          "duration": "9s"
        }, {
          "placeId": "ChIJkbbGwFkzGUcR6SYHXYiwNXc",
          "duration": "9s"
        }, {
          "placeId": "ChIJWZJg6lkzGUcRxxPn5ltINEU",
          "duration": "9s"
        }, {
          "placeId": "ChIJL8Wd61kzGUcR98yMr_U9PcQ",
          "duration": "3s"
        }, {
          "placeId": "ChIJYz987FkzGUcRfEqDG4Rmo4U",
          "duration": "5s"
        }, {
          "placeId": "ChIJCTCi7lkzGUcR-C0bqrPWECA",
          "duration": "1s"
        }, {
          "placeId": "ChIJCTCi7lkzGUcRvTicKF7tOoI",
          "duration": "3s"
        }],
        "distanceMeters": 5685.715179624694,
        "travelMode": "DRIVE",
        "confidence": 0.9999960838475858
      },
      "parkingEvent": {
        "location": {
          "latitudeE7": 521923353,
          "longitudeE7": 209503508,
          "accuracyMetres": 160,
          "sourceInfo": {
            "deviceTag": 2038012174
          }
        },
        "method": "END_OF_ACTIVITY_SEGMENT",
        "locationSource": "NOT_FROM_RAW_LOCATION",
        "timestamp": "2020-11-28T14:25:02Z"
      }
    }
  }, {
    "activitySegment": {
      "startLocation": {
        "latitudeE7": 521919482,
        "longitudeE7": 209490526,
        "sourceInfo": {
          "deviceTag": 2038012174
        }
      },
      "endLocation": {
        "latitudeE7": 522250198,
        "longitudeE7": 209166453,
        "sourceInfo": {
          "deviceTag": 2038012174
        }
      },
      "duration": {
        "startTimestamp": "2020-11-28T15:45:55Z",
        "endTimestamp": "2020-11-28T15:57:49.999Z"
      },
      "distance": 4984,
      "activityType": "IN_PASSENGER_VEHICLE",
      "confidence": "HIGH",
      "activities": [{
        "activityType": "IN_PASSENGER_VEHICLE",
        "probability": 93.44654083251953
      }, {
        "activityType": "STILL",
        "probability": 4.825583845376968
      }, {
        "activityType": "WALKING",
        "probability": 1.0037259198725224
      }, {
        "activityType": "MOTORCYCLING",
        "probability": 0.37801354192197323
      }, {
        "activityType": "CYCLING",
        "probability": 0.1371361082419753
      }, {
        "activityType": "IN_BUS",
        "probability": 0.11263242922723293
      }, {
        "activityType": "RUNNING",
        "probability": 0.04743231984321028
      }, {
        "activityType": "IN_FERRY",
        "probability": 0.02046242298092693
      }, {
        "activityType": "FLYING",
        "probability": 0.01777706347638741
      }, {
        "activityType": "SKIING",
        "probability": 0.003170789568684995
      }, {
        "activityType": "IN_TRAIN",
        "probability": 0.0031124007364269346
      }, {
        "activityType": "IN_SUBWAY",
        "probability": 0.001859022449934855
      }, {
        "activityType": "IN_TRAM",
        "probability": 0.0012307565157243516
      }, {
        "activityType": "SAILING",
        "probability": 0.001205368789669592
      }, {
        "activityType": "IN_VEHICLE",
        "probability": 1.11277563519252E-4
      }],
      "waypointPath": {
        "waypoints": [{
          "latE7": 521919746,
          "lngE7": 209490661
        }, {
          "latE7": 522087593,
          "lngE7": 209141216
        }, {
          "latE7": 522250213,
          "lngE7": 209166336
        }],
        "source": "INFERRED",
        "roadSegment": [{
          "placeId": "ChIJ6zA3vlkzGUcRZtwqYR5AT8w",
          "duration": "3s"
        }, {
          "placeId": "ChIJx76xjVkzGUcRweN-tGu8PGU",
          "duration": "8s"
        }, {
          "placeId": "ChIJ6R1vIVozGUcRbR-El-kF05c",
          "duration": "4s"
        }, {
          "placeId": "ChIJdSZBPFozGUcRs7AQFeMmXAw",
          "duration": "3s"
        }, {
          "placeId": "ChIJTeTqQFozGUcRf2b-bsK6GZs",
          "duration": "2s"
        }, {
          "placeId": "ChIJMa-4XlozGUcRKuaE0KnbkRQ",
          "duration": "2s"
        }, {
          "placeId": "ChIJHfDn9VozGUcRrA28Sq1OVhc",
          "duration": "3s"
        }, {
          "placeId": "ChIJRfzj7VozGUcRkumJJgPX9-I",
          "duration": "10s"
        }, {
          "placeId": "ChIJFTgExFozGUcRLqR_KyQDSk0",
          "duration": "23s"
        }, {
          "placeId": "ChIJc3q-zlozGUcRzyoatzbknrw",
          "duration": "3s"
        }, {
          "placeId": "ChIJ25AhzFozGUcRnV8LcuvAuBk",
          "duration": "1s"
        }, {
          "placeId": "ChIJZZ36zFozGUcRfcCxLZOXaeA",
          "duration": "4s"
        }, {
          "placeId": "ChIJmQlly1ozGUcRU8NgDvhrL0o",
          "duration": "7s"
        }, {
          "placeId": "ChIJiR1FylozGUcRMfAsjQC7_Y0",
          "duration": "3s"
        }, {
          "placeId": "ChIJB8sjylozGUcRN4d98fYGhUc",
          "duration": "1s"
        }, {
          "placeId": "ChIJsS7tyVozGUcRd0Vmnaf9B4Q",
          "duration": "3s"
        }, {
          "placeId": "ChIJPaGMwFozGUcRPgGdgiJTP3c",
          "duration": "1s"
        }, {
          "placeId": "ChIJ9xxqwFozGUcRungSOG_EyEQ",
          "duration": "1s"
        }, {
          "placeId": "ChIJJdah6lozGUcRuhnTZpStcl0",
          "duration": "1s"
        }, {
          "placeId": "ChIJ4VQe7VozGUcR04l3cz0wz-I",
          "duration": "13s"
        }, {
          "placeId": "ChIJ6bIT9VozGUcRCfLY6K7igYA",
          "duration": "5s"
        }, {
          "placeId": "ChIJl5qJXlozGUcRflDeH10PcqY",
          "duration": "1s"
        }, {
          "placeId": "ChIJqfUCXVozGUcR-c6jrrtyifs",
          "duration": "3s"
        }, {
          "placeId": "ChIJqUF-QVozGUcRGV5iPdOaGWc",
          "duration": "2s"
        }, {
          "placeId": "ChIJ48jtklkzGUcR1ujzqzVk5sQ",
          "duration": "3s"
        }, {
          "placeId": "ChIJx-SUt1kzGUcRsTsWwShNFr8",
          "duration": "2s"
        }, {
          "placeId": "ChIJnQ9BQFgzGUcRd820v94Y2bQ",
          "duration": "2s"
        }, {
          "placeId": "ChIJO-eYalgzGUcRj3GMb-14iX8",
          "duration": "0s"
        }, {
          "placeId": "ChIJLcU_jac0GUcRLoqMbZ8KZpI",
          "duration": "5s"
        }, {
          "placeId": "ChIJV6C9SqY0GUcR5EkHLEUzHmc",
          "duration": "5s"
        }, {
          "placeId": "ChIJzToQSKY0GUcRWqVlc3a5URQ",
          "duration": "1s"
        }, {
          "placeId": "ChIJRw4eQKY0GUcRCkIDpN-W5I0",
          "duration": "3s"
        }, {
          "placeId": "ChIJuUldbaY0GUcRYDJa_1TOeV4",
          "duration": "5s"
        }, {
          "placeId": "ChIJiVDmdKY0GUcRFo6J642ZYr4",
          "duration": "0s"
        }, {
          "placeId": "ChIJhUhrdaY0GUcR4ACc6VVRewo",
          "duration": "0s"
        }, {
          "placeId": "ChIJiZ2T36U0GUcR5XQVNSVehYU",
          "duration": "0s"
        }, {
          "placeId": "ChIJfRnJwqU0GUcROvn8cfCI0nY",
          "duration": "6s"
        }, {
          "placeId": "ChIJAbAIvqU0GUcRlHETp2yEZ0A",
          "duration": "4s"
        }, {
          "placeId": "ChIJhSOomKU0GUcRTOUJW9AMrMI",
          "duration": "2s"
        }, {
          "placeId": "ChIJBaDIdKU0GUcRoaJWCmafdLM",
          "duration": "4s"
        }, {
          "placeId": "ChIJO2EebaU0GUcRneCsPPsQZlA",
          "duration": "4s"
        }, {
          "placeId": "ChIJF8L9aqU0GUcRDQpi2IyXxG0",
          "duration": "2s"
        }, {
          "placeId": "ChIJF7tOQKU0GUcRbOHlmvinq8A",
          "duration": "3s"
        }, {
          "placeId": "ChIJ52oFR6U0GUcR6MFjgXBOT4E",
          "duration": "4s"
        }, {
          "placeId": "ChIJK8UkSqU0GUcR867NAIa4Nmw",
          "duration": "5s"
        }, {
          "placeId": "ChIJAXtKtbo0GUcRBRQNGOUYQqA",
          "duration": "6s"
        }, {
          "placeId": "ChIJH8ys7bo0GUcRYgEsKrpsk1I",
          "duration": "0s"
        }, {
          "placeId": "ChIJCaTw8ro0GUcRfTOcH0_pvjM",
          "duration": "5s"
        }, {
          "placeId": "ChIJm9Tc9Lo0GUcRl9mbEb5lIfw",
          "duration": "2s"
        }, {
          "placeId": "ChIJXwCGYLo0GUcRb1pW8pQuVMA",
          "duration": "0s"
        }, {
          "placeId": "ChIJlQS4YLo0GUcR5RkZBxPcbLY",
          "duration": "2s"
        }, {
          "placeId": "ChIJCWYZZ7o0GUcR6ARJ7hpFgSw",
          "duration": "1s"
        }, {
          "placeId": "ChIJd-JVZro0GUcRwO-H-KtsvUE",
          "duration": "1s"
        }, {
          "placeId": "ChIJxRhJZro0GUcRjuRiWXtbJUY",
          "duration": "1s"
        }, {
          "placeId": "ChIJ1VORaLo0GUcRdyemn0x9YmA",
          "duration": "2s"
        }, {
          "placeId": "ChIJ19giabo0GUcRu_M3cb3H0Hw",
          "duration": "1s"
        }, {
          "placeId": "ChIJB5Dka7o0GUcRTB7O23Dg-Ag",
          "duration": "2s"
        }, {
          "placeId": "ChIJI2eqwrk0GUcRo_z3RzvyOhc",
          "duration": "5s"
        }, {
          "placeId": "ChIJAzqBLrg0GUcRIyfZ5c4qz7Q",
          "duration": "7s"
        }, {
          "placeId": "ChIJW7AKJLg0GUcRAcbz-W31eYk",
          "duration": "7s"
        }, {
          "placeId": "ChIJv7ApGbg0GUcRDbHiku5Wto8",
          "duration": "5s"
        }, {
          "placeId": "ChIJKTOgHLg0GUcR-gHrmz3NxqI",
          "duration": "4s"
        }, {
          "placeId": "ChIJ5QV7A7g0GUcRYJll95R9OpE",
          "duration": "3s"
        }, {
          "placeId": "ChIJlYXkA7g0GUcRvBNfGlUQ27Q",
          "duration": "3s"
        }, {
          "placeId": "ChIJmaCtAbg0GUcRL7L0F7e8nNw",
          "duration": "2s"
        }, {
          "placeId": "ChIJC-2V_7c0GUcRmpO_mdRSMAk",
          "duration": "1s"
        }, {
          "placeId": "ChIJC-2V_7c0GUcRKmfProIiv50",
          "duration": "3s"
        }, {
          "placeId": "ChIJC_kB_rc0GUcRj94-lrFiobk",
          "duration": "2s"
        }, {
          "placeId": "ChIJibpvAsg0GUcRtRNdUg--nnQ",
          "duration": "1s"
        }, {
          "placeId": "ChIJR3M4HMg0GUcR2HSC01jdyg0",
          "duration": "10s"
        }, {
          "placeId": "ChIJ9-xkJMg0GUcRsuNjg2XtXuA",
          "duration": "0s"
        }, {
          "placeId": "ChIJ45T8wMk0GUcRmUepV8kl3KQ",
          "duration": "3s"
        }, {
          "placeId": "ChIJbeDO6sk0GUcRlyLaHa1iRI4",
          "duration": "2s"
        }, {
          "placeId": "ChIJjbQgk8k0GUcRJBLTDTwnZWM",
          "duration": "5s"
        }, {
          "placeId": "ChIJ-2neIco0GUcRtxa0nC_beCc",
          "duration": "0s"
        }, {
          "placeId": "ChIJT_XxIso0GUcRX4PIsw7QTqE",
          "duration": "8s"
        }, {
          "placeId": "ChIJibJDOco0GUcRk3EAL4csPOY",
          "duration": "2s"
        }, {
          "placeId": "ChIJSzk-Sco0GUcRhY6serpSPyY",
          "duration": "3s"
        }, {
          "placeId": "ChIJEeb-TMo0GUcR9lwR_5-MzSY",
          "duration": "12s"
        }, {
          "placeId": "ChIJU78gr8s0GUcRJJDbA7g6Hx8",
          "duration": "3s"
        }, {
          "placeId": "ChIJMSxrccs0GUcRwHGVHvRA0PI",
          "duration": "14s"
        }, {
          "placeId": "ChIJe8kvZcs0GUcRLW0Zhq8aKIw",
          "duration": "2s"
        }, {
          "placeId": "ChIJL2fuZMs0GUcRN_usev4G3gY",
          "duration": "1s"
        }, {
          "placeId": "ChIJIRaVZMs0GUcRf3d19dXJ1Jc",
          "duration": "1s"
        }, {
          "placeId": "ChIJN9zbY8s0GUcRPC0Lss3B23U",
          "duration": "4s"
        }, {
          "placeId": "ChIJX06Xpsw0GUcRxtu-wEqAHeE",
          "duration": "1s"
        }, {
          "placeId": "ChIJR2iKUjPLHkcRWG52jvbWzSc",
          "duration": "0s"
        }, {
          "placeId": "ChIJA0HDTzPLHkcRcoUN46Z0ucQ",
          "duration": "8s"
        }, {
          "placeId": "ChIJbW2HRDPLHkcR4n6AnDNF89k",
          "duration": "0s"
        }, {
          "placeId": "ChIJIb1OQjPLHkcRTRXEnX3jJP8",
          "duration": "4s"
        }, {
          "placeId": "ChIJASV8aTPLHkcRwif9laMFwrc",
          "duration": "2s"
        }, {
          "placeId": "ChIJIRZrbDPLHkcRpqYZ9g_VpPE",
          "duration": "1s"
        }, {
          "placeId": "ChIJnSxBvDPLHkcRGFHmS96c0Lw",
          "duration": "3s"
        }, {
          "placeId": "ChIJBw4yvzPLHkcRK9gkXxhqits",
          "duration": "1s"
        }, {
          "placeId": "ChIJG6pPxzPLHkcROC5NbwmOcNI",
          "duration": "1s"
        }, {
          "placeId": "ChIJ_1QmxDPLHkcR6C8EYq5jJE0",
          "duration": "3s"
        }, {
          "placeId": "ChIJq4GO1zPLHkcRbeYGHQAYntY",
          "duration": "12s"
        }, {
          "placeId": "ChIJy_TNdDHLHkcRK1QQVYZLGMk",
          "duration": "17s"
        }, {
          "placeId": "ChIJEeJMVTDLHkcR4gFMsyRCW1s",
          "duration": "4s"
        }, {
          "placeId": "ChIJecyqVzDLHkcRUapD8zIy0fw",
          "duration": "5s"
        }, {
          "placeId": "ChIJm5ywXjDLHkcRqJAuYIyUZOY",
          "duration": "5s"
        }, {
          "placeId": "ChIJwen4XTDLHkcRp6yxqpvy-cM",
          "duration": "11s"
        }, {
          "placeId": "ChIJAdySZjDLHkcRXC5sMYiHAfU",
          "duration": "7s"
        }, {
          "placeId": "ChIJa9BKZDDLHkcR9GEW90JhRw4",
          "duration": "7s"
        }, {
          "placeId": "ChIJq-xgdzDLHkcRCYxlavtmBvA",
          "duration": "10s"
        }, {
          "placeId": "ChIJGwjV2jrLHkcRWUbOXrS5Afk",
          "duration": "1s"
        }, {
          "placeId": "ChIJdTqI2jrLHkcR6XEKMJMRx1s",
          "duration": "2s"
        }, {
          "placeId": "ChIJgTsZ1zrLHkcRTHSMoqqQ7Vg",
          "duration": "5s"
        }, {
          "placeId": "ChIJYSqgKzvLHkcRbAv2G4G_WWc",
          "duration": "9s"
        }],
        "distanceMeters": 6845.736501232195,
        "travelMode": "DRIVE",
        "confidence": 0.0
      },
      "parkingEvent": {
        "location": {
          "latitudeE7": 522250198,
          "longitudeE7": 209166453,
          "accuracyMetres": 160,
          "sourceInfo": {
            "deviceTag": 2038012174
          }
        },
        "method": "END_OF_ACTIVITY_SEGMENT",
        "locationSource": "NOT_FROM_RAW_LOCATION",
        "timestamp": "2020-11-28T15:57:49.999Z"
      }
    }
  }]
}