{
  "timelineObjects": [{
    "activitySegment": {
      "startLocation": {
        "latitudeE7": 514085207,
        "longitudeE7": 196533953,
        "sourceInfo": {
          "deviceTag": 2038012174
        }
      },
      "endLocation": {
        "latitudeE7": 514287925,
        "longitudeE7": 196795414,
        "sourceInfo": {
          "deviceTag": 2038012174
        }
      },
      "duration": {
        "startTimestamp": "2020-05-15T10:16:38Z",
        "endTimestamp": "2020-05-15T10:26:36.999Z"
      },
      "distance": 337,
      "activityType": "IN_PASSENGER_VEHICLE",
      "confidence": "LOW",
      "activities": [{
        "activityType": "IN_PASSENGER_VEHICLE",
        "probability": 52.33805179595947
      }, {
        "activityType": "CYCLING",
        "probability": 23.66759181022644
      }, {
        "activityType": "STILL",
        "probability": 9.99264195561409
      }, {
        "activityType": "WALKING",
        "probability": 5.603944510221481
      }, {
        "activityType": "MOTORCYCLING",
        "probability": 3.616189956665039
      }, {
        "activityType": "RUNNING",
        "probability": 2.3421306163072586
      }, {
        "activityType": "SKIING",
        "probability": 1.0037140920758247
      }, {
        "activityType": "IN_FERRY",
        "probability": 0.6403330713510513
      }, {
        "activityType": "IN_BUS",
        "probability": 0.6123119965195656
      }, {
        "activityType": "SAILING",
        "probability": 0.0874217483215034
      }, {
        "activityType": "FLYING",
        "probability": 0.04548386496026069
      }, {
        "activityType": "IN_TRAM",
        "probability": 0.036084704333916306
      }, {
        "activityType": "IN_TRAIN",
        "probability": 0.008972819341579452
      }, {
        "activityType": "IN_SUBWAY",
        "probability": 0.004902738146483898
      }, {
        "activityType": "IN_VEHICLE",
        "probability": 2.2477634047390893E-4
      }],
      "waypointPath": {
        "waypoints": [{
          "latE7": 514085197,
          "lngE7": 196534214
        }, {
          "latE7": 514063720,
          "lngE7": 196565361
        }, {
          "latE7": 514065132,
          "lngE7": 196565265
        }, {
          "latE7": 514223861,
          "lngE7": 196747627
        }, {
          "latE7": 514287834,
          "lngE7": 196795043
        }],
        "source": "INFERRED",
        "roadSegment": [{
          "placeId": "ChIJoxORcXEgGkcRst3uKhGCOPo"
        }, {
          "placeId": "ChIJR9W2YHEgGkcRgTX3UnloR_g"
        }, {
          "placeId": "ChIJj52tUXEgGkcRv_qLb0-VfkI"
        }, {
          "placeId": "ChIJJwaQqnYgGkcR55EcWaIxKCA"
        }, {
          "placeId": "ChIJ5bQABnQgGkcRQ4-V421nTls"
        }, {
          "placeId": "ChIJq0_ADnQgGkcRdATx3DmSasQ"
        }, {
          "placeId": "ChIJ0zUlDHQgGkcRnEbF6Q0LcPk"
        }, {
          "placeId": "ChIJiw6vDXQgGkcRlSUEcfPc3KA"
        }, {
          "placeId": "ChIJ9U3ccnQgGkcRWAT-mGuo8Zo"
        }, {
          "placeId": "ChIJnSEBbHQgGkcRXAYhJzZWuq0"
        }, {
          "placeId": "ChIJbcGSa3QgGkcRFAkZNj5LvBc"
        }, {
          "placeId": "ChIJ8Q_yFHQgGkcRwF986p-djXk"
        }, {
          "placeId": "ChIJDahREXQgGkcRtQ9ldBAZUqo"
        }, {
          "placeId": "ChIJn_-KEHQgGkcRK3HTDLsXn6w"
        }, {
          "placeId": "ChIJQdl1AnQgGkcRk9A_ornDSDg"
        }, {
          "placeId": "ChIJQZ2gsnYgGkcRfQ5YRj3ERzQ"
        }, {
          "placeId": "ChIJQ2hrMXEgGkcRF49Gyrq0LJs"
        }, {
          "placeId": "ChIJzR4d2XAgGkcR07avDf3PI2w"
        }, {
          "placeId": "ChIJs6Zq2XAgGkcRGWPSPqjSF0g"
        }, {
          "placeId": "ChIJGSbj23AgGkcR4YkBg_SoiqY"
        }, {
          "placeId": "ChIJ97aL23AgGkcRhYQX-GFxI9w"
        }, {
          "placeId": "ChIJPxUSwHAgGkcRQ-JG6bGLN1s"
        }, {
          "placeId": "ChIJmRzcn3AgGkcRHhth3EhGzC0"
        }, {
          "placeId": "ChIJ56hZqXsgGkcRC8aRri2JgkQ"
        }, {
          "placeId": "ChIJNw4-qXsgGkcRXdZbtKS3WPs"
        }, {
          "placeId": "ChIJB6qap3sgGkcRtw1IOwDCz30"
        }, {
          "placeId": "ChIJ9c7thHwgGkcRqDkI5ZAXPL0"
        }, {
          "placeId": "ChIJ8XxC6HwgGkcRjNLqfie7LJ8"
        }, {
          "placeId": "ChIJu5vb33wgGkcRcIphRx3sqi0"
        }, {
          "placeId": "ChIJeTIw43wgGkcRCNlWgb_gcuU"
        }, {
          "placeId": "ChIJYTG9VnwgGkcRk2i-1ItE7ZU"
        }, {
          "placeId": "ChIJdfHjTnwgGkcRP4pF4WjAm1I"
        }, {
          "placeId": "ChIJyYhjnX4gGkcRROzC9WZR7H8"
        }, {
          "placeId": "ChIJU6lG6X4gGkcRYmCZ4V7_4-0"
        }, {
          "placeId": "ChIJhxxQ5n4gGkcRnHyaiOSd8Ck"
        }, {
          "placeId": "ChIJgzO9H38gGkcRXk925edFN08"
        }, {
          "placeId": "ChIJK7yaP38gGkcRd6_PO2N9ol8"
        }, {
          "placeId": "ChIJy4I1Q38gGkcRLzm81SL4Dlg"
        }, {
          "placeId": "ChIJ5X8gXX8gGkcR6_A-9pwGXL4"
        }, {
          "placeId": "ChIJRyRYXX8gGkcRDfGM4e4E1XM"
        }, {
          "placeId": "ChIJ44OBcH8gGkcR5cgIEtpdld8"
        }, {
          "placeId": "ChIJj55hkn8gGkcRoFUwLGoK9hY"
        }, {
          "placeId": "ChIJV8rs5H8gGkcRUc7Qsyb0RjI"
        }, {
          "placeId": "ChIJawPPCIAgGkcR5onQxg7eKAA"
        }, {
          "placeId": "ChIJK0qfGYAgGkcRgjqNpcaeSaM"
        }, {
          "placeId": "ChIJR-3JIYAgGkcR7Wk71EzeVPs"
        }, {
          "placeId": "ChIJOTbmIIAgGkcRvtQv2TXyoN0"
        }, {
          "placeId": "ChIJeXH2hX-KGUcRLbkKrck8kHM"
        }, {
          "placeId": "ChIJN-X8Cn-KGUcRj2yJImZMoHc"
        }, {
          "placeId": "ChIJycIMHn-KGUcRIqikWoVP-fE"
        }, {
          "placeId": "ChIJiUlx3n6KGUcRkif099Stv-0"
        }, {
          "placeId": "ChIJsVv22n6KGUcRH_Mz4hmnCAc"
        }, {
          "placeId": "ChIJaS3uz36KGUcRyLDC3mlY3IE"
        }, {
          "placeId": "ChIJv_Dez36KGUcRk9eCcdxXOLs"
        }, {
          "placeId": "ChIJCeIp0H6KGUcRXzOSCtbbaqg"
        }, {
          "placeId": "ChIJrczD036KGUcRGlRREa0kyaI"
        }, {
          "placeId": "ChIJFQSnxHiKGUcRxMPY4QnZz28"
        }, {
          "placeId": "ChIJX7DJh3iKGUcRe2bS_H9k0Jk"
        }, {
          "placeId": "ChIJzz-jgoIgGkcRyYfhwxDVk5g"
        }],
        "distanceMeters": 4781.442036566766,
        "travelMode": "DRIVE",
        "confidence": 0.9995406439559588
      },
      "simplifiedRawPath": {
        "points": [{
          "latE7": 514064140,
          "lngE7": 196565704,
          "accuracyMeters": 5,
          "timestamp": "2020-05-15T10:18:59.999Z"
        }]
      },
      "parkingEvent": {
        "location": {
          "latitudeE7": 514291714,
          "longitudeE7": 196795724,
          "accuracyMetres": 20
        },
        "method": "PERSONAL_VEHICLE_CONFIDENCE",
        "locationSource": "UNKNOWN",
        "timestamp": "2020-05-15T10:32:18.892Z"
      }
    }
  }, {
    "placeVisit": {
      "location": {
        "latitudeE7": 514291292,
        "longitudeE7": 196792219,
        "placeId": "ChIJ-eQ8moIgGkcR5E69gNsh6es",
        "address": "Wąska 32, 97-300 Piotrków Trybunalski, Polska",
        "semanticType": "TYPE_SEARCHED_ADDRESS",
        "sourceInfo": {
          "deviceTag": 2038012174
        },
        "locationConfidence": 98.95736,
        "calibratedProbability": 77.96093
      },
      "duration": {
        "startTimestamp": "2020-05-15T10:26:36.999Z",
        "endTimestamp": "2020-05-15T10:32:54.999Z"
      },
      "placeConfidence": "HIGH_CONFIDENCE",
      "centerLatE7": 514291622,
      "centerLngE7": 196794911,
      "visitConfidence": 84,
      "otherCandidateLocations": [{
        "latitudeE7": 514283519,
        "longitudeE7": 196768569,
        "placeId": "ChIJ43OPXoIgGkcRLpcURMF4tQk",
        "address": "Gliniana 6/lok 1E, 97-300 Piotrków Trybunalski, Polska",
        "name": "BG Meble Bogdan Grzybowski",
        "locationConfidence": 0.46964163,
        "calibratedProbability": 0.3699947
      }, {
        "latitudeE7": 514279858,
        "longitudeE7": 196847310,
        "placeId": "ChIJc1CxnZiLGUcRYJFLWMV8VuY",
        "locationConfidence": 0.24539019,
        "calibratedProbability": 0.19332415
      }, {
        "latitudeE7": 514274440,
        "longitudeE7": 196784878,
        "placeId": "ChIJ-Zpo7HchGkcRce3HAEQfcJ4",
        "address": "Łódzka 60B, 97-300 Piotrków Trybunalski, Polska",
        "name": "Badylek Ilona Czechowicz",
        "locationConfidence": 0.14061777,
        "calibratedProbability": 0.11078198
      }, {
        "latitudeE7": 514275890,
        "longitudeE7": 196803070,
        "placeId": "ChIJA6qhfXiKGUcRxzPy4ZNBYhY",
        "locationConfidence": 0.05544565,
        "calibratedProbability": 0.043681383
      }],
      "editConfirmationStatus": "NOT_CONFIRMED",
      "locationConfidence": 87,
      "placeVisitType": "SINGLE_PLACE",
      "placeVisitImportance": "MAIN"
    }
  }, {
    "activitySegment": {
      "startLocation": {
        "latitudeE7": 514293065,
        "longitudeE7": 196800301,
        "sourceInfo": {
          "deviceTag": 2038012174
        }
      },
      "endLocation": {
        "latitudeE7": 514066543,
        "longitudeE7": 196974158,
        "sourceInfo": {
          "deviceTag": 2038012174
        }
      },
      "duration": {
        "startTimestamp": "2020-05-15T10:32:54.999Z",
        "endTimestamp": "2020-05-15T10:41:05Z"
      },
      "distance": 3624,
      "activityType": "IN_PASSENGER_VEHICLE",
      "confidence": "HIGH",
      "activities": [{
        "activityType": "IN_PASSENGER_VEHICLE",
        "probability": 94.82923746109009
      }, {
        "activityType": "STILL",
        "probability": 2.4091746658086777
      }, {
        "activityType": "WALKING",
        "probability": 2.0046502351760864
      }, {
        "activityType": "CYCLING",
        "probability": 0.28838671278208494
      }, {
        "activityType": "MOTORCYCLING",
        "probability": 0.283313961699605
      }, {
        "activityType": "IN_BUS",
        "probability": 0.0541374203749001
      }, {
        "activityType": "RUNNING",
        "probability": 0.03842978039756417
      }, {
        "activityType": "IN_FERRY",
        "probability": 0.03795117081608623
      }, {
        "activityType": "IN_TRAIN",
        "probability": 0.023449104628525674
      }, {
        "activityType": "FLYING",
        "probability": 0.01936781918630004
      }, {
        "activityType": "SAILING",
        "probability": 0.006473378016380593
      }, {
        "activityType": "SKIING",
        "probability": 0.0024998787921504118
      }, {
        "activityType": "IN_TRAM",
        "probability": 0.0024618158931843936
      }, {
        "activityType": "IN_SUBWAY",
        "probability": 4.5221513573778793E-4
      }, {
        "activityType": "IN_VEHICLE",
        "probability": 1.884910290073094E-5
      }],
      "waypointPath": {
        "waypoints": [{
          "latE7": 514293060,
          "lngE7": 196800518
        }, {
          "latE7": 514058074,
          "lngE7": 197031898
        }, {
          "latE7": 514066543,
          "lngE7": 196974029
        }],
        "source": "INFERRED",
        "roadSegment": [{
          "placeId": "ChIJXyC4sYIgGkcRBvIBDsCstds"
        }, {
          "placeId": "ChIJCd3VnYIgGkcR3oOhr8RlLZk"
        }, {
          "placeId": "ChIJzz-jgoIgGkcRyIfhwxDVk5g"
        }, {
          "placeId": "ChIJX7DJh3iKGUcRembS_H9k0Jk"
        }, {
          "placeId": "ChIJFQSnxHiKGUcRxcPY4QnZz28"
        }, {
          "placeId": "ChIJrczD036KGUcRG1RREa0kyaI"
        }, {
          "placeId": "ChIJCeIp0H6KGUcRXjOSCtbbaqg"
        }, {
          "placeId": "ChIJ6zcj0H6KGUcRLZzJDTKHLnY"
        }, {
          "placeId": "ChIJaS3uz36KGUcRyLDC3mlY3IE"
        }, {
          "placeId": "ChIJYUk2t36KGUcR8b1VFs96C6c"
        }, {
          "placeId": "ChIJl-fDAnyKGUcRoxaM1Bb4ELU"
        }, {
          "placeId": "ChIJu6zZbXyKGUcRErjzcWCUfuQ"
        }, {
          "placeId": "ChIJFVtObnyKGUcR8K5Ksl5eDZo"
        }, {
          "placeId": "ChIJu3W8b3yKGUcRzFI2nyL5TFY"
        }, {
          "placeId": "ChIJKWSRb3yKGUcR2TM8aTjf3ck"
        }, {
          "placeId": "ChIJI9BhY3yKGUcRpwQRPtHEmoE"
        }, {
          "placeId": "ChIJlT_hYnyKGUcRVZI0IpxOqbg"
        }, {
          "placeId": "ChIJV3SeYnyKGUcRJLNC1jhG6Bc"
        }, {
          "placeId": "ChIJ8803kHyKGUcR0D1F35mm8zg"
        }, {
          "placeId": "ChIJy09hvHyKGUcRDC75aJ1HdsY"
        }, {
          "placeId": "ChIJp_ZyimGKGUcRlxf3DDlJUOg"
        }, {
          "placeId": "ChIJ95E65WGKGUcRan6xk8WoC3g"
        }, {
          "placeId": "ChIJHTDtIYuKGUcR3YOoxxSyuOE"
        }, {
          "placeId": "ChIJWbfEI4uKGUcRA7BvV2nhunk"
        }, {
          "placeId": "ChIJXVBfJYuKGUcR4hyLIStfYgo"
        }, {
          "placeId": "ChIJXTW_NIuKGUcRGxCeXERcSpQ"
        }, {
          "placeId": "ChIJtet6sfSKGUcRz0QWI6i4PoA"
        }, {
          "placeId": "ChIJW8FSpvSKGUcRrb3YBo4s8mE"
        }, {
          "placeId": "ChIJbW0PXfOKGUcRsB2qx6masKg"
        }, {
          "placeId": "ChIJaZspavOKGUcRjo1zqiZ1BUw"
        }, {
          "placeId": "ChIJ422ka_OKGUcRkTYtmdRRyZk"
        }, {
          "placeId": "ChIJdYcEE_OKGUcRt0sG5warUg0"
        }, {
          "placeId": "ChIJJ6t2BvOKGUcR-tMt2Qh2sWE"
        }, {
          "placeId": "ChIJ-xOCVPKKGUcRP84rpvHfrvI"
        }, {
          "placeId": "ChIJtfGXRvKKGUcR18XI-nkSdnc"
        }, {
          "placeId": "ChIJZfZ2FfKKGUcRQFAaTMphX88"
        }, {
          "placeId": "ChIJ8X3GFfKKGUcRkA3-KkM-1FU"
        }, {
          "placeId": "ChIJxWrnFvKKGUcRav4aBbsS964"
        }, {
          "placeId": "ChIJQef7EPKKGUcRLu7pYAWg3jY"
        }, {
          "placeId": "ChIJP4bXs_KKGUcRVMfB4evbgVw"
        }],
        "distanceMeters": 3891.8945531757995,
        "travelMode": "DRIVE",
        "confidence": 0.9999251120040252
      },
      "parkingEvent": {
        "location": {
          "latitudeE7": 514069360,
          "longitudeE7": 196977509,
          "accuracyMetres": 60
        },
        "method": "PERSONAL_VEHICLE_CONFIDENCE",
        "locationSource": "UNKNOWN",
        "timestamp": "2020-05-15T10:49:14.308Z"
      }
    }
  }, {
    "placeVisit": {
      "location": {
        "latitudeE7": 514070836,
        "longitudeE7": 196969947,
        "placeId": "ChIJ0TUkS42KGUcRgJKoSgWmocI",
        "address": "Aleje Mikołaja Kopernika 6, 97-300 Piotrków Trybunalski, Polska",
        "name": "I Liceum Ogólnokształcące im. Bolesława Chrobrego",
        "sourceInfo": {
          "deviceTag": 2038012174
        },
        "locationConfidence": 41.757694,
        "calibratedProbability": 31.279898
      },
      "duration": {
        "startTimestamp": "2020-05-15T10:41:05Z",
        "endTimestamp": "2020-05-15T10:51:14.528Z"
      },
      "placeConfidence": "LOW_CONFIDENCE",
      "centerLatE7": 514067643,
      "centerLngE7": 196976429,
      "visitConfidence": 92,
      "otherCandidateLocations": [{
        "latitudeE7": 514070571,
        "longitudeE7": 196976738,
        "placeId": "ChIJMwPutvKKGUcRfA2JS0QYUuE",
        "address": "Garncarska 1, 97-300 Piotrków Trybunalski, Polska",
        "locationConfidence": 30.164408,
        "calibratedProbability": 22.595585
      }, {
        "latitudeE7": 514077000,
        "longitudeE7": 196973400,
        "placeId": "ChIJX-ldM42KGUcRD1Gsgo6n8yk",
        "address": "Krakowskie Przedmieście 1, 97-300 Piotrków Trybunalski, Polska",
        "name": "Oculus. Gabinet okulistyczny. Cybulska B.",
        "locationConfidence": 11.101682,
        "calibratedProbability": 8.316059
      }, {
        "latitudeE7": 514078500,
        "longitudeE7": 196955370,
        "placeId": "ChIJ60OR6IWKGUcRUR5ZN5l8U_Y",
        "locationConfidence": 4.175339,
        "calibratedProbability": 3.1276674
      }, {
        "latitudeE7": 514073645,
        "longitudeE7": 196962481,
        "placeId": "ChIJpx3kR42KGUcRymgQDX5Fok0",
        "address": "Pijarska 4, 97-300 Piotrków Trybunalski, Polska",
        "name": "Klasztor oo. Jezuitów",
        "locationConfidence": 3.7065084,
        "calibratedProbability": 2.7764752
      }, {
        "latitudeE7": 514070722,
        "longitudeE7": 196981063,
        "placeId": "ChIJP9ZVuPKKGUcRrfxqPcFytto",
        "address": "Garncarska 3, 97-300 Piotrków Trybunalski, Polska",
        "locationConfidence": 2.9206166,
        "calibratedProbability": 2.1877785
      }, {
        "latitudeE7": 514079818,
        "longitudeE7": 196959811,
        "placeId": "ChIJ-ZIVPI2KGUcRjWEbuOPQTIk",
        "address": "Rynek Trybunalski 11/1, 97-300 Piotrków Trybunalski, Poland",
        "name": "Umi Sushi restauracja japońska",
        "locationConfidence": 1.3279277,
        "calibratedProbability": 0.99472547
      }, {
        "latitudeE7": 514052160,
        "longitudeE7": 196964820,
        "placeId": "ChIJDy7GWu2KGUcR1lJWzWmg6Qk",
        "locationConfidence": 1.2269851,
        "calibratedProbability": 0.91911125
      }, {
        "latitudeE7": 514070571,
        "longitudeE7": 196976738,
        "placeId": "ChIJYwxFiYOLGUcRAX3Nmmzh5WQ",
        "address": "Garncarska 1, 97-300 Piotrków Trybunalski, Polska",
        "name": "THE LOFT - Garncarska 1",
        "locationConfidence": 1.1939446,
        "calibratedProbability": 0.89436126
      }, {
        "latitudeE7": 514058470,
        "longitudeE7": 196975913,
        "placeId": "ChIJDRsmQ-2KGUcRU_oEc3cM9Zw",
        "address": "Krakowskie Przedmieście 12, 97-300 Piotrków Trybunalski, Polska",
        "name": "ArtDom M.M.Zielińscy sp.j.",
        "locationConfidence": 0.7966662,
        "calibratedProbability": 0.59676754
      }],
      "editConfirmationStatus": "NOT_CONFIRMED",
      "locationConfidence": 34,
      "placeVisitType": "SINGLE_PLACE",
      "placeVisitImportance": "MAIN"
    }
  }, {
    "activitySegment": {
      "startLocation": {
        "latitudeE7": 514069870,
        "longitudeE7": 196975175,
        "sourceInfo": {
          "deviceTag": 2038012174
        }
      },
      "endLocation": {
        "latitudeE7": 514081290,
        "longitudeE7": 197014913,
        "sourceInfo": {
          "deviceTag": 2038012174
        }
      },
      "duration": {
        "startTimestamp": "2020-05-15T10:51:14.528Z",
        "endTimestamp": "2020-05-15T10:55:22.162Z"
      },
      "distance": 303,
      "activityType": "IN_PASSENGER_VEHICLE",
      "confidence": "MEDIUM",
      "activities": [{
        "activityType": "IN_PASSENGER_VEHICLE",
        "probability": 65.0974690914154
      }, {
        "activityType": "WALKING",
        "probability": 27.22262144088745
      }, {
        "activityType": "STILL",
        "probability": 6.227780878543854
      }, {
        "activityType": "CYCLING",
        "probability": 0.544482097029686
      }, {
        "activityType": "RUNNING",
        "probability": 0.2757804002612829
      }, {
        "activityType": "IN_BUS",
        "probability": 0.2668144414201379
      }, {
        "activityType": "MOTORCYCLING",
        "probability": 0.2439502626657486
      }, {
        "activityType": "IN_FERRY",
        "probability": 0.03588598920032382
      }, {
        "activityType": "FLYING",
        "probability": 0.034865151974372566
      }, {
        "activityType": "SKIING",
        "probability": 0.020660168956965208
      }, {
        "activityType": "IN_TRAM",
        "probability": 0.012136004806961864
      }, {
        "activityType": "IN_TRAIN",
        "probability": 0.009123761265072972
      }, {
        "activityType": "SAILING",
        "probability": 0.005687206066795625
      }, {
        "activityType": "IN_SUBWAY",
        "probability": 0.0026433590392116457
      }, {
        "activityType": "IN_VEHICLE",
        "probability": 1.0753841479527182E-4
      }],
      "waypointPath": {
        "waypoints": [{
          "latE7": 514069862,
          "lngE7": 196974105
        }, {
          "latE7": 514080429,
          "lngE7": 197007408
        }, {
          "latE7": 514080543,
          "lngE7": 197014904
        }],
        "source": "INFERRED",
        "roadSegment": [{
          "placeId": "ChIJP4bXs_KKGUcRVMfB4evbgVw"
        }, {
          "placeId": "ChIJ94kwtvKKGUcRzFTxlaTBcP0"
        }, {
          "placeId": "ChIJty4X6vKKGUcRkyHZMW1NpOg"
        }, {
          "placeId": "ChIJ9ef78PKKGUcRndnC2_E-cZc"
        }, {
          "placeId": "ChIJ85Q0-_KKGUcRHB_3y33_afs"
        }, {
          "placeId": "ChIJ-xKi4vKKGUcRlgoW2mfGE8Y"
        }, {
          "placeId": "ChIJ72iQAfOKGUcRml_KOQpSSzI"
        }],
        "distanceMeters": 411.7418127333493,
        "travelMode": "DRIVE",
        "confidence": 1.0
      },
      "parkingEvent": {
        "location": {
          "latitudeE7": 514081290,
          "longitudeE7": 197014913,
          "accuracyMetres": 61
        },
        "method": "PERSONAL_VEHICLE_CONFIDENCE",
        "locationSource": "UNKNOWN",
        "timestamp": "2020-05-15T10:55:22.162Z"
      }
    }
  }, {
    "placeVisit": {
      "location": {
        "latitudeE7": 514087167,
        "longitudeE7": 197031480,
        "placeId": "ChIJdUbH5_GLGUcRJeF0rLphPiQ",
        "address": "Marii Curie-Skłodowskiej 3, 97-300 Piotrków Trybunalski, Polska",
        "name": "Mediateka 800 - Lecia",
        "sourceInfo": {
          "deviceTag": 2038012174
        },
        "locationConfidence": 79.34125,
        "calibratedProbability": 58.96551
      },
      "duration": {
        "startTimestamp": "2020-05-15T10:55:22.162Z",
        "endTimestamp": "2020-05-15T11:04:06.902Z"
      },
      "placeConfidence": "MEDIUM_CONFIDENCE",
      "centerLatE7": 514085425,
      "centerLngE7": 197026275,
      "visitConfidence": 88,
      "otherCandidateLocations": [{
        "latitudeE7": 514086141,
        "longitudeE7": 197028247,
        "placeId": "ChIJAfmBpvOKGUcRCS5DXr7W7aA",
        "address": "Zamkowa, 97-300 Piotrków Trybunalski, Polska",
        "name": "Plac Pofranciszkański",
        "locationConfidence": 19.263983,
        "calibratedProbability": 14.316772
      }, {
        "latitudeE7": 514084342,
        "longitudeE7": 197040700,
        "placeId": "ChIJRTPkJY2KGUcRe_f-wSkLBBo",
        "address": "Marii Curie-Skłodowskiej 12, 97-300 Piotrków Trybunalski, Polska",
        "name": "Mirs. Hurtownia art. papierniczych i biurowych",
        "locationConfidence": 0.37927553,
        "calibratedProbability": 0.28187326
      }, {
        "latitudeE7": 514092054,
        "longitudeE7": 197007852,
        "placeId": "ChIJZ0fwFfOKGUcRXtcOQ94cl7M",
        "address": "plac Zamkowy 4, 97-300 Piotrków Trybunalski, Polska",
        "name": "Piotrków Trybunalski Royal Castle",
        "locationConfidence": 0.2091605,
        "calibratedProbability": 0.15544571
      }, {
        "latitudeE7": 514095757,
        "longitudeE7": 197016043,
        "placeId": "ChIJV4HKbfOKGUcRLDJozAmdzQg",
        "address": "Marii Curie-Skłodowskiej 3, 97-300 Piotrków Trybunalski, Polska",
        "name": "Municipal Public Library",
        "locationConfidence": 0.1846211,
        "calibratedProbability": 0.1372083
      }],
      "editConfirmationStatus": "NOT_CONFIRMED",
      "locationConfidence": 64,
      "placeVisitType": "SINGLE_PLACE",
      "placeVisitImportance": "MAIN"
    }
  }, {
    "activitySegment": {
      "startLocation": {
        "latitudeE7": 514086727,
        "longitudeE7": 197032902,
        "sourceInfo": {
          "deviceTag": 2038012174
        }
      },
      "endLocation": {
        "latitudeE7": 514091693,
        "longitudeE7": 196866936,
        "sourceInfo": {
          "deviceTag": 2038012174
        }
      },
      "duration": {
        "startTimestamp": "2020-05-15T11:04:06.902Z",
        "endTimestamp": "2020-05-15T11:13:10.531Z"
      },
      "distance": 1201,
      "activityType": "IN_PASSENGER_VEHICLE",
      "confidence": "MEDIUM",
      "activities": [{
        "activityType": "IN_PASSENGER_VEHICLE",
        "probability": 64.00766372680664
      }, {
        "activityType": "STILL",
        "probability": 25.036728382110596
      }, {
        "activityType": "WALKING",
        "probability": 10.125571489334106
      }, {
        "activityType": "MOTORCYCLING",
        "probability": 0.27052038349211216
      }, {
        "activityType": "IN_BUS",
        "probability": 0.25272995699197054
      }, {
        "activityType": "CYCLING",
        "probability": 0.17329126130789518
      }, {
        "activityType": "RUNNING",
        "probability": 0.039123641909100115
      }, {
        "activityType": "FLYING",
        "probability": 0.03113698330707848
      }, {
        "activityType": "IN_TRAIN",
        "probability": 0.02090501075144857
      }, {
        "activityType": "IN_FERRY",
        "probability": 0.02071318740490824
      }, {
        "activityType": "IN_TRAM",
        "probability": 0.008672648982610554
      }, {
        "activityType": "IN_SUBWAY",
        "probability": 0.005044676800025627
      }, {
        "activityType": "SAILING",
        "probability": 0.0041339189920108765
      }, {
        "activityType": "SKIING",
        "probability": 0.0036342375096865
      }, {
        "activityType": "IN_VEHICLE",
        "probability": 1.271140604330867E-4
      }],
      "waypointPath": {
        "waypoints": [{
          "latE7": 514086799,
          "lngE7": 197038364
        }, {
          "latE7": 514058074,
          "lngE7": 197031898
        }, {
          "latE7": 514091339,
          "lngE7": 196866874
        }],
        "source": "INFERRED",
        "roadSegment": [{
          "placeId": "ChIJnTwYvPOKGUcR23YSy5Gnis4"
        }, {
          "placeId": "ChIJCY4btvOKGUcR_CMB08Yw_Z0"
        }, {
          "placeId": "ChIJa-04MfKKGUcR3v3ylvJL4uY"
        }, {
          "placeId": "ChIJbUxSI_KKGUcRoQpDuYnKyXM"
        }, {
          "placeId": "ChIJTxDtIvKKGUcRr4Huadk2RYY"
        }, {
          "placeId": "ChIJ1R2BIvKKGUcRPRIS0IFVnCk"
        }, {
          "placeId": "ChIJJSWHGPKKGUcRNZ4aP0PoBm0"
        }, {
          "placeId": "ChIJZ84cGfKKGUcRoCQjq0XHW2k"
        }, {
          "placeId": "ChIJF7r6GfKKGUcRkVlA7cjxz04"
        }, {
          "placeId": "ChIJrdmzEPKKGUcRJ4KxEGmK-Nk"
        }, {
          "placeId": "ChIJQef7EPKKGUcRLu7pYAWg3jY"
        }, {
          "placeId": "ChIJ0WVorvKKGUcRzl0vS0RQEgY"
        }, {
          "placeId": "ChIJoRRMUo2KGUcRoZaPIMDTqss"
        }, {
          "placeId": "ChIJR-0WXI2KGUcRNmZfWYYl5wQ"
        }, {
          "placeId": "ChIJkQQ6YY2KGUcRtpY7l8l2UuE"
        }, {
          "placeId": "ChIJiUtqfI2KGUcRKvXmc1DMNyA"
        }, {
          "placeId": "ChIJJSnQeY2KGUcRt-jX1TtCSoE"
        }, {
          "placeId": "ChIJr1R0do2KGUcRiQY-_J8F6Zk"
        }, {
          "placeId": "ChIJIX1kdY2KGUcRH274p36P7Nw"
        }, {
          "placeId": "ChIJz-APoI2KGUcRa2Bwtm566cA"
        }, {
          "placeId": "ChIJD9Qsp42KGUcR806y6sMrm6A"
        }, {
          "placeId": "ChIJC_E4po2KGUcR_N1pG5e06CE"
        }, {
          "placeId": "ChIJRXiKxo2KGUcRs0HyV9IQ3Q8"
        }, {
          "placeId": "ChIJ1XlKco6KGUcRR5NU3Qh1M0Q"
        }, {
          "placeId": "ChIJl63kao6KGUcRgwsMGhkaaPU"
        }, {
          "placeId": "ChIJG0RnR46KGUcRtcgVuaTPpYI"
        }, {
          "placeId": "ChIJmc2gNY6KGUcR4M3yMa1twDw"
        }],
        "distanceMeters": 1742.4009963956978,
        "travelMode": "DRIVE",
        "confidence": 0.5915743078255001
      },
      "parkingEvent": {
        "location": {
          "latitudeE7": 514090777,
          "longitudeE7": 196857594,
          "accuracyMetres": 35
        },
        "method": "PERSONAL_VEHICLE_CONFIDENCE",
        "locationSource": "UNKNOWN",
        "timestamp": "2020-05-15T11:15:56.036Z"
      }
    }
  }, {
    "placeVisit": {
      "location": {
        "latitudeE7": 514090094,
        "longitudeE7": 196849520,
        "placeId": "ChIJE5KAxY-KGUcRJjeUpagDCiw",
        "address": "Juliusza Słowackiego 34B, 97-300 Piotrków Trybunalski, Polska",
        "name": "E-papierosy U Waperów Piotrków Trybunalski Vape Shop",
        "sourceInfo": {
          "deviceTag": 2038012174
        },
        "locationConfidence": 91.836235,
        "calibratedProbability": 77.73882
      },
      "duration": {
        "startTimestamp": "2020-05-15T11:13:10.531Z",
        "endTimestamp": "2020-05-15T11:22:13.549Z"
      },
      "placeConfidence": "MEDIUM_CONFIDENCE",
      "centerLatE7": 514090950,
      "centerLngE7": 196856175,
      "visitConfidence": 91,
      "otherCandidateLocations": [{
        "latitudeE7": 514106316,
        "longitudeE7": 196850055,
        "placeId": "ChIJo2DnvY-KGUcR-OP7i2EGnDE",
        "address": "97-300, Piotrków Trybunalski, Polska",
        "name": "Piotrków Trybunalski",
        "locationConfidence": 4.23092,
        "calibratedProbability": 3.5814483
      }, {
        "latitudeE7": 514106712,
        "longitudeE7": 196851787,
        "placeId": "ChIJp_9JoI-KGUcReL9BlYxuHFY",
        "address": "Polskiej Organizacji Wojskowej 5, 97-320 Piotrków Trybunalski, Polska",
        "name": "PKP Dworzec kolejowy",
        "locationConfidence": 1.4624473,
        "calibratedProbability": 1.237953
      }, {
        "latitudeE7": 514081513,
        "longitudeE7": 196884217,
        "placeId": "ChIJM07DPo6KGUcRffDkQzDrPNw",
        "address": "Henryka Sienkiewicza 13, 97-300 Piotrków Trybunalski, Polska",
        "name": "Santander Consumer Bank - Oddział partnerski",
        "locationConfidence": 0.81575876,
        "calibratedProbability": 0.69053495
      }, {
        "latitudeE7": 514091268,
        "longitudeE7": 196850867,
        "placeId": "ChIJr8bDzo-KGUcRz_TbRA1b1NQ",
        "address": "Juliusza Słowackiego 138E, 97-300 Piotrków Trybunalski, Polska",
        "name": "Dastan suits, shirts, coats for men - men\u0027s clothing",
        "locationConfidence": 0.47812364,
        "calibratedProbability": 0.4047288
      }],
      "editConfirmationStatus": "NOT_CONFIRMED",
      "locationConfidence": 77,
      "placeVisitType": "SINGLE_PLACE",
      "placeVisitImportance": "MAIN"
    }
  }, {
    "activitySegment": {
      "startLocation": {
        "latitudeE7": 514093640,
        "longitudeE7": 196857772,
        "sourceInfo": {
          "deviceTag": 2038012174
        }
      },
      "endLocation": {
        "latitudeE7": 514068818,
        "longitudeE7": 196792803,
        "sourceInfo": {
          "deviceTag": 2038012174
        }
      },
      "duration": {
        "startTimestamp": "2020-05-15T11:22:13.549Z",
        "endTimestamp": "2020-05-15T11:27:32.263Z"
      },
      "distance": 528,
      "activityType": "IN_PASSENGER_VEHICLE",
      "confidence": "HIGH",
      "activities": [{
        "activityType": "IN_PASSENGER_VEHICLE",
        "probability": 83.90217423439026
      }, {
        "activityType": "WALKING",
        "probability": 12.350890785455704
      }, {
        "activityType": "STILL",
        "probability": 3.065684996545315
      }, {
        "activityType": "CYCLING",
        "probability": 0.22994773462414742
      }, {
        "activityType": "MOTORCYCLING",
        "probability": 0.1705123926512897
      }, {
        "activityType": "IN_BUS",
        "probability": 0.16615987988188863
      }, {
        "activityType": "RUNNING",
        "probability": 0.04111867456231266
      }, {
        "activityType": "IN_FERRY",
        "probability": 0.03848557535093278
      }, {
        "activityType": "FLYING",
        "probability": 0.013874164142180234
      }, {
        "activityType": "SKIING",
        "probability": 0.007680096314288676
      }, {
        "activityType": "IN_TRAM",
        "probability": 0.0066862659878097475
      }, {
        "activityType": "IN_TRAIN",
        "probability": 0.0031876297725830227
      }, {
        "activityType": "SAILING",
        "probability": 0.002726399361563381
      }, {
        "activityType": "IN_SUBWAY",
        "probability": 8.438616532657761E-4
      }, {
        "activityType": "IN_VEHICLE",
        "probability": 2.308242557091944E-5
      }],
      "waypointPath": {
        "waypoints": [{
          "latE7": 514093437,
          "lngE7": 196855621
        }, {
          "latE7": 514078483,
          "lngE7": 196824569
        }, {
          "latE7": 514069786,
          "lngE7": 196792335
        }],
        "source": "INFERRED",
        "roadSegment": [{
          "placeId": "ChIJ38wFt4-KGUcRcvavEP_8W34"
        }, {
          "placeId": "ChIJ96zluo-KGUcR4zAdPKpcQ88"
        }, {
          "placeId": "ChIJ2RFAuo-KGUcRpBSg95r7uuE"
        }, {
          "placeId": "ChIJLdDNt4-KGUcRd6J2md1-e7w"
        }, {
          "placeId": "ChIJ1w7kyI-KGUcRz2C4ekBgBoU"
        }, {
          "placeId": "ChIJL10Uxo-KGUcRi0kxkRucpcU"
        }, {
          "placeId": "ChIJX7qIxo-KGUcRcZf4Rau5XEw"
        }, {
          "placeId": "ChIJHU2ixo-KGUcRGk1lkBn-e3I"
        }, {
          "placeId": "ChIJI8-oxo-KGUcRoVk7zEmRt58"
        }, {
          "placeId": "ChIJrcJXwY-KGUcRVRI6KSRjAYs"
        }, {
          "placeId": "ChIJvS_Zw4-KGUcRZuL2j_kFCmA"
        }, {
          "placeId": "ChIJkVsXwo-KGUcRcPoS3xcFZI8"
        }, {
          "placeId": "ChIJke7c7o-KGUcRhIzAUoY8exE"
        }, {
          "placeId": "ChIJJyd844-KGUcR4iueKF_ZxEg"
        }, {
          "placeId": "ChIJVW5KHJCKGUcRNuKJklw3llY"
        }, {
          "placeId": "ChIJM_VRF5CKGUcRHgT1N9o2Bgc"
        }, {
          "placeId": "ChIJ69ozE5CKGUcR8DeEpeZQRaw"
        }, {
          "placeId": "ChIJtQoCc5CKGUcRR2SA9co-P7U"
        }, {
          "placeId": "ChIJMaFqdJCKGUcR_brRC7xrcVI"
        }, {
          "placeId": "ChIJtyycnJqKGUcRP-Fq1_xSHrs"
        }],
        "distanceMeters": 814.6665512118702,
        "travelMode": "DRIVE",
        "confidence": 1.0
      },
      "parkingEvent": {
        "location": {
          "latitudeE7": 514068818,
          "longitudeE7": 196792803,
          "accuracyMetres": 30
        },
        "method": "PERSONAL_VEHICLE_CONFIDENCE",
        "locationSource": "UNKNOWN",
        "timestamp": "2020-05-15T11:27:32.263Z"
      }
    }
  }, {
    "placeVisit": {
      "location": {
        "latitudeE7": 514068312,
        "longitudeE7": 196790951,
        "placeId": "ChIJY2NYvUeLGUcR0V3JOl0SCjA",
        "address": "Gabriela Narutowicza 94, 97-300 Piotrków Trybunalski, Polska",
        "name": "Zahir Kebab",
        "sourceInfo": {
          "deviceTag": 2038012174
        },
        "locationConfidence": 53.37076,
        "calibratedProbability": 35.431084
      },
      "duration": {
        "startTimestamp": "2020-05-15T11:27:32.263Z",
        "endTimestamp": "2020-05-15T11:37:34.935Z"
      },
      "placeConfidence": "MEDIUM_CONFIDENCE",
      "centerLatE7": 514066117,
      "centerLngE7": 196794100,
      "visitConfidence": 87,
      "otherCandidateLocations": [{
        "latitudeE7": 514068312,
        "longitudeE7": 196790951,
        "placeId": "ChIJ7Zn1hZqKGUcRPLH8bnCYg50",
        "address": "Gabriela Narutowicza 94/3, 97-300 Piotrków Trybunalski, Polska",
        "name": "Ozonatory - polski producent KoronaOzon",
        "locationConfidence": 12.459185,
        "calibratedProbability": 8.271241
      }, {
        "latitudeE7": 514068312,
        "longitudeE7": 196790951,
        "placeId": "ChIJn9yAVoWLGUcRja--k6oqvX4",
        "locationConfidence": 8.811541,
        "calibratedProbability": 5.8496904
      }, {
        "latitudeE7": 514068312,
        "longitudeE7": 196790951,
        "placeId": "ChIJfbduGrOLGUcRls4pA-xYwmo",
        "address": "Gabriela Narutowicza 94/96/lok.11, 97-300 Piotrków Trybunalski, Polska",
        "name": "Car Net Polska oddział Piotrków Trybunalski",
        "locationConfidence": 7.331381,
        "calibratedProbability": 4.867061
      }, {
        "latitudeE7": 514069685,
        "longitudeE7": 196799659,
        "placeId": "ChIJ_wxEkAaLGUcRYuO2fJjZzsY",
        "address": "Gabriela Narutowicza 84, 97-300 Piotrków Trybunalski, Polska",
        "name": "iCare Serwis Apple - Piotrków Trybunalski",
        "locationConfidence": 6.6530223,
        "calibratedProbability": 4.4167213
      }, {
        "latitudeE7": 514064422,
        "longitudeE7": 196825901,
        "placeId": "ChIJKXiN6ZCKGUcRr3-dRkPDDFc",
        "address": "Górna 7, 97-300 Piotrków Trybunalski, Polska",
        "name": "Shell",
        "locationConfidence": 3.254216,
        "calibratedProbability": 2.1603663
      }, {
        "latitudeE7": 514069685,
        "longitudeE7": 196799659,
        "placeId": "ChIJfWoEKUuLGUcRXCR3wjQ5rac",
        "address": "Gabriela Narutowicza 84, 97-300 Piotrków Trybunalski, Polska",
        "name": "Lampy, Artykuły Elektryczne - Piotrków Trybunalski - A-T S.A.",
        "locationConfidence": 3.1810217,
        "calibratedProbability": 2.1117752
      }, {
        "latitudeE7": 514060794,
        "longitudeE7": 196794126,
        "placeId": "ChIJtQdrfJqKGUcRbj7Dja5nf5I",
        "address": "97-300 Piotrków Trybunalski, Polska",
        "name": "Stacja kontroli pojazdów Zielona",
        "locationConfidence": 1.1719317,
        "calibratedProbability": 0.77800673
      }, {
        "latitudeE7": 513973315,
        "longitudeE7": 196799469,
        "placeId": "ChIJB4uqKJiKGUcR8VNDDtSe9Ng",
        "address": "Żelazna 6, 97-300 Piotrków Trybunalski, Polska",
        "name": "MTM sp.j. Hurtownia opakowań jednorazowych. Stanik A.E.",
        "locationConfidence": 1.038855,
        "calibratedProbability": 0.68966144
      }, {
        "latitudeE7": 514054815,
        "longitudeE7": 196778199,
        "placeId": "ChIJdQeJLJuKGUcRkV_LV14F96E",
        "address": "Aleje Armii Krajowej 24, 97-312 Piotrków Trybunalski, Polska",
        "name": "Bank Pekao",
        "locationConfidence": 0.7470662,
        "calibratedProbability": 0.49595255
      }],
      "editConfirmationStatus": "NOT_CONFIRMED",
      "locationConfidence": 43,
      "placeVisitType": "SINGLE_PLACE",
      "placeVisitImportance": "MAIN"
    }
  }, {
    "activitySegment": {
      "startLocation": {
        "latitudeE7": 514066518,
        "longitudeE7": 196793919,
        "sourceInfo": {
          "deviceTag": 2038012174
        }
      },
      "endLocation": {
        "latitudeE7": 514109956,
        "longitudeE7": 196680139,
        "sourceInfo": {
          "deviceTag": 2038012174
        }
      },
      "duration": {
        "startTimestamp": "2020-05-15T11:37:34.935Z",
        "endTimestamp": "2020-05-15T11:50:13.205Z"
      },
      "distance": 1040,
      "activityType": "IN_PASSENGER_VEHICLE",
      "confidence": "HIGH",
      "activities": [{
        "activityType": "IN_PASSENGER_VEHICLE",
        "probability": 85.9320342540741
      }, {
        "activityType": "STILL",
        "probability": 6.670910865068436
      }, {
        "activityType": "WALKING",
        "probability": 6.473826617002487
      }, {
        "activityType": "CYCLING",
        "probability": 0.2761782379820943
      }, {
        "activityType": "MOTORCYCLING",
        "probability": 0.2505447017028928
      }, {
        "activityType": "IN_BUS",
        "probability": 0.22867396473884583
      }, {
        "activityType": "IN_FERRY",
        "probability": 0.05116289830766618
      }, {
        "activityType": "RUNNING",
        "probability": 0.04862582718487829
      }, {
        "activityType": "SKIING",
        "probability": 0.018187884415965527
      }, {
        "activityType": "FLYING",
        "probability": 0.017439801013097167
      }, {
        "activityType": "IN_TRAM",
        "probability": 0.017201366426888853
      }, {
        "activityType": "SAILING",
        "probability": 0.00567471724934876
      }, {
        "activityType": "IN_TRAIN",
        "probability": 0.0050088903662981465
      }, {
        "activityType": "IN_SUBWAY",
        "probability": 0.0044636602979153395
      }, {
        "activityType": "IN_VEHICLE",
        "probability": 6.466379431913083E-5
      }],
      "waypointPath": {
        "waypoints": [{
          "latE7": 514065666,
          "lngE7": 196793403
        }, {
          "latE7": 514073181,
          "lngE7": 196683177
        }, {
          "latE7": 514109191,
          "lngE7": 196688079
        }],
        "source": "INFERRED",
        "roadSegment": [{
          "placeId": "ChIJhaheYpqKGUcRQ8Ax-Rm8csM"
        }, {
          "placeId": "ChIJC12vXZqKGUcRy6wXkLggxQ8"
        }, {
          "placeId": "ChIJcU2NXJqKGUcRqjFXT-tJeno"
        }, {
          "placeId": "ChIJL6AyW5qKGUcRDC_1ixPNUks"
        }, {
          "placeId": "ChIJ8b04RZqKGUcRJMXenTWispM"
        }, {
          "placeId": "ChIJoxycT5qKGUcRDVBKqt8hbUw"
        }, {
          "placeId": "ChIJA-elTpqKGUcRqwfDPh0-qhA"
        }, {
          "placeId": "ChIJERgStZuKGUcRN-rS5zNuvL8"
        }, {
          "placeId": "ChIJ9YBRyJuKGUcRx3tadPL573E"
        }, {
          "placeId": "ChIJFSEnxpuKGUcRaMBQ5Ek3sUo"
        }, {
          "placeId": "ChIJGyrtwpuKGUcRavx9F8Ijeuw"
        }, {
          "placeId": "ChIJg_im_JuKGUcR2g3RwGybMIQ"
        }, {
          "placeId": "ChIJo3R__puKGUcRttUlXzFueMY"
        }, {
          "placeId": "ChIJ4f1TVZmKGUcRyDsxnI83fck"
        }, {
          "placeId": "ChIJnUX8pJ6KGUcR_FfAG3j0Wak"
        }, {
          "placeId": "ChIJ00Wjl56KGUcR0Wk_BS_bUJc"
        }, {
          "placeId": "ChIJz1MLmZ6KGUcRM0A_HM9Xs9Y"
        }, {
          "placeId": "ChIJ09UhnJ6KGUcRo5b4pXx0SWk"
        }, {
          "placeId": "ChIJ8ySVnZ6KGUcRJzmX6UUxZWk"
        }, {
          "placeId": "ChIJ7w_uJZyKGUcRbJT94uR49Vk"
        }, {
          "placeId": "ChIJr3AyMZyKGUcRIvAsTm0XzmM"
        }, {
          "placeId": "ChIJ4Y0YSpyKGUcRHHHNuh86CZs"
        }, {
          "placeId": "ChIJZ0XtS5yKGUcRJ4LzPbsTBuU"
        }, {
          "placeId": "ChIJlzT1S5yKGUcR8oWh1G0XO7U"
        }, {
          "placeId": "ChIJ35B6TJyKGUcRCoQPv_h6Drs"
        }, {
          "placeId": "ChIJu2YbTZyKGUcRIIU2ZYX6PuA"
        }, {
          "placeId": "ChIJ72dvq52KGUcRdY9YlfNwMmE"
        }, {
          "placeId": "ChIJOeM1AZ2KGUcRXdGfyBXrquo"
        }, {
          "placeId": "ChIJ8bv5Gp2KGUcR3TiRe-YouNg"
        }, {
          "placeId": "ChIJzycDPZ2KGUcRQD6ERSpbSdM"
        }, {
          "placeId": "ChIJVTMeNJ2KGUcRzq7_DwWlOPg"
        }],
        "distanceMeters": 1505.26265938925,
        "travelMode": "DRIVE",
        "confidence": 1.0
      },
      "parkingEvent": {
        "location": {
          "latitudeE7": 514110371,
          "longitudeE7": 196680435,
          "accuracyMetres": 39
        },
        "method": "PERSONAL_VEHICLE_CONFIDENCE",
        "locationSource": "UNKNOWN",
        "timestamp": "2020-05-15T11:50:29.372Z"
      }
    }
  }, {
    "placeVisit": {
      "location": {
        "latitudeE7": 514111519,
        "longitudeE7": 196672287,
        "placeId": "ChIJc8lA2JyKGUcRHB62RyWTJ64",
        "address": "Juliusza Słowackiego 123, 97-300 Piotrków Trybunalski, Polska",
        "name": "Focus Mall",
        "sourceInfo": {
          "deviceTag": 2038012174
        },
        "locationConfidence": 81.28514,
        "calibratedProbability": 68.51021
      },
      "duration": {
        "startTimestamp": "2020-05-15T11:50:13.205Z",
        "endTimestamp": "2020-05-15T12:01:25.540Z"
      },
      "placeConfidence": "MEDIUM_CONFIDENCE",
      "childVisits": [{
        "location": {
          "latitudeE7": 514111798,
          "longitudeE7": 196679927,
          "placeId": "ChIJ9ZSUqoKKGUcRDn6FJDVHVe4",
          "address": "Focus Mall, Juliusza Słowackiego 123, 97-300 Piotrków Trybunalski, Polska",
          "name": "Sklep Martes Sport - Focus Mall",
          "sourceInfo": {
            "deviceTag": 2038012174
          },
          "locationConfidence": 39.913563,
          "calibratedProbability": 42.087982
        },
        "duration": {
          "startTimestamp": "2020-05-15T11:50:13.205Z",
          "endTimestamp": "2020-05-15T12:01:25.540Z"
        },
        "placeConfidence": "LOW_CONFIDENCE",
        "centerLatE7": 514111680,
        "centerLngE7": 196679200,
        "visitConfidence": 93,
        "otherCandidateLocations": [{
          "latitudeE7": 514113159,
          "longitudeE7": 196671946,
          "placeId": "ChIJd8Rpq4KKGUcRh33ln7_HTKM",
          "address": "Juliusza Słowackiego 123, 97-300 Piotrków Trybunalski, Polska",
          "name": "CROPP Centrum Handlowe Focus Mall",
          "locationConfidence": 16.570211,
          "calibratedProbability": 17.472927
        }, {
          "latitudeE7": 514113159,
          "longitudeE7": 196671946,
          "placeId": "ChIJd8Rpq4KKGUcRAaRhbrsXUgk",
          "address": "Juliusza Słowackiego 123, 97-300 Piotrków Trybunalski, Polska",
          "name": "Reserved",
          "locationConfidence": 4.582638,
          "calibratedProbability": 4.832292
        }, {
          "latitudeE7": 514099384,
          "longitudeE7": 196679279,
          "placeId": "ChIJ9T5Tp3cgGkcRQMQfU67an_Y",
          "address": "Juliusza Słowackiego 136, 97-320 Piotrków Trybunalski, Polska",
          "name": "To\u0026Owo Bezglutenowo",
          "locationConfidence": 4.332075,
          "calibratedProbability": 4.568079
        }, {
          "latitudeE7": 514120447,
          "longitudeE7": 196672919,
          "placeId": "ChIJc8lA2JyKGUcROWjAnRa_pFE",
          "address": "Juliusza Słowackiego 123, 97-300 Piotrków Trybunalski, Polska",
          "name": "Media Markt",
          "locationConfidence": 3.2670598,
          "calibratedProbability": 3.4450436
        }, {
          "latitudeE7": 514111708,
          "longitudeE7": 196672501,
          "placeId": "ChIJrTJ8r4KKGUcRs3Pqar78h28",
          "address": "Juliusza Słowackiego 123, 97-300 Piotrków Trybunalski, Polska",
          "name": "KFC Piotrków Tryb. Focus Park",
          "locationConfidence": 2.8247302,
          "calibratedProbability": 2.9786165
        }, {
          "latitudeE7": 514111708,
          "longitudeE7": 196672501,
          "placeId": "ChIJU84MqOyLGUcR35q8-Vs3fgc",
          "address": "Focus Mall, Juliusza Słowackiego 123, 97-300 Piotrków Trybunalski, Polska",
          "name": "Hebe",
          "locationConfidence": 2.1879916,
          "calibratedProbability": 2.3071897
        }, {
          "latitudeE7": 514111708,
          "longitudeE7": 196672501,
          "placeId": "ChIJI9x8d3OLGUcR4WR70TNocGg",
          "address": "Juliusza Słowackiego 123, 97-300 Piotrków Trybunalski, Polska",
          "name": "CCC",
          "locationConfidence": 1.8261247,
          "calibratedProbability": 1.9256088
        }, {
          "latitudeE7": 514105575,
          "longitudeE7": 196682042,
          "placeId": "ChIJwfrm-_-LGUcRcg88QRECNRg",
          "address": "CH Focus, Juliusza Słowackiego 123, 97-300 Piotrków Trybunalski, Polska",
          "name": "PEPCO",
          "locationConfidence": 1.5915345,
          "calibratedProbability": 1.6782385
        }, {
          "latitudeE7": 514111708,
          "longitudeE7": 196672501,
          "placeId": "ChIJ33BFU52KGUcRi0cs5WkZtsc",
          "address": "Juliusza Słowackiego 123, 97-300 Piotrków Trybunalski, Polska",
          "name": "Cukiernia Sowa",
          "locationConfidence": 1.4337648,
          "calibratedProbability": 1.5118738
        }],
        "editConfirmationStatus": "NOT_CONFIRMED",
        "locationConfidence": 32,
        "placeVisitType": "SINGLE_PLACE",
        "placeVisitLevel": 1
      }],
      "centerLatE7": 514111680,
      "centerLngE7": 196679200,
      "visitConfidence": 93,
      "otherCandidateLocations": [{
        "latitudeE7": 514111798,
        "longitudeE7": 196679927,
        "placeId": "ChIJ9ZSUqoKKGUcRDn6FJDVHVe4",
        "address": "Focus Mall, Juliusza Słowackiego 123, 97-300 Piotrków Trybunalski, Polska",
        "name": "Martes Sport PRO",
        "locationConfidence": 9.189705,
        "calibratedProbability": 7.7454324
      }, {
        "latitudeE7": 514113159,
        "longitudeE7": 196671946,
        "placeId": "ChIJd8Rpq4KKGUcRh33ln7_HTKM",
        "address": "Juliusza Słowackiego 123, 97-300 Piotrków Trybunalski, Polska",
        "name": "CROPP Centrum Handlowe Focus Mall",
        "locationConfidence": 3.8151283,
        "calibratedProbability": 3.2155352
      }, {
        "latitudeE7": 514113159,
        "longitudeE7": 196671946,
        "placeId": "ChIJd8Rpq4KKGUcRAaRhbrsXUgk",
        "address": "Juliusza Słowackiego 123, 97-300 Piotrków Trybunalski, Polska",
        "name": "Reserved",
        "locationConfidence": 1.0551074,
        "calibratedProbability": 0.88928455
      }, {
        "latitudeE7": 514099384,
        "longitudeE7": 196679279,
        "placeId": "ChIJ9T5Tp3cgGkcRQMQfU67an_Y",
        "address": "Juliusza Słowackiego 136, 97-320 Piotrków Trybunalski, Polska",
        "name": "To\u0026Owo Bezglutenowo",
        "locationConfidence": 0.9974176,
        "calibratedProbability": 0.84066147
      }, {
        "latitudeE7": 514120447,
        "longitudeE7": 196672919,
        "placeId": "ChIJc8lA2JyKGUcROWjAnRa_pFE",
        "address": "Juliusza Słowackiego 123, 97-300 Piotrków Trybunalski, Polska",
        "name": "Media Markt",
        "locationConfidence": 0.75220835,
        "calibratedProbability": 0.63398975
      }, {
        "latitudeE7": 514111708,
        "longitudeE7": 196672501,
        "placeId": "ChIJrTJ8r4KKGUcRs3Pqar78h28",
        "address": "Juliusza Słowackiego 123, 97-300 Piotrków Trybunalski, Polska",
        "name": "KFC Piotrków Tryb. Focus Park",
        "locationConfidence": 0.65036637,
        "calibratedProbability": 0.54815346
      }, {
        "latitudeE7": 514111708,
        "longitudeE7": 196672501,
        "placeId": "ChIJU84MqOyLGUcR35q8-Vs3fgc",
        "address": "Focus Mall, Juliusza Słowackiego 123, 97-300 Piotrków Trybunalski, Polska",
        "name": "Hebe",
        "locationConfidence": 0.50376356,
        "calibratedProbability": 0.42459106
      }],
      "editConfirmationStatus": "NOT_CONFIRMED",
      "locationConfidence": 66,
      "placeVisitType": "SINGLE_PLACE",
      "placeVisitImportance": "MAIN"
    }
  }, {
    "activitySegment": {
      "startLocation": {
        "latitudeE7": 514114865,
        "longitudeE7": 196673075,
        "sourceInfo": {
          "deviceTag": 2038012174
        }
      },
      "endLocation": {
        "latitudeE7": 514046692,
        "longitudeE7": 196614650,
        "sourceInfo": {
          "deviceTag": 2038012174
        }
      },
      "duration": {
        "startTimestamp": "2020-05-15T12:01:25.540Z",
        "endTimestamp": "2020-05-15T12:18:02.003Z"
      },
      "distance": 901,
      "activityType": "IN_PASSENGER_VEHICLE",
      "confidence": "MEDIUM",
      "activities": [{
        "activityType": "IN_PASSENGER_VEHICLE",
        "probability": 76.18383169174194
      }, {
        "activityType": "STILL",
        "probability": 18.085744976997375
      }, {
        "activityType": "WALKING",
        "probability": 5.202650278806686
      }, {
        "activityType": "CYCLING",
        "probability": 0.17087309388443828
      }, {
        "activityType": "MOTORCYCLING",
        "probability": 0.16613120678812265
      }, {
        "activityType": "IN_FERRY",
        "probability": 0.06097637233324349
      }, {
        "activityType": "IN_BUS",
        "probability": 0.05455660866573453
      }, {
        "activityType": "RUNNING",
        "probability": 0.0328124820953235
      }, {
        "activityType": "FLYING",
        "probability": 0.01640029513509944
      }, {
        "activityType": "SKIING",
        "probability": 0.008986414468381554
      }, {
        "activityType": "SAILING",
        "probability": 0.006805172597523779
      }, {
        "activityType": "IN_TRAM",
        "probability": 0.005570146458921954
      }, {
        "activityType": "IN_TRAIN",
        "probability": 0.0035003678931389004
      }, {
        "activityType": "IN_SUBWAY",
        "probability": 0.0011413662832637783
      }, {
        "activityType": "IN_VEHICLE",
        "probability": 2.1299801744589786E-5
      }],
      "waypointPath": {
        "waypoints": [{
          "latE7": 514115447,
          "lngE7": 196660652
        }, {
          "latE7": 514094619,
          "lngE7": 196562366
        }, {
          "latE7": 514049110,
          "lngE7": 196613826
        }],
        "source": "INFERRED",
        "roadSegment": [{
          "placeId": "ChIJN51uA3ggGkcRAkmUXoh_gfU"
        }, {
          "placeId": "ChIJBb_9-ncgGkcRVvyoK-DjWHE"
        }, {
          "placeId": "ChIJCxzlHHggGkcRvJQ_7wJSRHY"
        }, {
          "placeId": "ChIJU-FTHHggGkcRoDJ6YCQhBzA"
        }, {
          "placeId": "ChIJFWii-ncgGkcR6Pc0FURNlKo"
        }, {
          "placeId": "ChIJ9_ak5XcgGkcR6CyRaqeDL8o"
        }, {
          "placeId": "ChIJ2ZL25ncgGkcRE_z2U3cvyRQ"
        }, {
          "placeId": "ChIJiRkR53cgGkcRUy0aNasy8i8"
        }, {
          "placeId": "ChIJ_ToFwncgGkcRa2VSnSBngFU"
        }, {
          "placeId": "ChIJy93lvHcgGkcRlwYqGueWpJw"
        }, {
          "placeId": "ChIJ34tYoXcgGkcREetP4zLMS7A"
        }, {
          "placeId": "ChIJi_cwoXcgGkcR-GgxN1yImGs"
        }, {
          "placeId": "ChIJ4yqtoHcgGkcRxUQIA2POwqc"
        }, {
          "placeId": "ChIJg1ZCCXcgGkcR68BlkSxnIvc"
        }, {
          "placeId": "ChIJAxlfDncgGkcRzgurncFKh1Y"
        }, {
          "placeId": "ChIJdZwaF3cgGkcRuhTHHCGTZCI"
        }, {
          "placeId": "ChIJ2TJKJXcgGkcRJnh2lzMP99I"
        }, {
          "placeId": "ChIJ9-4MLncgGkcR4Z59h-hk2CY"
        }, {
          "placeId": "ChIJCfW8LXcgGkcRswxm6JGV6Js"
        }, {
          "placeId": "ChIJ9Wgd03AgGkcRoz-8bshGu_E"
        }, {
          "placeId": "ChIJR4MO2nAgGkcRn4wZGlHN_aM"
        }, {
          "placeId": "ChIJY78B3HAgGkcRosciWfbDmzU"
        }, {
          "placeId": "ChIJQfOg3nAgGkcRyPuq0USRJv4"
        }, {
          "placeId": "ChIJY9_I3nAgGkcR3oT_dJ2V2v0"
        }, {
          "placeId": "ChIJv8bU2HAgGkcRWuJzyDsijyQ"
        }, {
          "placeId": "ChIJe6DdMHEgGkcRnNnZZT4tiek"
        }, {
          "placeId": "ChIJHUOkUnEgGkcRHnO2_KJk7ys"
        }, {
          "placeId": "ChIJJwaQqnYgGkcR55EcWaIxKCA"
        }, {
          "placeId": "ChIJ5bQABnQgGkcRQ4-V421nTls"
        }, {
          "placeId": "ChIJq0_ADnQgGkcRdATx3DmSasQ"
        }, {
          "placeId": "ChIJ0zUlDHQgGkcRnEbF6Q0LcPk"
        }, {
          "placeId": "ChIJiw6vDXQgGkcRlSUEcfPc3KA"
        }, {
          "placeId": "ChIJ9U3ccnQgGkcRWAT-mGuo8Zo"
        }, {
          "placeId": "ChIJnSEBbHQgGkcRXAYhJzZWuq0"
        }, {
          "placeId": "ChIJlRvDa3QgGkcRwNjTU5kdty0"
        }, {
          "placeId": "ChIJuaORQXQgGkcRRbp5_m_Jepk"
        }, {
          "placeId": "ChIJgcBcQXQgGkcRMKMXZrUCScQ"
        }, {
          "placeId": "ChIJgXHHSHQgGkcRgBRN2BZcsXE"
        }, {
          "placeId": "ChIJ-TDvS3QgGkcRGHJoTxyskow"
        }, {
          "placeId": "ChIJF3G5tHUgGkcRhXqViWNzUmo"
        }, {
          "placeId": "ChIJNVYit3UgGkcRldEXgQHDYcQ"
        }, {
          "placeId": "ChIJXcFruXUgGkcR7GgMrsUdPJk"
        }, {
          "placeId": "ChIJRVKSvnUgGkcRaWh4VQ3UQQE"
        }, {
          "placeId": "ChIJm0X-vXUgGkcRnTzrj5euijg"
        }, {
          "placeId": "ChIJgUv6lnUgGkcRofCJMtZRA_w"
        }, {
          "placeId": "ChIJ7RI0l3UgGkcRfHZmpsGDdqg"
        }, {
          "placeId": "ChIJHwuZkHUgGkcRGVEkWgMFSsQ"
        }, {
          "placeId": "ChIJYQ5rkHUgGkcR9Lp3NptMBwA"
        }, {
          "placeId": "ChIJUT-wj3UgGkcRClaUhn5LsQ8"
        }],
        "distanceMeters": 2086.328233842059,
        "travelMode": "DRIVE",
        "confidence": 0.7849258627408281
      },
      "parkingEvent": {
        "location": {
          "latitudeE7": 514046592,
          "longitudeE7": 196614191,
          "accuracyMetres": 48
        },
        "method": "PERSONAL_VEHICLE_CONFIDENCE",
        "locationSource": "UNKNOWN",
        "timestamp": "2020-05-15T12:19:10.219Z"
      }
    }
  }, {
    "placeVisit": {
      "location": {
        "latitudeE7": 514044720,
        "longitudeE7": 196613656,
        "placeId": "ChIJzVKKgHUgGkcRFUJ1mAZ-X2o",
        "address": "Aleje Generała Władysława Sikorskiego 13/17, 97-300 Piotrków Trybunalski, Polska",
        "name": "Echo",
        "sourceInfo": {
          "deviceTag": 2038012174
        },
        "locationConfidence": 99.631805,
        "calibratedProbability": 85.08033,
        "isCurrentLocation": true
      },
      "duration": {
        "startTimestamp": "2020-05-15T12:18:02.003Z",
        "endTimestamp": "2020-05-15T12:48:10.436Z"
      },
      "placeConfidence": "HIGH_CONFIDENCE",
      "childVisits": [{
        "location": {
          "latitudeE7": 514042758,
          "longitudeE7": 196609683,
          "placeId": "ChIJgXVdhHUgGkcRfkgIa-pKsys",
          "address": "Aleje Generała Władysława Sikorskiego 13/17, 97-300 Piotrków Trybunalski, Polska",
          "name": "Auchan Piotrków Trybunalski",
          "sourceInfo": {
            "deviceTag": 2038012174
          },
          "locationConfidence": 94.48813,
          "calibratedProbability": 81.64913,
          "isCurrentLocation": true
        },
        "duration": {
          "startTimestamp": "2020-05-15T12:18:02.003Z",
          "endTimestamp": "2020-05-15T12:48:10.436Z"
        },
        "placeConfidence": "HIGH_CONFIDENCE",
        "centerLatE7": 514046633,
        "centerLngE7": 196616117,
        "visitConfidence": 91,
        "otherCandidateLocations": [{
          "latitudeE7": 514046480,
          "longitudeE7": 196609722,
          "placeId": "ChIJQ6Xri3UgGkcRMdc-nJFE5uY",
          "address": "Aleje Generała Władysława Sikorskiego 13/17, 97-300 Piotrków Trybunalski, Polska",
          "name": "RTV EURO AGD",
          "locationConfidence": 3.1458814,
          "calibratedProbability": 2.7184205,
          "isCurrentLocation": true
        }, {
          "latitudeE7": 514045409,
          "longitudeE7": 196610580,
          "placeId": "ChIJgXVdhHUgGkcRPogseuXVI98",
          "address": "13/17,, Aleje Generała Władysława Sikorskiego 13/17, 97-300 Piotrków Trybunalski, Polska",
          "name": "Western Union",
          "locationConfidence": 0.5207119,
          "calibratedProbability": 0.44995782,
          "isCurrentLocation": true
        }, {
          "latitudeE7": 514035727,
          "longitudeE7": 196622917,
          "placeId": "ChIJv7rri3UgGkcR_M0g5Z0gnLU",
          "address": "Aleje Generała Władysława Sikorskiego 13/17, 97-300 Piotrków Trybunalski, Polska",
          "name": "Bricomarché",
          "locationConfidence": 0.4084645,
          "calibratedProbability": 0.35296255,
          "isCurrentLocation": true
        }, {
          "latitudeE7": 514039646,
          "longitudeE7": 196613538,
          "placeId": "ChIJ414a1Z-KGUcR-RM0us2gd7o",
          "address": "17 CH. Echo, Aleje Generała Władysława Sikorskiego 13, 97-300 Piotrków Trybunalski, Polska",
          "name": "Zegarmistrz Paweł Tłoczek - Piotrków Trybunalski",
          "locationConfidence": 0.2528957,
          "calibratedProbability": 0.21853237,
          "isCurrentLocation": true
        }],
        "editConfirmationStatus": "NOT_CONFIRMED",
        "locationConfidence": 81,
        "placeVisitType": "SINGLE_PLACE",
        "placeVisitLevel": 1
      }],
      "centerLatE7": 514046633,
      "centerLngE7": 196616117,
      "visitConfidence": 91,
      "otherCandidateLocations": [{
        "latitudeE7": 514045757,
        "longitudeE7": 196647381,
        "placeId": "ChIJDcOZEveLGUcRZ7T1TTskJFg",
        "locationConfidence": 0.17886926,
        "calibratedProbability": 0.15274496
      }, {
        "latitudeE7": 514058082,
        "longitudeE7": 196636404,
        "placeId": "ChIJB2trBZ6KGUcR7DaqsQEQ48M",
        "address": "Aleje Generała Władysława Sikorskiego 13/15, 97-300 Piotrków Trybunalski, Polska",
        "name": "Skatepark",
        "locationConfidence": 0.17791238,
        "calibratedProbability": 0.15192783
      }, {
        "latitudeE7": 514061169,
        "longitudeE7": 196617732,
        "placeId": "ChIJod8i5XUgGkcRWqWNccsfx_I",
        "address": "Belzacka 108/110, 97-300 Piotrków Trybunalski, Polska",
        "locationConfidence": 0.0023944837,
        "calibratedProbability": 0.0020447632
      }, {
        "latitudeE7": 514064466,
        "longitudeE7": 196648153,
        "placeId": "ChIJGzt22XUgGkcR2LEpqUlIkoM",
        "address": "Belzacka 104, 97-300 Piotrków Trybunalski, Polska",
        "name": "Szkoła Podstawowa nr 12 im. Kornela Makuszyńskiego",
        "locationConfidence": 0.0022965132,
        "calibratedProbability": 0.0019611015
      }],
      "editConfirmationStatus": "NOT_CONFIRMED",
      "simplifiedRawPath": {
        "points": [{
          "latE7": 514041107,
          "lngE7": 196616378,
          "accuracyMeters": 150,
          "timestamp": "2020-05-15T12:21:55.608Z"
        }, {
          "latE7": 514041107,
          "lngE7": 196616378,
          "accuracyMeters": 150,
          "timestamp": "2020-05-15T12:22:16.302Z"
        }, {
          "latE7": 514045856,
          "lngE7": 196610825,
          "accuracyMeters": 11,
          "timestamp": "2020-05-15T12:27:30.378Z"
        }],
        "source": "INFERRED",
        "distanceMeters": 261.4492086734931
      },
      "locationConfidence": 88,
      "placeVisitType": "SINGLE_PLACE",
      "placeVisitImportance": "MAIN"
    }
  }, {
    "activitySegment": {
      "startLocation": {
        "latitudeE7": 514049863,
        "longitudeE7": 196628377,
        "sourceInfo": {
          "deviceTag": 2038012174
        }
      },
      "endLocation": {
        "latitudeE7": 514098090,
        "longitudeE7": 196351745,
        "sourceInfo": {
          "deviceTag": 2038012174
        }
      },
      "duration": {
        "startTimestamp": "2020-05-15T12:48:10.436Z",
        "endTimestamp": "2020-05-15T12:57:02.072Z"
      },
      "distance": 1992,
      "activityType": "IN_PASSENGER_VEHICLE",
      "confidence": "HIGH",
      "activities": [{
        "activityType": "IN_PASSENGER_VEHICLE",
        "probability": 88.80680799484253
      }, {
        "activityType": "STILL",
        "probability": 8.123375475406647
      }, {
        "activityType": "WALKING",
        "probability": 2.641076222062111
      }, {
        "activityType": "MOTORCYCLING",
        "probability": 0.11279049795120955
      }, {
        "activityType": "CYCLING",
        "probability": 0.11022104881703854
      }, {
        "activityType": "IN_FERRY",
        "probability": 0.052140094339847565
      }, {
        "activityType": "IN_BUS",
        "probability": 0.04871226265095174
      }, {
        "activityType": "RUNNING",
        "probability": 0.04322506138123572
      }, {
        "activityType": "FLYING",
        "probability": 0.025510723935440183
      }, {
        "activityType": "IN_TRAM",
        "probability": 0.008811742009129375
      }, {
        "activityType": "SAILING",
        "probability": 0.008763771620579064
      }, {
        "activityType": "IN_TRAIN",
        "probability": 0.008163609163602814
      }, {
        "activityType": "SKIING",
        "probability": 0.008116410754155368
      }, {
        "activityType": "IN_SUBWAY",
        "probability": 0.002273538848385215
      }, {
        "activityType": "IN_VEHICLE",
        "probability": 1.5692340582518227E-5
      }],
      "waypointPath": {
        "waypoints": [{
          "latE7": 514050521,
          "lngE7": 196628704
        }, {
          "latE7": 514075851,
          "lngE7": 196479778
        }, {
          "latE7": 514099235,
          "lngE7": 196352291
        }],
        "source": "INFERRED",
        "roadSegment": [{
          "placeId": "ChIJ0zK4IZ6KGUcR9100deyuGfs"
        }, {
          "placeId": "ChIJXS9bjXUgGkcRA5ZoyI_Fw9A"
        }, {
          "placeId": "ChIJ2zKFx3UgGkcRLHJ0EoJ1HVM"
        }, {
          "placeId": "ChIJvWbINXQgGkcRX0RyTMRDh10"
        }, {
          "placeId": "ChIJp-GoN3QgGkcR-XO4-XfgQsE"
        }, {
          "placeId": "ChIJ5T0DOXQgGkcREL6qpT9fCHU"
        }, {
          "placeId": "ChIJgWRFPnQgGkcRSG29OIytc1g"
        }, {
          "placeId": "ChIJzQK0FXQgGkcRsM9czelTJDk"
        }, {
          "placeId": "ChIJsyzzE3QgGkcRL6sO5qH3AQs"
        }, {
          "placeId": "ChIJb3E2EnQgGkcRB8UHakbqmCg"
        }, {
          "placeId": "ChIJaVXbDXQgGkcR04CBYVS9lf8"
        }, {
          "placeId": "ChIJjdeRC3QgGkcRrswDct-771A"
        }, {
          "placeId": "ChIJRXVg9HMgGkcR-gtqfRFQJzQ"
        }, {
          "placeId": "ChIJCSN-tXMgGkcRMuKj6WN2PFM"
        }, {
          "placeId": "ChIJPyaec3IgGkcRxnuJipN_Kes"
        }, {
          "placeId": "ChIJFRKvi20gGkcRPalbM9cDTs4"
        }, {
          "placeId": "ChIJsf2YjW0gGkcRHReFfoGCzxk"
        }, {
          "placeId": "ChIJv7J1t20gGkcRwcUM3qDrsaM"
        }, {
          "placeId": "ChIJL9oNc2wgGkcR-mjdYrO3EJI"
        }, {
          "placeId": "ChIJ4RyekmsgGkcRjmKCVcCxbwo"
        }, {
          "placeId": "ChIJzZrrtWsgGkcRZfyHHTJIqu0"
        }],
        "distanceMeters": 1995.0966446699374,
        "travelMode": "DRIVE",
        "confidence": 0.0
      },
      "parkingEvent": {
        "location": {
          "latitudeE7": 514098090,
          "longitudeE7": 196351745,
          "accuracyMetres": 160,
          "sourceInfo": {
            "deviceTag": 2038012174
          }
        },
        "method": "END_OF_ACTIVITY_SEGMENT",
        "locationSource": "UNKNOWN",
        "timestamp": "2020-05-15T12:57:02.072Z"
      }
    }
  }, {
    "placeVisit": {
      "location": {
        "latitudeE7": 514092254,
        "longitudeE7": 196533494,
        "placeId": "ChIJTc3mc3EgGkcRnmnef39_Mcc",
        "address": "Folwarczna 12G, 97-320 Piotrków Trybunalski, Polska",
        "sourceInfo": {
          "deviceTag": 2038012174
        },
        "locationConfidence": 98.6856,
        "calibratedProbability": 79.66994
      },
      "duration": {
        "startTimestamp": "2020-05-16T13:58:20.488Z",
        "endTimestamp": "2020-05-16T14:01:26.177Z"
      },
      "placeConfidence": "HIGH_CONFIDENCE",
      "centerLatE7": 514092665,
      "centerLngE7": 196530539,
      "visitConfidence": 86,
      "otherCandidateLocations": [{
        "latitudeE7": 514113705,
        "longitudeE7": 196505601,
        "placeId": "ChIJRUhExQMhGkcRPfV3Dopkr3A",
        "address": "Juliusza Słowackiego 209 A, 97-300 Piotrków Trybunalski, Polska",
        "name": "Autos Piotrków Trybunalski - części do samochodów ciężarowych",
        "locationConfidence": 0.4709348,
        "calibratedProbability": 0.3801907
      }, {
        "latitudeE7": 514113258,
        "longitudeE7": 196505417,
        "placeId": "ChIJiT6htXEgGkcR4nxO2dyNi-w",
        "address": "Różana 1, 97-320 Wolbórz, Polska",
        "name": "FELDER GROUP POLSKA",
        "locationConfidence": 0.13533017,
        "calibratedProbability": 0.109253496
      }, {
        "latitudeE7": 514086111,
        "longitudeE7": 196550000,
        "placeId": "ChIJ0TbXWnEgGkcREcYpgyQdBeg",
        "address": "Folwarczna 8, 97-300 Piotrków Trybunalski, Polska",
        "name": "FunCity Centrum Edukacyjno-Rozrywkowe dla Dzieci",
        "locationConfidence": 0.13417661,
        "calibratedProbability": 0.10832221
      }, {
        "latitudeE7": 514082831,
        "longitudeE7": 196489050,
        "placeId": "ChIJHQgOEHIgGkcR2S0d3ivlnpY",
        "address": "Folwarczna 25, 97-300 Piotrków Trybunalski, Polska",
        "name": "Borch Textile Poland Sp. z o.o.",
        "locationConfidence": 0.12033967,
        "calibratedProbability": 0.0971515
      }],
      "editConfirmationStatus": "NOT_CONFIRMED",
      "locationConfidence": 86,
      "placeVisitType": "SINGLE_PLACE",
      "placeVisitImportance": "MAIN"
    }
  }, {
    "activitySegment": {
      "startLocation": {
        "latitudeE7": 514865761,
        "longitudeE7": 195143145,
        "sourceInfo": {
          "deviceTag": 2038012174
        }
      },
      "endLocation": {
        "latitudeE7": 514093431,
        "longitudeE7": 196532877,
        "sourceInfo": {
          "deviceTag": 2038012174
        }
      },
      "duration": {
        "startTimestamp": "2020-05-24T17:03:49Z",
        "endTimestamp": "2020-05-24T17:20:56.391Z"
      },
      "distance": 10736,
      "activityType": "IN_PASSENGER_VEHICLE",
      "confidence": "HIGH",
      "activities": [{
        "activityType": "IN_PASSENGER_VEHICLE",
        "probability": 86.12163066864014
      }, {
        "activityType": "STILL",
        "probability": 3.325239196419716
      }, {
        "activityType": "IN_BUS",
        "probability": 3.1502485275268555
      }, {
        "activityType": "IN_TRAIN",
        "probability": 2.7538223192095757
      }, {
        "activityType": "WALKING",
        "probability": 1.766248606145382
      }, {
        "activityType": "FLYING",
        "probability": 1.5259531326591969
      }, {
        "activityType": "MOTORCYCLING",
        "probability": 0.6434552371501923
      }, {
        "activityType": "IN_FERRY",
        "probability": 0.3958944696933031
      }, {
        "activityType": "CYCLING",
        "probability": 0.14918128727003932
      }, {
        "activityType": "RUNNING",
        "probability": 0.06881793960928917
      }, {
        "activityType": "IN_SUBWAY",
        "probability": 0.05043174605816603
      }, {
        "activityType": "SAILING",
        "probability": 0.030741668888367712
      }, {
        "activityType": "IN_TRAM",
        "probability": 0.016415394202340394
      }, {
        "activityType": "SKIING",
        "probability": 9.663097443990409E-4
      }, {
        "activityType": "IN_VEHICLE",
        "probability": 9.555296855978668E-4
      }],
      "waypointPath": {
        "waypoints": [{
          "latE7": 514866561,
          "lngE7": 195143756
        }, {
          "latE7": 514158973,
          "lngE7": 196579036
        }, {
          "latE7": 514093284,
          "lngE7": 196535415
        }],
        "source": "INFERRED",
        "roadSegment": [{
          "placeId": "ChIJ7SMlgIMjGkcRawUpq08Cpks"
        }, {
          "placeId": "ChIJF5Oc8oQjGkcRw6s-DtcfBqI"
        }, {
          "placeId": "ChIJgVifF4UjGkcRQGgZC_zNVWc"
        }, {
          "placeId": "ChIJpUdwQIUjGkcRLL2CFQ7uQPc"
        }, {
          "placeId": "ChIJj7r5UIUjGkcRyLIwv-hT9bo"
        }, {
          "placeId": "ChIJA-5hJ5AjGkcRcnR3hWq-f8E"
        }, {
          "placeId": "ChIJAea7CI4jGkcRpFWOiwl84sg"
        }, {
          "placeId": "ChIJHVOZ5o0jGkcRxOEjcdywdH4"
        }, {
          "placeId": "ChIJ7wK5vY0jGkcRwn8c6oyIbaA"
        }, {
          "placeId": "ChIJ0c9L3_MjGkcReGDlZ8phKWU"
        }, {
          "placeId": "ChIJuQm_IvEjGkcRIjJ4o5VphqQ"
        }, {
          "placeId": "ChIJpYEZ1uQjGkcRF5RabpRj04Q"
        }, {
          "placeId": "ChIJpYEZ1uQjGkcRtOW8DdLZMWk"
        }, {
          "placeId": "ChIJm9aboWghGkcR77sF54iGJsI"
        }, {
          "placeId": "ChIJc43IqHIhGkcR4RraQZmXud8"
        }, {
          "placeId": "ChIJHxXAUg0hGkcRoFqbU0wbpMI"
        }, {
          "placeId": "ChIJCSqEcg0hGkcRwsKsqKAzuYI"
        }, {
          "placeId": "ChIJ2Yc1OwQhGkcRi_pDoc7UX6E"
        }, {
          "placeId": "ChIJR1klXgEhGkcRiyDmfaiKReE"
        }, {
          "placeId": "ChIJ1dHRIf4gGkcR_aTnRVl_RwA"
        }, {
          "placeId": "ChIJK6X71_4gGkcRRVMhe-ZghcM"
        }, {
          "placeId": "ChIJs8uzQ_ggGkcR_VUJKQu5XXc"
        }, {
          "placeId": "ChIJVwMoGPggGkcRYfxJRgAFZro"
        }, {
          "placeId": "ChIJ00_J9vcgGkcRKx_qly5eL4U"
        }, {
          "placeId": "ChIJS19A0vcgGkcR9jkaZ_T5CkM"
        }, {
          "placeId": "ChIJ50TvHPYgGkcRwAo3c9Qc7e8"
        }, {
          "placeId": "ChIJxSa8AvYgGkcRG6pekQwatYE"
        }, {
          "placeId": "ChIJH5VusVggGkcR0xK1fT28SBk"
        }, {
          "placeId": "ChIJlSWYAlwgGkcR56UQp4Ts65g"
        }, {
          "placeId": "ChIJ9QPNpGcgGkcR9BMMMdrGr64"
        }, {
          "placeId": "ChIJpSTWq3sgGkcRywZHOsTjw5o"
        }, {
          "placeId": "ChIJmRzcn3AgGkcRHxth3EhGzC0"
        }, {
          "placeId": "ChIJceodwHAgGkcRpbxLY_7fRMQ"
        }, {
          "placeId": "ChIJT8o43HAgGkcRAXEQyLn1JE0"
        }, {
          "placeId": "ChIJQfOg3nAgGkcRyPuq0USRJv4"
        }, {
          "placeId": "ChIJY9_I3nAgGkcR3oT_dJ2V2v0"
        }, {
          "placeId": "ChIJv8bU2HAgGkcRWuJzyDsijyQ"
        }, {
          "placeId": "ChIJe6DdMHEgGkcRnNnZZT4tiek"
        }, {
          "placeId": "ChIJHUOkUnEgGkcRHnO2_KJk7ys"
        }, {
          "placeId": "ChIJj52tUXEgGkcRvvqLb0-VfkI"
        }, {
          "placeId": "ChIJR9W2YHEgGkcRgDX3UnloR_g"
        }, {
          "placeId": "ChIJoxORcXEgGkcRs93uKhGCOPo"
        }],
        "distanceMeters": 15499.92361836306,
        "travelMode": "DRIVE",
        "confidence": 0.9999165355271341
      },
      "parkingEvent": {
        "location": {
          "latitudeE7": 514148782,
          "longitudeE7": 196443221,
          "accuracyMetres": 26
        },
        "method": "EXITING_VEHICLE_SIGNAL",
        "locationSource": "NOT_FROM_RAW_LOCATION",
        "timestamp": "2020-05-24T17:22:37.488Z"
      }
    }
  }, {
    "activitySegment": {
      "startLocation": {
        "latitudeE7": 513637717,
        "longitudeE7": 197377472,
        "sourceInfo": {
          "deviceTag": 2038012174
        }
      },
      "endLocation": {
        "latitudeE7": 514013424,
        "longitudeE7": 196919594,
        "sourceInfo": {
          "deviceTag": 2038012174
        }
      },
      "duration": {
        "startTimestamp": "2020-05-30T12:43:19.132Z",
        "endTimestamp": "2020-05-30T12:55:15Z"
      },
      "distance": 159,
      "activityType": "IN_PASSENGER_VEHICLE",
      "confidence": "MEDIUM",
      "activities": [{
        "activityType": "IN_PASSENGER_VEHICLE",
        "probability": 77.31544375419617
      }, {
        "activityType": "STILL",
        "probability": 13.623403012752533
      }, {
        "activityType": "IN_BUS",
        "probability": 3.325311467051506
      }, {
        "activityType": "WALKING",
        "probability": 2.6035696268081665
      }, {
        "activityType": "IN_TRAIN",
        "probability": 1.4803597703576088
      }, {
        "activityType": "MOTORCYCLING",
        "probability": 0.5633375141769648
      }, {
        "activityType": "CYCLING",
        "probability": 0.336060649715364
      }, {
        "activityType": "FLYING",
        "probability": 0.3259165911003947
      }, {
        "activityType": "IN_FERRY",
        "probability": 0.3086893819272518
      }, {
        "activityType": "RUNNING",
        "probability": 0.043666939018294215
      }, {
        "activityType": "IN_TRAM",
        "probability": 0.035616656532511115
      }, {
        "activityType": "IN_SUBWAY",
        "probability": 0.02459691313561052
      }, {
        "activityType": "SAILING",
        "probability": 0.012143952335463837
      }, {
        "activityType": "SKIING",
        "probability": 0.0013633664821099956
      }, {
        "activityType": "IN_VEHICLE",
        "probability": 5.213794793235138E-4
      }]
    }
  }]
}