{
  "timelineObjects": [{
    "activitySegment": {
      "startLocation": {
        "latitudeE7": 520320392,
        "longitudeE7": 210178963
      },
      "endLocation": {
        "latitudeE7": 522316230,
        "longitudeE7": 210966845
      },
      "duration": {
        "startTimestamp": "2020-01-01T03:10:13.760Z",
        "endTimestamp": "2020-01-01T05:46:05.771Z"
      },
      "distance": 48622,
      "activityType": "IN_PASSENGER_VEHICLE",
      "confidence": "MEDIUM",
      "activities": [{
        "activityType": "IN_PASSENGER_VEHICLE",
        "probability": 69.68271136283875
      }, {
        "activityType": "IN_BUS",
        "probability": 11.713644117116928
      }, {
        "activityType": "WALKING",
        "probability": 9.761971235275269
      }],
      "simplifiedRawPath": {
        "points": [{
          "latE7": 520313631,
          "lngE7": 210193407,
          "accuracyMeters": 135,
          "timestamp": "2020-01-01T03:11:58.764Z"
        }, {
          "latE7": 522316230,
          "lngE7": 210966845,
          "accuracyMeters": 98,
          "timestamp": "2020-01-01T04:49:02.147Z"
        }, {
          "latE7": 521772835,
          "lngE7": 210079056,
          "accuracyMeters": 34,
          "timestamp": "2020-01-01T05:32:30.443Z"
        }, {
          "latE7": 521781141,
          "lngE7": 210065523,
          "accuracyMeters": 8,
          "timestamp": "2020-01-01T05:33:17.999Z"
        }, {
          "latE7": 521796220,
          "lngE7": 209972266,
          "accuracyMeters": 92,
          "timestamp": "2020-01-01T05:35:38.387Z"
        }],
        "source": "BACKFILLED",
        "distanceMeters": 41256.80633480316
      }
    }
  }, {
    "placeVisit": {
      "location": {
        "latitudeE7": 522307675,
        "longitudeE7": 209102352,
        "placeId": "ChIJl2HTciHLHkcRComvPhZLqnM",
        "address": "Muszlowa 1, 00-001 Warszawa, Polska",
        "semanticType": "TYPE_HOME",
        "sourceInfo": {
          "deviceTag": 2038012174
        },
        "locationConfidence": 88.913826,
        "calibratedProbability": 68.74554
      },
      "duration": {
        "startTimestamp": "2020-01-01T19:24:47.237Z",
        "endTimestamp": "2020-01-01T19:45:15.808Z"
      },
      "placeConfidence": "MEDIUM_CONFIDENCE",
      "centerLatE7": 522306663,
      "centerLngE7": 209105631,
      "visitConfidence": 87,
      "otherCandidateLocations": [{
        "latitudeE7": 522284654,
        "longitudeE7": 209144377,
        "placeId": "ChIJrappgyPLHkcRJ3Jfz6727aE",
        "address": "Człuchowska 25, 01-360 Warszawa, Polska",
        "name": "Hala Wola Sp. z o.o.",
        "locationConfidence": 6.884687,
        "calibratedProbability": 5.323036
      }, {
        "latitudeE7": 522321959,
        "longitudeE7": 209115499,
        "placeId": "ChIJa-C3lSHLHkcRmZL6viDUm6E",
        "address": "Muszlowa 2, 01-361 Warszawa, Polska",
        "semanticType": "TYPE_SEARCHED_ADDRESS",
        "locationConfidence": 2.7315965,
        "calibratedProbability": 2.1119895
      }, {
        "latitudeE7": 522335236,
        "longitudeE7": 209053919,
        "placeId": "ChIJ2W3nkd_KHkcR2zK4koViRYc",
        "address": "Park, Górczewska, 01-318 Warszawa, Polska",
        "name": "Górczewska Park",
        "locationConfidence": 0.40336087,
        "calibratedProbability": 0.3118667
      }, {
        "latitudeE7": 522282710,
        "longitudeE7": 209104775,
        "placeId": "ChIJlQe4ASTLHkcRln2q3nFQ_is",
        "address": "Świetlików 9, 01-141 Warszawa, Polska",
        "name": "Biedronka",
        "locationConfidence": 0.34989733,
        "calibratedProbability": 0.27053025
      }],
      "editConfirmationStatus": "NOT_CONFIRMED",
      "locationConfidence": 74,
      "placeVisitType": "SINGLE_PLACE",
      "placeVisitImportance": "MAIN"
    }
  }, {
    "activitySegment": {
      "startLocation": {
        "latitudeE7": 522306750,
        "longitudeE7": 209105432
      },
      "endLocation": {
        "latitudeE7": 522390713,
        "longitudeE7": 209454901
      },
      "duration": {
        "startTimestamp": "2020-01-01T19:45:15.808Z",
        "endTimestamp": "2020-01-01T20:30:40.868Z"
      },
      "distance": 2556,
      "activityType": "WALKING",
      "confidence": "LOW",
      "activities": [{
        "activityType": "WALKING",
        "probability": 28.59908938407898
      }, {
        "activityType": "CYCLING",
        "probability": 23.18812608718872
      }, {
        "activityType": "STILL",
        "probability": 18.750926852226257
      }]
    }
  }, {
    "activitySegment": {
      "startLocation": {
        "latitudeE7": 522390713,
        "longitudeE7": 209454901
      },
      "endLocation": {
        "latitudeE7": 522298110,
        "longitudeE7": 209110571
      },
      "duration": {
        "startTimestamp": "2020-01-01T20:30:40.868Z",
        "endTimestamp": "2020-01-02T20:53:07.999Z"
      },
      "activityType": "UNKNOWN_ACTIVITY_TYPE",
      "activities": [{
        "activityType": "UNKNOWN_ACTIVITY_TYPE",
        "probability": 0.0
      }],
      "simplifiedRawPath": {
        "points": [{
          "latE7": 522305386,
          "lngE7": 209105853,
          "accuracyMeters": 6,
          "timestamp": "2020-01-02T20:52:06.999Z"
        }],
        "source": "BACKFILLED",
        "distanceMeters": 2646.3952747896865
      }
    }
  }, {
    "activitySegment": {
      "startLocation": {
        "latitudeE7": 522298110,
        "longitudeE7": 209110571
      },
      "endLocation": {
        "latitudeE7": 522351422,
        "longitudeE7": 210160176
      },
      "duration": {
        "startTimestamp": "2020-01-02T20:53:07.999Z",
        "endTimestamp": "2020-01-02T21:21:12.999Z"
      },
      "distance": 12876,
      "activityType": "IN_PASSENGER_VEHICLE",
      "confidence": "HIGH",
      "activities": [{
        "activityType": "IN_PASSENGER_VEHICLE",
        "probability": 89.39410448074341
      }, {
        "activityType": "STILL",
        "probability": 7.46270939707756
      }, {
        "activityType": "WALKING",
        "probability": 2.1204302087426186
      }],
      "simplifiedRawPath": {
        "points": [{
          "latE7": 522289546,
          "lngE7": 209110135,
          "accuracyMeters": 8,
          "timestamp": "2020-01-02T20:53:39.999Z"
        }, {
          "latE7": 522234105,
          "lngE7": 209167711,
          "accuracyMeters": 3,
          "timestamp": "2020-01-02T20:55:43.999Z"
        }, {
          "latE7": 522250106,
          "lngE7": 209360978,
          "accuracyMeters": 3,
          "timestamp": "2020-01-02T20:58:21Z"
        }, {
          "latE7": 522284383,
          "lngE7": 209667130,
          "accuracyMeters": 3,
          "timestamp": "2020-01-02T21:02:44Z"
        }, {
          "latE7": 522300115,
          "lngE7": 209837668,
          "accuracyMeters": 7,
          "timestamp": "2020-01-02T21:04:48Z"
        }, {
          "latE7": 522321115,
          "lngE7": 209937877,
          "accuracyMeters": 3,
          "timestamp": "2020-01-02T21:05:51Z"
        }, {
          "latE7": 522367339,
          "lngE7": 210165333,
          "accuracyMeters": 3,
          "timestamp": "2020-01-02T21:08:56Z"
        }, {
          "latE7": 522352848,
          "lngE7": 210168757,
          "accuracyMeters": 8,
          "timestamp": "2020-01-02T21:10:31Z"
        }, {
          "latE7": 522351422,
          "lngE7": 210160176,
          "accuracyMeters": 6,
          "timestamp": "2020-01-02T21:10:47Z"
        }, {
          "latE7": 522347704,
          "lngE7": 210140820,
          "accuracyMeters": 3,
          "timestamp": "2020-01-02T21:11:49Z"
        }, {
          "latE7": 522357404,
          "lngE7": 210133244,
          "accuracyMeters": 3,
          "timestamp": "2020-01-02T21:12:37Z"
        }, {
          "latE7": 522357871,
          "lngE7": 210111265,
          "accuracyMeters": 4,
          "timestamp": "2020-01-02T21:14:11Z"
        }, {
          "latE7": 522306935,
          "lngE7": 209850956,
          "accuracyMeters": 5,
          "timestamp": "2020-01-02T21:20:56.999Z"
        }],
        "source": "BACKFILLED",
        "distanceMeters": 12480.527758579077
      }
    }
  }, {
    "activitySegment": {
      "startLocation": {
        "latitudeE7": 521774531,
        "longitudeE7": 210432710
      },
      "endLocation": {
        "latitudeE7": 521702459,
        "longitudeE7": 210402977
      },
      "duration": {
        "startTimestamp": "2020-01-05T01:27:53.786Z",
        "endTimestamp": "2020-01-05T02:06:02Z"
      },
      "distance": 1075,
      "activityType": "WALKING",
      "confidence": "MEDIUM",
      "activities": [{
        "activityType": "WALKING",
        "probability": 63.33029270172119
      }, {
        "activityType": "STILL",
        "probability": 21.731047332286835
      }, {
        "activityType": "IN_PASSENGER_VEHICLE",
        "probability": 9.121525287628174
      }],
      "simplifiedRawPath": {
        "points": [{
          "latE7": 521702097,
          "lngE7": 210401325,
          "accuracyMeters": 32,
          "timestamp": "2020-01-05T02:02:22.974Z"
        }, {
          "latE7": 521711049,
          "lngE7": 210405777,
          "accuracyMeters": 7,
          "timestamp": "2020-01-05T02:05:17Z"
        }],
        "source": "BACKFILLED",
        "distanceMeters": 1041.5978413515168
      }
    }
  }, {
    "activitySegment": {
      "startLocation": {
        "latitudeE7": 521702459,
        "longitudeE7": 210402977
      },
      "endLocation": {
        "latitudeE7": 522448956,
        "longitudeE7": 210013318
      },
      "duration": {
        "startTimestamp": "2020-01-05T02:06:02Z",
        "endTimestamp": "2020-01-15T16:04:03.529Z"
      },
      "activityType": "UNKNOWN_ACTIVITY_TYPE",
      "activities": [{
        "activityType": "UNKNOWN_ACTIVITY_TYPE",
        "probability": 0.0
      }],
      "simplifiedRawPath": {
        "points": [{
          "latE7": 521687489,
          "lngE7": 210403947,
          "accuracyMeters": 82,
          "timestamp": "2020-01-05T02:06:02Z"
        }, {
          "latE7": 522360992,
          "lngE7": 210130472,
          "accuracyMeters": 23,
          "timestamp": "2020-01-10T19:40:15.868Z"
        }, {
          "latE7": 522359208,
          "lngE7": 210120999,
          "accuracyMeters": 14,
          "timestamp": "2020-01-10T19:41:13.403Z"
        }, {
          "latE7": 522359107,
          "lngE7": 210109801,
          "accuracyMeters": 17,
          "timestamp": "2020-01-10T19:46:14.573Z"
        }, {
          "latE7": 522552075,
          "lngE7": 209038634,
          "accuracyMeters": 49,
          "timestamp": "2020-01-14T07:54:44.594Z"
        }, {
          "latE7": 522450010,
          "lngE7": 210037995,
          "accuracyMeters": 6,
          "timestamp": "2020-01-15T16:00:04Z"
        }],
        "source": "BACKFILLED",
        "distanceMeters": 22856.09316279561
      }
    }
  }, {
    "activitySegment": {
      "startLocation": {
        "latitudeE7": 522448956,
        "longitudeE7": 210013318
      },
      "endLocation": {
        "latitudeE7": 522352339,
        "longitudeE7": 210084454
      },
      "duration": {
        "startTimestamp": "2020-01-15T16:04:03.529Z",
        "endTimestamp": "2020-01-15T16:51:37.684Z"
      },
      "distance": 1213,
      "activityType": "IN_SUBWAY",
      "confidence": "LOW",
      "activities": [{
        "activityType": "IN_SUBWAY",
        "probability": 43.84234547615051
      }, {
        "activityType": "STILL",
        "probability": 20.861485600471497
      }, {
        "activityType": "WALKING",
        "probability": 12.622946500778198
      }],
      "transitPath": {
        "transitStops": [{
          "latitudeE7": 522448956,
          "longitudeE7": 210013318,
          "placeId": "ChIJo27HqXzMHkcRHgTkIRMsVdg",
          "address": "Warszawa, Polska",
          "name": "Ratusz Arsenał"
        }, {
          "latitudeE7": 522352339,
          "longitudeE7": 210084454,
          "placeId": "ChIJMxeG4orMHkcRh8fqCO60lb4",
          "address": "Marszałkowska 0, 00-004 Warszawa, Polska",
          "name": "Świętokrzyska"
        }],
        "name": "M1",
        "hexRgbColor": "0066CC",
        "linePlaceId": "ChIJqSD63cbMHkcRqwp9LEWEWqk",
        "source": "INFERRED",
        "confidence": 0.0,
        "distanceMeters": 1213.0
      },
      "simplifiedRawPath": {
        "points": [{
          "latE7": 522449408,
          "lngE7": 210021815,
          "accuracyMeters": 29,
          "timestamp": "2020-01-15T16:04:03.529Z"
        }, {
          "latE7": 522302015,
          "lngE7": 210098054,
          "accuracyMeters": 41,
          "timestamp": "2020-01-15T16:08:56.221Z"
        }, {
          "latE7": 522300388,
          "lngE7": 210130115,
          "accuracyMeters": 48,
          "timestamp": "2020-01-15T16:14:01.999Z"
        }, {
          "latE7": 522304262,
          "lngE7": 210123549,
          "accuracyMeters": 100,
          "timestamp": "2020-01-15T16:16:53.389Z"
        }, {
          "latE7": 522312241,
          "lngE7": 210187789,
          "accuracyMeters": 29,
          "timestamp": "2020-01-15T16:19:31.166Z"
        }],
        "source": "BACKFILLED",
        "distanceMeters": 3356.365989182529
      }
    }
  }, {
    "activitySegment": {
      "startLocation": {
        "latitudeE7": 522304262,
        "longitudeE7": 210123549
      },
      "endLocation": {
        "latitudeE7": 522363302,
        "longitudeE7": 210181180
      },
      "duration": {
        "startTimestamp": "2020-01-15T16:51:37.684Z",
        "endTimestamp": "2020-01-15T17:15:24.762Z"
      },
      "distance": 3170,
      "activityType": "WALKING",
      "confidence": "LOW",
      "activities": [{
        "activityType": "WALKING",
        "probability": 45.923832058906555
      }, {
        "activityType": "IN_BUS",
        "probability": 32.79283940792084
      }, {
        "activityType": "STILL",
        "probability": 11.669939756393433
      }],
      "waypointPath": {
        "waypoints": [{
          "latE7": 522304420,
          "lngE7": 210328445
        }, {
          "latE7": 522298469,
          "lngE7": 210228958
        }, {
          "latE7": 522283706,
          "lngE7": 210224304
        }, {
          "latE7": 522318305,
          "lngE7": 210204906
        }, {
          "latE7": 522363319,
          "lngE7": 210181312
        }],
        "source": "INFERRED",
        "distanceMeters": 1547.2959423640189,
        "travelMode": "WALK",
        "confidence": 0.9931282180453352
      },
      "simplifiedRawPath": {
        "points": [{
          "latE7": 522283821,
          "lngE7": 210226784,
          "accuracyMeters": 12,
          "timestamp": "2020-01-15T16:59:34.078Z"
        }]
      }
    }
  }, {
    "activitySegment": {
      "startLocation": {
        "latitudeE7": 522363302,
        "longitudeE7": 210181180
      },
      "endLocation": {
        "latitudeE7": 522369876,
        "longitudeE7": 210188558
      },
      "duration": {
        "startTimestamp": "2020-01-15T17:15:24.762Z",
        "endTimestamp": "2020-01-15T17:39:10.046Z"
      },
      "activityType": "UNKNOWN_ACTIVITY_TYPE",
      "activities": [{
        "activityType": "UNKNOWN_ACTIVITY_TYPE",
        "probability": 0.0
      }],
      "simplifiedRawPath": {
        "points": [{
          "latE7": 522367664,
          "lngE7": 210170290,
          "accuracyMeters": 22,
          "timestamp": "2020-01-15T17:20:25.275Z"
        }, {
          "latE7": 522365632,
          "lngE7": 210160055,
          "accuracyMeters": 28,
          "timestamp": "2020-01-15T17:25:25.135Z"
        }],
        "source": "BACKFILLED",
        "distanceMeters": 361.95053482913056
      }
    }
  }, {
    "activitySegment": {
      "startLocation": {
        "latitudeE7": 522369876,
        "longitudeE7": 210188558
      },
      "endLocation": {
        "latitudeE7": 522275319,
        "longitudeE7": 209524799
      },
      "duration": {
        "startTimestamp": "2020-01-15T17:39:10.046Z",
        "endTimestamp": "2020-01-15T19:09:38Z"
      },
      "distance": 4641,
      "activityType": "IN_BUS",
      "confidence": "LOW",
      "activities": [{
        "activityType": "IN_BUS",
        "probability": 59.38345193862915
      }, {
        "activityType": "WALKING",
        "probability": 27.254560589790344
      }, {
        "activityType": "STILL",
        "probability": 6.853771209716797
      }]
    }
  }, {
    "activitySegment": {
      "startLocation": {
        "latitudeE7": 522357360,
        "longitudeE7": 210169359
      },
      "endLocation": {
        "latitudeE7": 522296180,
        "longitudeE7": 209090846
      },
      "duration": {
        "startTimestamp": "2020-01-19T13:42:03.745Z",
        "endTimestamp": "2020-01-19T14:06:21.298Z"
      },
      "distance": 54,
      "activityType": "IN_PASSENGER_VEHICLE",
      "confidence": "MEDIUM",
      "activities": [{
        "activityType": "IN_PASSENGER_VEHICLE",
        "probability": 71.98853492736816
      }, {
        "activityType": "STILL",
        "probability": 15.366795659065247
      }, {
        "activityType": "IN_BUS",
        "probability": 5.644162744283676
      }],
      "simplifiedRawPath": {
        "points": [{
          "latE7": 522351820,
          "lngE7": 210136499,
          "accuracyMeters": 5,
          "timestamp": "2020-01-19T13:44:32.999Z"
        }, {
          "latE7": 522359611,
          "lngE7": 210132559,
          "accuracyMeters": 6,
          "timestamp": "2020-01-19T13:44:48.999Z"
        }, {
          "latE7": 522305043,
          "lngE7": 209837843,
          "accuracyMeters": 6,
          "timestamp": "2020-01-19T13:50:08Z"
        }, {
          "latE7": 522278503,
          "lngE7": 209531156,
          "accuracyMeters": 3,
          "timestamp": "2020-01-19T13:55:04.718Z"
        }, {
          "latE7": 522242832,
          "lngE7": 209329522,
          "accuracyMeters": 3,
          "timestamp": "2020-01-19T13:57:12Z"
        }, {
          "latE7": 522245316,
          "lngE7": 209167577,
          "accuracyMeters": 3,
          "timestamp": "2020-01-19T13:59:43Z"
        }, {
          "latE7": 522286984,
          "lngE7": 209155333,
          "accuracyMeters": 3,
          "timestamp": "2020-01-19T14:00:44Z"
        }, {
          "latE7": 522291898,
          "lngE7": 209109750,
          "accuracyMeters": 4,
          "timestamp": "2020-01-19T14:01:30Z"
        }],
        "source": "BACKFILLED",
        "distanceMeters": 7984.183024533555
      }
    }
  }, {
    "activitySegment": {
      "startLocation": {
        "latitudeE7": 522230095,
        "longitudeE7": 209288679
      },
      "endLocation": {
        "latitudeE7": 522352678,
        "longitudeE7": 210089326
      },
      "duration": {
        "startTimestamp": "2020-01-28T13:11:53Z",
        "endTimestamp": "2020-01-28T13:39:22.999Z"
      },
      "distance": 46,
      "activityType": "IN_PASSENGER_VEHICLE",
      "confidence": "MEDIUM",
      "activities": [{
        "activityType": "IN_PASSENGER_VEHICLE",
        "probability": 70.12723088264465
      }, {
        "activityType": "STILL",
        "probability": 14.01488482952118
      }, {
        "activityType": "IN_BUS",
        "probability": 10.762998461723328
      }],
      "waypointPath": {
        "waypoints": [{
          "latE7": 522230033,
          "lngE7": 209288730
        }, {
          "latE7": 522300796,
          "lngE7": 209846687
        }, {
          "latE7": 522352981,
          "lngE7": 210089187
        }],
        "source": "INFERRED",
        "roadSegment": [{
          "placeId": "ChIJg85j6TjLHkcRjt3MfVa2ODc"
        }, {
          "placeId": "ChIJpVs06jjLHkcR4WPQyXhepZw"
        }, {
          "placeId": "ChIJx1aa6jjLHkcR_AJ5FIzsB-Y"
        }, {
          "placeId": "ChIJGbXEvjjLHkcRVlhlWvfIfss"
        }, {
          "placeId": "ChIJSdqjujjLHkcRdZH11QTqd4Y"
        }, {
          "placeId": "ChIJ2YLDvkDLHkcR_n3QM-8WnhA"
        }, {
          "placeId": "ChIJAYXO60DLHkcR4PVm2vP7JYc"
        }, {
          "placeId": "ChIJv05G-0DLHkcR5kEYnrD2ft4"
        }, {
          "placeId": "ChIJRavhAEHLHkcRWmpXdStPD0w"
        }, {
          "placeId": "ChIJE8L4B0HLHkcRn6xC83jEMtQ"
        }, {
          "placeId": "ChIJNfLbm0HLHkcRkosNkmxZbiI"
        }, {
          "placeId": "ChIJBeDumkHLHkcRKF_AXWk5yFg"
        }, {
          "placeId": "ChIJrwELIULLHkcR4CTeIR9ez2A"
        }, {
          "placeId": "ChIJ8XmnF0LLHkcRZKoe6NcwDYs"
        }, {
          "placeId": "ChIJXYfw3mfLHkcRHTl-jCsBOD4"
        }, {
          "placeId": "ChIJNfqA3GfLHkcRLMMgSXwEudM"
        }, {
          "placeId": "ChIJ84TAxGfLHkcRqocv2wLi5Lc"
        }, {
          "placeId": "ChIJp0E1xmfLHkcRdCrrShvYRho"
        }, {
          "placeId": "ChIJwzvqrmfLHkcR9hH930wMA74"
        }, {
          "placeId": "ChIJBagb_WbLHkcRC9lfHHHkFu0"
        }, {
          "placeId": "ChIJYYBbzmbLHkcRtiszyXOdlv4"
        }, {
          "placeId": "ChIJYYBbzmbLHkcRfrIiQwRhls4"
        }, {
          "placeId": "ChIJL0ZJamHLHkcRu4O3Itc2gkI"
        }, {
          "placeId": "ChIJrbzlcGHLHkcRZeRwIoIFaAs"
        }, {
          "placeId": "ChIJPf4FeGHLHkcRUQdnSGaj9xk"
        }, {
          "placeId": "ChIJj1HpgmHLHkcRl9du08P7Ft0"
        }, {
          "placeId": "ChIJZz8Lg2HLHkcRLLy3sYR0Xes"
        }, {
          "placeId": "ChIJHUl6hGHLHkcR3BKOwLkLSp0"
        }, {
          "placeId": "ChIJp27PhWHLHkcRjBg2BXPO2dI"
        }, {
          "placeId": "ChIJRwnGiGHLHkcRZDSvM1wz98A"
        }, {
          "placeId": "ChIJ7Xt6iWHLHkcRal4lvQtD4aE"
        }, {
          "placeId": "ChIJTYb2imHLHkcR16MduwZ4rvA"
        }, {
          "placeId": "ChIJi9FKHGLLHkcRvzP3aGrd6lM"
        }, {
          "placeId": "ChIJO7Hk-Z3MHkcRb8JKmj1Ty-M"
        }, {
          "placeId": "ChIJ4XFN7p3MHkcR162BF6ycJAo"
        }, {
          "placeId": "ChIJZZIcwZ3MHkcRzd8mZ8QdOfw"
        }, {
          "placeId": "ChIJdzMWTJzMHkcRLzD9Mivk8no"
        }, {
          "placeId": "ChIJ3TNIRZzMHkcR-zCyi7EpoUE"
        }, {
          "placeId": "ChIJcYqgb5vMHkcRTwblHklGx6Q"
        }, {
          "placeId": "ChIJHzy6FZvMHkcR1ZXYgivbOOU"
        }, {
          "placeId": "ChIJ9dJvPZvMHkcR5Ad7_e5w6XQ"
        }, {
          "placeId": "ChIJB01mI5vMHkcRSLTeb480n7U"
        }, {
          "placeId": "ChIJ2QlKJJvMHkcR4o9hymY3DDc"
        }, {
          "placeId": "ChIJ51k61prMHkcRrrvPEC7rwRY"
        }, {
          "placeId": "ChIJk8I7SIXMHkcRPjKx8jhD8XE"
        }, {
          "placeId": "ChIJJ-IQRoXMHkcR27QFdSoeRbQ"
        }, {
          "placeId": "ChIJ6z6RXIXMHkcR23_vjOvWHuY"
        }, {
          "placeId": "ChIJP62uj4_MHkcRfE2ynUJrFCY"
        }, {
          "placeId": "ChIJx2TPoY_MHkcRTkA0mG-P_yg"
        }, {
          "placeId": "ChIJ3SJYCI_MHkcRAqCwE8dD6KQ"
        }, {
          "placeId": "ChIJ4RBSHY_MHkcRktt21JvveK0"
        }, {
          "placeId": "ChIJG-KAA4_MHkcRff-Ih22OHSM"
        }, {
          "placeId": "ChIJjXdUHY_MHkcR--e0lDnvkQg"
        }, {
          "placeId": "ChIJu7YX6Y7MHkcRzcc-IiNR-Gk"
        }, {
          "placeId": "ChIJz__U647MHkcRgdduDAuzy5o"
        }, {
          "placeId": "ChIJPaAs6o7MHkcRDcgC1YdYXwM"
        }, {
          "placeId": "ChIJsTMs6o7MHkcRT3bgHcFtr2U"
        }, {
          "placeId": "ChIJ-1YN6o7MHkcRhfUcL5jupzU"
        }, {
          "placeId": "ChIJzbu2wI7MHkcRUSyZ253fK0g"
        }, {
          "placeId": "ChIJy802uI7MHkcRNXhkmyyIJVc"
        }, {
          "placeId": "ChIJDSsHsY7MHkcR5vtjo0Oq2Yc"
        }, {
          "placeId": "ChIJkVVGq47MHkcRCWx0COXIEGo"
        }, {
          "placeId": "ChIJN5kC_IvMHkcRoRQ8mpDA-sA"
        }, {
          "placeId": "ChIJN5kC_IvMHkcR4sWCFoOXruo"
        }, {
          "placeId": "ChIJIRDw-ovMHkcR7xO5TF35Rhs"
        }, {
          "placeId": "ChIJIRDw-ovMHkcRhhurMp5fTO0"
        }, {
          "placeId": "ChIJ9UMW7IvMHkcRB7FRTeuGH38"
        }, {
          "placeId": "ChIJNVBH64vMHkcRlopNp8Us39c"
        }, {
          "placeId": "ChIJE7v5vYvMHkcRSAAOmn7hiwY"
        }, {
          "placeId": "ChIJt-yBpIvMHkcRfE7MYYE2Hh0"
        }, {
          "placeId": "ChIJq_g6pIvMHkcR2PhTC2I0OQE"
        }, {
          "placeId": "ChIJ48BwpovMHkcRqtU0XHRFhtM"
        }, {
          "placeId": "ChIJ729xqIvMHkcRlnYwL9dlvQk"
        }, {
          "placeId": "ChIJKVgcB4vMHkcR-6F22xWpWyY"
        }, {
          "placeId": "ChIJQ9bJAovMHkcRYO98aeddBUU"
        }, {
          "placeId": "ChIJsbtMHYvMHkcR1tfIDfehA-s"
        }, {
          "placeId": "ChIJ6x-E4orMHkcRjys-ePe15kc"
        }],
        "distanceMeters": 5676.287582469119,
        "travelMode": "DRIVE",
        "confidence": 0.999424567458048
      },
      "parkingEvent": {
        "location": {
          "latitudeE7": 522350464,
          "longitudeE7": 210075841,
          "accuracyMetres": 14
        },
        "method": "PERSONAL_VEHICLE_CONFIDENCE",
        "locationSource": "UNKNOWN",
        "timestamp": "2020-01-28T13:39:08.999Z"
      }
    }
  }, {
    "activitySegment": {
      "startLocation": {
        "latitudeE7": 522307545,
        "longitudeE7": 209104040
      },
      "endLocation": {
        "latitudeE7": 514191246,
        "longitudeE7": 196641879
      },
      "duration": {
        "startTimestamp": "2020-01-31T15:22:34.999Z",
        "endTimestamp": "2020-01-31T17:10:14.999Z"
      },
      "distance": 200,
      "activityType": "IN_PASSENGER_VEHICLE",
      "confidence": "HIGH",
      "activities": [{
        "activityType": "IN_PASSENGER_VEHICLE",
        "probability": 88.89262676239014
      }, {
        "activityType": "STILL",
        "probability": 5.045179650187492
      }, {
        "activityType": "WALKING",
        "probability": 3.600522130727768
      }],
      "simplifiedRawPath": {
        "points": [{
          "latE7": 522289856,
          "lngE7": 209109710,
          "accuracyMeters": 4,
          "timestamp": "2020-01-31T15:23:46.999Z"
        }, {
          "latE7": 522289278,
          "lngE7": 209148685,
          "accuracyMeters": 3,
          "timestamp": "2020-01-31T15:24:50.999Z"
        }, {
          "latE7": 522253855,
          "lngE7": 209162163,
          "accuracyMeters": 4,
          "timestamp": "2020-01-31T15:26:02.999Z"
        }, {
          "latE7": 522094983,
          "lngE7": 209133274,
          "accuracyMeters": 4,
          "timestamp": "2020-01-31T15:29:52.999Z"
        }, {
          "latE7": 522053102,
          "lngE7": 209156978,
          "accuracyMeters": 4,
          "timestamp": "2020-01-31T15:31:21.999Z"
        }, {
          "latE7": 522037621,
          "lngE7": 209152565,
          "accuracyMeters": 5,
          "timestamp": "2020-01-31T15:32:04.999Z"
        }, {
          "latE7": 522032546,
          "lngE7": 209181556,
          "accuracyMeters": 3,
          "timestamp": "2020-01-31T15:33:05.999Z"
        }, {
          "latE7": 521992078,
          "lngE7": 209167820,
          "accuracyMeters": 4,
          "timestamp": "2020-01-31T15:34:36.999Z"
        }, {
          "latE7": 521958334,
          "lngE7": 209269910,
          "accuracyMeters": 3,
          "timestamp": "2020-01-31T15:36:04.999Z"
        }, {
          "latE7": 521899320,
          "lngE7": 209187919,
          "accuracyMeters": 3,
          "timestamp": "2020-01-31T15:40:24.999Z"
        }, {
          "latE7": 521854059,
          "lngE7": 208961886,
          "accuracyMeters": 3,
          "timestamp": "2020-01-31T15:45:41Z"
        }, {
          "latE7": 521844232,
          "lngE7": 208975636,
          "accuracyMeters": 3,
          "timestamp": "2020-01-31T15:46:11Z"
        }, {
          "latE7": 521880659,
          "lngE7": 209135438,
          "accuracyMeters": 3,
          "timestamp": "2020-01-31T15:47:42Z"
        }, {
          "latE7": 521676211,
          "lngE7": 209089764,
          "accuracyMeters": 3,
          "timestamp": "2020-01-31T15:49:43Z"
        }, {
          "latE7": 521575730,
          "lngE7": 209018421,
          "accuracyMeters": 4,
          "timestamp": "2020-01-31T15:50:44Z"
        }, {
          "latE7": 521485760,
          "lngE7": 208915417,
          "accuracyMeters": 4,
          "timestamp": "2020-01-31T15:51:46Z"
        }, {
          "latE7": 521375319,
          "lngE7": 208811860,
          "accuracyMeters": 5,
          "timestamp": "2020-01-31T15:52:45Z"
        }, {
          "latE7": 521345108,
          "lngE7": 208799181,
          "accuracyMeters": 6,
          "timestamp": "2020-01-31T15:53:00Z"
        }, {
          "latE7": 521173331,
          "lngE7": 208645172,
          "accuracyMeters": 4,
          "timestamp": "2020-01-31T15:54:32Z"
        }, {
          "latE7": 520962342,
          "lngE7": 208138123,
          "accuracyMeters": 5,
          "timestamp": "2020-01-31T15:57:33Z"
        }, {
          "latE7": 520932927,
          "lngE7": 208117940,
          "accuracyMeters": 4,
          "timestamp": "2020-01-31T15:57:48Z"
        }, {
          "latE7": 520837160,
          "lngE7": 207990804,
          "accuracyMeters": 4,
          "timestamp": "2020-01-31T15:58:48Z"
        }, {
          "latE7": 520811966,
          "lngE7": 207901483,
          "accuracyMeters": 4,
          "timestamp": "2020-01-31T15:59:18Z"
        }, {
          "latE7": 520770123,
          "lngE7": 207824076,
          "accuracyMeters": 4,
          "timestamp": "2020-01-31T15:59:49Z"
        }, {
          "latE7": 520743034,
          "lngE7": 207731534,
          "accuracyMeters": 5,
          "timestamp": "2020-01-31T16:00:18Z"
        }, {
          "latE7": 520574434,
          "lngE7": 207305755,
          "accuracyMeters": 4,
          "timestamp": "2020-01-31T16:02:36Z"
        }, {
          "latE7": 520442066,
          "lngE7": 207035731,
          "accuracyMeters": 5,
          "timestamp": "2020-01-31T16:04:21.999Z"
        }, {
          "latE7": 520360564,
          "lngE7": 206928556,
          "accuracyMeters": 4,
          "timestamp": "2020-01-31T16:05:11.999Z"
        }, {
          "latE7": 520280758,
          "lngE7": 206706518,
          "accuracyMeters": 4,
          "timestamp": "2020-01-31T16:06:20.999Z"
        }, {
          "latE7": 520241264,
          "lngE7": 206528103,
          "accuracyMeters": 6,
          "timestamp": "2020-01-31T16:07:08.999Z"
        }, {
          "latE7": 520137420,
          "lngE7": 206178221,
          "accuracyMeters": 4,
          "timestamp": "2020-01-31T16:08:38.999Z"
        }, {
          "latE7": 520079972,
          "lngE7": 206056125,
          "accuracyMeters": 4,
          "timestamp": "2020-01-31T16:09:22.999Z"
        }, {
          "latE7": 520043108,
          "lngE7": 205880608,
          "accuracyMeters": 5,
          "timestamp": "2020-01-31T16:10:12.999Z"
        }, {
          "latE7": 520039703,
          "lngE7": 205729069,
          "accuracyMeters": 4,
          "timestamp": "2020-01-31T16:10:53.999Z"
        }, {
          "latE7": 519844406,
          "lngE7": 205318160,
          "accuracyMeters": 5,
          "timestamp": "2020-01-31T16:12:58.999Z"
        }, {
          "latE7": 519809802,
          "lngE7": 205164297,
          "accuracyMeters": 4,
          "timestamp": "2020-01-31T16:13:40.999Z"
        }, {
          "latE7": 519694571,
          "lngE7": 205021101,
          "accuracyMeters": 4,
          "timestamp": "2020-01-31T16:14:42.999Z"
        }, {
          "latE7": 519605246,
          "lngE7": 204985468,
          "accuracyMeters": 5,
          "timestamp": "2020-01-31T16:15:26.999Z"
        }, {
          "latE7": 519365637,
          "lngE7": 204774195,
          "accuracyMeters": 4,
          "timestamp": "2020-01-31T16:17:26.999Z"
        }, {
          "latE7": 519302245,
          "lngE7": 204699496,
          "accuracyMeters": 4,
          "timestamp": "2020-01-31T16:17:59.999Z"
        }, {
          "latE7": 519250507,
          "lngE7": 204619476,
          "accuracyMeters": 4,
          "timestamp": "2020-01-31T16:18:29.999Z"
        }, {
          "latE7": 518955871,
          "lngE7": 204268677,
          "accuracyMeters": 4,
          "timestamp": "2020-01-31T16:21:02.999Z"
        }, {
          "latE7": 518799446,
          "lngE7": 203981560,
          "accuracyMeters": 4,
          "timestamp": "2020-01-31T16:22:30.999Z"
        }, {
          "latE7": 518750481,
          "lngE7": 203876059,
          "accuracyMeters": 4,
          "timestamp": "2020-01-31T16:23:01.999Z"
        }, {
          "latE7": 518675219,
          "lngE7": 203844935,
          "accuracyMeters": 4,
          "timestamp": "2020-01-31T16:23:30.999Z"
        }, {
          "latE7": 518532778,
          "lngE7": 203719307,
          "accuracyMeters": 4,
          "timestamp": "2020-01-31T16:24:31.999Z"
        }, {
          "latE7": 518463252,
          "lngE7": 203645482,
          "accuracyMeters": 4,
          "timestamp": "2020-01-31T16:25:03Z"
        }, {
          "latE7": 518304542,
          "lngE7": 203316693,
          "accuracyMeters": 4,
          "timestamp": "2020-01-31T16:26:32Z"
        }, {
          "latE7": 518239034,
          "lngE7": 203220726,
          "accuracyMeters": 4,
          "timestamp": "2020-01-31T16:27:03Z"
        }, {
          "latE7": 517838077,
          "lngE7": 202789185,
          "accuracyMeters": 4,
          "timestamp": "2020-01-31T16:29:49Z"
        }, {
          "latE7": 517754983,
          "lngE7": 202749045,
          "accuracyMeters": 4,
          "timestamp": "2020-01-31T16:30:19Z"
        }, {
          "latE7": 517632657,
          "lngE7": 202669420,
          "accuracyMeters": 4,
          "timestamp": "2020-01-31T16:31:05Z"
        }, {
          "latE7": 517452013,
          "lngE7": 202378255,
          "accuracyMeters": 4,
          "timestamp": "2020-01-31T16:32:33Z"
        }, {
          "latE7": 517118857,
          "lngE7": 202185330,
          "accuracyMeters": 4,
          "timestamp": "2020-01-31T16:34:35Z"
        }, {
          "latE7": 516983683,
          "lngE7": 202166851,
          "accuracyMeters": 4,
          "timestamp": "2020-01-31T16:35:23Z"
        }, {
          "latE7": 516950479,
          "lngE7": 202138163,
          "accuracyMeters": 4,
          "timestamp": "2020-01-31T16:35:36Z"
        }, {
          "latE7": 516728994,
          "lngE7": 201816380,
          "accuracyMeters": 4,
          "timestamp": "2020-01-31T16:37:25Z"
        }, {
          "latE7": 516627122,
          "lngE7": 201688828,
          "accuracyMeters": 4,
          "timestamp": "2020-01-31T16:38:10Z"
        }, {
          "latE7": 516559901,
          "lngE7": 201523224,
          "accuracyMeters": 4,
          "timestamp": "2020-01-31T16:38:54Z"
        }, {
          "latE7": 516359975,
          "lngE7": 201163140,
          "accuracyMeters": 4,
          "timestamp": "2020-01-31T16:40:40Z"
        }, {
          "latE7": 516277556,
          "lngE7": 200994981,
          "accuracyMeters": 4,
          "timestamp": "2020-01-31T16:41:28Z"
        }, {
          "latE7": 516210839,
          "lngE7": 200929665,
          "accuracyMeters": 4,
          "timestamp": "2020-01-31T16:41:55Z"
        }, {
          "latE7": 516179115,
          "lngE7": 200875713,
          "accuracyMeters": 4,
          "timestamp": "2020-01-31T16:42:11Z"
        }, {
          "latE7": 516135342,
          "lngE7": 200759660,
          "accuracyMeters": 4,
          "timestamp": "2020-01-31T16:42:40Z"
        }, {
          "latE7": 515463191,
          "lngE7": 199780861,
          "accuracyMeters": 4,
          "timestamp": "2020-01-31T16:47:44.999Z"
        }, {
          "latE7": 515441961,
          "lngE7": 199716455,
          "accuracyMeters": 4,
          "timestamp": "2020-01-31T16:47:59.999Z"
        }, {
          "latE7": 515235131,
          "lngE7": 199345212,
          "accuracyMeters": 4,
          "timestamp": "2020-01-31T16:49:42.999Z"
        }, {
          "latE7": 515223408,
          "lngE7": 199269827,
          "accuracyMeters": 4,
          "timestamp": "2020-01-31T16:49:58.999Z"
        }, {
          "latE7": 515152705,
          "lngE7": 199079401,
          "accuracyMeters": 4,
          "timestamp": "2020-01-31T16:50:44.999Z"
        }, {
          "latE7": 515064594,
          "lngE7": 198876337,
          "accuracyMeters": 4,
          "timestamp": "2020-01-31T16:51:35.999Z"
        }, {
          "latE7": 515059681,
          "lngE7": 198828465,
          "accuracyMeters": 4,
          "timestamp": "2020-01-31T16:51:45.999Z"
        }, {
          "latE7": 514952311,
          "lngE7": 198424335,
          "accuracyMeters": 4,
          "timestamp": "2020-01-31T16:53:16.999Z"
        }, {
          "latE7": 514756571,
          "lngE7": 198044932,
          "accuracyMeters": 4,
          "timestamp": "2020-01-31T16:55:02.999Z"
        }, {
          "latE7": 514691349,
          "lngE7": 197945025,
          "accuracyMeters": 4,
          "timestamp": "2020-01-31T16:55:33.999Z"
        }, {
          "latE7": 514455765,
          "lngE7": 197533569,
          "accuracyMeters": 4,
          "timestamp": "2020-01-31T16:57:34.999Z"
        }, {
          "latE7": 514436258,
          "lngE7": 197251560,
          "accuracyMeters": 4,
          "timestamp": "2020-01-31T16:58:38.999Z"
        }, {
          "latE7": 514422558,
          "lngE7": 196721686,
          "accuracyMeters": 4,
          "timestamp": "2020-01-31T17:02:10Z"
        }, {
          "latE7": 514455621,
          "lngE7": 196707735,
          "accuracyMeters": 4,
          "timestamp": "2020-01-31T17:03:56Z"
        }, {
          "latE7": 514338980,
          "lngE7": 196690260,
          "accuracyMeters": 3,
          "timestamp": "2020-01-31T17:05:54.999Z"
        }, {
          "latE7": 514238430,
          "lngE7": 196734858,
          "accuracyMeters": 1,
          "timestamp": "2020-01-31T17:07:27.999Z"
        }, {
          "latE7": 514221684,
          "lngE7": 196747634,
          "accuracyMeters": 3,
          "timestamp": "2020-01-31T17:07:57.999Z"
        }, {
          "latE7": 514167435,
          "lngE7": 196720337,
          "accuracyMeters": 4,
          "timestamp": "2020-01-31T17:09:14.999Z"
        }],
        "source": "INFERRED",
        "distanceMeters": 137581.43017008982
      }
    }
  }]
}