{
  "timelineObjects": [{
    "activitySegment": {
      "startLocation": {
        "latitudeE7": 513638352,
        "longitudeE7": 197378685
      },
      "endLocation": {
        "latitudeE7": 514013500,
        "longitudeE7": 196957319
      },
      "duration": {
        "startTimestamp": "2020-04-05T16:11:31.213Z",
        "endTimestamp": "2020-04-05T16:20:48.999Z"
      },
      "distance": 199,
      "activityType": "IN_PASSENGER_VEHICLE",
      "confidence": "HIGH",
      "activities": [{
        "activityType": "IN_PASSENGER_VEHICLE",
        "probability": 80.79261779785156
      }, {
        "activityType": "STILL",
        "probability": 13.277696073055267
      }, {
        "activityType": "WALKING",
        "probability": 2.1992703899741173
      }, {
        "activityType": "IN_BUS",
        "probability": 1.3081553392112255
      }, {
        "activityType": "MOTORCYCLING",
        "probability": 1.261786837130785
      }, {
        "activityType": "CYCLING",
        "probability": 0.440398370847106
      }, {
        "activityType": "IN_TRAIN",
        "probability": 0.38425771053880453
      }, {
        "activityType": "FLYING",
        "probability": 0.1374347717501223
      }, {
        "activityType": "IN_FERRY",
        "probability": 0.13651768676936626
      }, {
        "activityType": "RUNNING",
        "probability": 0.02977319818455726
      }, {
        "activityType": "SAILING",
        "probability": 0.01092830570996739
      }, {
        "activityType": "IN_SUBWAY",
        "probability": 0.00993461362668313
      }, {
        "activityType": "IN_TRAM",
        "probability": 0.009006202890304849
      }, {
        "activityType": "SKIING",
        "probability": 0.0018292606910108589
      }, {
        "activityType": "IN_VEHICLE",
        "probability": 3.9862993617134634E-4
      }]
    }
  }, {
    "activitySegment": {
      "startLocation": {
        "latitudeE7": 514094341,
        "longitudeE7": 196535437,
        "sourceInfo": {
          "deviceTag": 2038012174
        }
      },
      "endLocation": {
        "latitudeE7": 514295206,
        "longitudeE7": 196799954,
        "sourceInfo": {
          "deviceTag": 2038012174
        }
      },
      "duration": {
        "startTimestamp": "2020-04-09T11:25:26Z",
        "endTimestamp": "2020-04-09T11:38:48.999Z"
      },
      "distance": 119,
      "activityType": "IN_PASSENGER_VEHICLE",
      "confidence": "LOW",
      "activities": [{
        "activityType": "IN_PASSENGER_VEHICLE",
        "probability": 56.60421848297119
      }, {
        "activityType": "STILL",
        "probability": 36.30509376525879
      }, {
        "activityType": "WALKING",
        "probability": 3.1409285962581635
      }, {
        "activityType": "MOTORCYCLING",
        "probability": 1.8691891804337502
      }, {
        "activityType": "CYCLING",
        "probability": 1.492583006620407
      }, {
        "activityType": "IN_BUS",
        "probability": 0.31624436378479004
      }, {
        "activityType": "RUNNING",
        "probability": 0.13050950365141034
      }, {
        "activityType": "FLYING",
        "probability": 0.05429525044746697
      }, {
        "activityType": "IN_FERRY",
        "probability": 0.04994154442101717
      }, {
        "activityType": "IN_TRAIN",
        "probability": 0.02416215429548174
      }, {
        "activityType": "SKIING",
        "probability": 0.005846632120665163
      }, {
        "activityType": "SAILING",
        "probability": 0.004611062468029559
      }, {
        "activityType": "IN_TRAM",
        "probability": 0.0013785791452392004
      }, {
        "activityType": "IN_SUBWAY",
        "probability": 9.355455404147506E-4
      }, {
        "activityType": "IN_VEHICLE",
        "probability": 6.69894177462993E-5
      }],
      "waypointPath": {
        "waypoints": [{
          "latE7": 514094352,
          "lngE7": 196535568
        }, {
          "latE7": 514158897,
          "lngE7": 196580638
        }, {
          "latE7": 514306106,
          "lngE7": 196862258
        }, {
          "latE7": 514318695,
          "lngE7": 196816387
        }, {
          "latE7": 514295196,
          "lngE7": 196799850
        }],
        "source": "INFERRED",
        "roadSegment": [{
          "placeId": "ChIJoxORcXEgGkcRst3uKhGCOPo"
        }, {
          "placeId": "ChIJR9W2YHEgGkcRgTX3UnloR_g"
        }, {
          "placeId": "ChIJj52tUXEgGkcRv_qLb0-VfkI"
        }, {
          "placeId": "ChIJJwaQqnYgGkcR55EcWaIxKCA"
        }, {
          "placeId": "ChIJ5bQABnQgGkcRQ4-V421nTls"
        }, {
          "placeId": "ChIJq0_ADnQgGkcRdATx3DmSasQ"
        }, {
          "placeId": "ChIJ0zUlDHQgGkcRnEbF6Q0LcPk"
        }, {
          "placeId": "ChIJiw6vDXQgGkcRlSUEcfPc3KA"
        }, {
          "placeId": "ChIJ9U3ccnQgGkcRWAT-mGuo8Zo"
        }, {
          "placeId": "ChIJnSEBbHQgGkcRXAYhJzZWuq0"
        }, {
          "placeId": "ChIJbcGSa3QgGkcRFAkZNj5LvBc"
        }, {
          "placeId": "ChIJ8Q_yFHQgGkcRwF986p-djXk"
        }, {
          "placeId": "ChIJDahREXQgGkcRtQ9ldBAZUqo"
        }, {
          "placeId": "ChIJn_-KEHQgGkcRK3HTDLsXn6w"
        }, {
          "placeId": "ChIJQdl1AnQgGkcRk9A_ornDSDg"
        }, {
          "placeId": "ChIJQZ2gsnYgGkcRfQ5YRj3ERzQ"
        }, {
          "placeId": "ChIJQ2hrMXEgGkcRF49Gyrq0LJs"
        }, {
          "placeId": "ChIJzR4d2XAgGkcR07avDf3PI2w"
        }, {
          "placeId": "ChIJs6Zq2XAgGkcRGWPSPqjSF0g"
        }, {
          "placeId": "ChIJGSbj23AgGkcR4YkBg_SoiqY"
        }, {
          "placeId": "ChIJ97aL23AgGkcRhYQX-GFxI9w"
        }, {
          "placeId": "ChIJPxUSwHAgGkcRQ-JG6bGLN1s"
        }, {
          "placeId": "ChIJmRzcn3AgGkcRHhth3EhGzC0"
        }, {
          "placeId": "ChIJ56hZqXsgGkcRC8aRri2JgkQ"
        }, {
          "placeId": "ChIJNw4-qXsgGkcRXdZbtKS3WPs"
        }, {
          "placeId": "ChIJB6qap3sgGkcRtw1IOwDCz30"
        }, {
          "placeId": "ChIJ9c7thHwgGkcRqDkI5ZAXPL0"
        }, {
          "placeId": "ChIJ8XxC6HwgGkcRjNLqfie7LJ8"
        }, {
          "placeId": "ChIJu5vb33wgGkcRcIphRx3sqi0"
        }, {
          "placeId": "ChIJeTIw43wgGkcRCNlWgb_gcuU"
        }, {
          "placeId": "ChIJYTG9VnwgGkcRk2i-1ItE7ZU"
        }, {
          "placeId": "ChIJdfHjTnwgGkcRP4pF4WjAm1I"
        }, {
          "placeId": "ChIJyYhjnX4gGkcRROzC9WZR7H8"
        }, {
          "placeId": "ChIJU6lG6X4gGkcRYmCZ4V7_4-0"
        }, {
          "placeId": "ChIJhxxQ5n4gGkcRnHyaiOSd8Ck"
        }, {
          "placeId": "ChIJgzO9H38gGkcRXk925edFN08"
        }, {
          "placeId": "ChIJK7yaP38gGkcRd6_PO2N9ol8"
        }, {
          "placeId": "ChIJy4I1Q38gGkcRLzm81SL4Dlg"
        }, {
          "placeId": "ChIJ5X8gXX8gGkcR6_A-9pwGXL4"
        }, {
          "placeId": "ChIJRyRYXX8gGkcRDfGM4e4E1XM"
        }, {
          "placeId": "ChIJ44OBcH8gGkcR5cgIEtpdld8"
        }, {
          "placeId": "ChIJj55hkn8gGkcRoFUwLGoK9hY"
        }, {
          "placeId": "ChIJV8rs5H8gGkcRUc7Qsyb0RjI"
        }, {
          "placeId": "ChIJawPPCIAgGkcR5onQxg7eKAA"
        }, {
          "placeId": "ChIJK0qfGYAgGkcRgjqNpcaeSaM"
        }, {
          "placeId": "ChIJR-3JIYAgGkcR7Wk71EzeVPs"
        }, {
          "placeId": "ChIJOTbmIIAgGkcRvtQv2TXyoN0"
        }, {
          "placeId": "ChIJeXH2hX-KGUcRLbkKrck8kHM"
        }, {
          "placeId": "ChIJN-X8Cn-KGUcRj2yJImZMoHc"
        }, {
          "placeId": "ChIJycIMHn-KGUcRIqikWoVP-fE"
        }, {
          "placeId": "ChIJiUlx3n6KGUcRkif099Stv-0"
        }, {
          "placeId": "ChIJsVv22n6KGUcRH_Mz4hmnCAc"
        }, {
          "placeId": "ChIJaS3uz36KGUcRyLDC3mlY3IE"
        }, {
          "placeId": "ChIJv_Dez36KGUcRk9eCcdxXOLs"
        }, {
          "placeId": "ChIJCeIp0H6KGUcRXzOSCtbbaqg"
        }, {
          "placeId": "ChIJ99ZpzX6KGUcRXZR8kgR3Q8s"
        }, {
          "placeId": "ChIJG145yHmKGUcR773PDZbNf-Q"
        }, {
          "placeId": "ChIJtynvX50gGkcRGwoNJekXqHU"
        }, {
          "placeId": "ChIJXyC4sYIgGkcRBvIBDsCstds"
        }],
        "distanceMeters": 6040.7993842317965,
        "travelMode": "DRIVE",
        "confidence": 0.9993887790074115
      },
      "simplifiedRawPath": {
        "points": [{
          "latE7": 514306297,
          "lngE7": 196863270,
          "accuracyMeters": 4,
          "timestamp": "2020-04-09T11:36:47.999Z"
        }]
      },
      "parkingEvent": {
        "location": {
          "latitudeE7": 514290257,
          "longitudeE7": 196793964,
          "accuracyMetres": 19
        },
        "method": "PERSONAL_VEHICLE_CONFIDENCE",
        "locationSource": "UNKNOWN",
        "timestamp": "2020-04-09T11:48:31Z"
      }
    }
  }, {
    "placeVisit": {
      "location": {
        "latitudeE7": 514291292,
        "longitudeE7": 196792219,
        "placeId": "ChIJ-eQ8moIgGkcR5E69gNsh6es",
        "address": "Wąska 32, 97-300 Piotrków Trybunalski, Polska",
        "semanticType": "TYPE_SEARCHED_ADDRESS",
        "sourceInfo": {
          "deviceTag": 2038012174
        },
        "locationConfidence": 98.37165,
        "calibratedProbability": 80.14474
      },
      "duration": {
        "startTimestamp": "2020-04-09T11:38:48.999Z",
        "endTimestamp": "2020-04-09T11:51:04Z"
      },
      "placeConfidence": "HIGH_CONFIDENCE",
      "centerLatE7": 514290847,
      "centerLngE7": 196794620,
      "visitConfidence": 87,
      "otherCandidateLocations": [{
        "latitudeE7": 514283519,
        "longitudeE7": 196768569,
        "placeId": "ChIJ43OPXoIgGkcRLpcURMF4tQk",
        "address": "Gliniana 6/lok 1E, 97-300 Piotrków Trybunalski, Polska",
        "name": "BG Meble Bogdan Grzybowski",
        "locationConfidence": 0.72057885,
        "calibratedProbability": 0.5870655
      }, {
        "latitudeE7": 514279858,
        "longitudeE7": 196847310,
        "placeId": "ChIJc1CxnZiLGUcRYJFLWMV8VuY",
        "locationConfidence": 0.45112437,
        "calibratedProbability": 0.36753723
      }, {
        "latitudeE7": 514274440,
        "longitudeE7": 196784878,
        "placeId": "ChIJ-Zpo7HchGkcRce3HAEQfcJ4",
        "address": "Łódzka 60B, 97-300 Piotrków Trybunalski, Polska",
        "name": "Badylek Ilona Czechowicz",
        "locationConfidence": 0.19473542,
        "calibratedProbability": 0.15865362
      }, {
        "latitudeE7": 514265149,
        "longitudeE7": 196808010,
        "placeId": "ChIJUUDQwniKGUcRO84-mcIXcYk",
        "address": "Wąska 5, 97-300 Piotrków Trybunalski, Polska",
        "name": "Taxi Osobowe \"BLUE\" tel. 606-767-163",
        "locationConfidence": 0.071277566,
        "calibratedProbability": 0.058070812
      }],
      "editConfirmationStatus": "NOT_CONFIRMED",
      "locationConfidence": 86,
      "placeVisitType": "SINGLE_PLACE",
      "placeVisitImportance": "MAIN"
    }
  }, {
    "activitySegment": {
      "startLocation": {
        "latitudeE7": 514272798,
        "longitudeE7": 196803422,
        "sourceInfo": {
          "deviceTag": 2038012174
        }
      },
      "endLocation": {
        "latitudeE7": 514163150,
        "longitudeE7": 196795600,
        "sourceInfo": {
          "deviceTag": 2038012174
        }
      },
      "duration": {
        "startTimestamp": "2020-04-09T11:51:04Z",
        "endTimestamp": "2020-04-09T11:54:34.999Z"
      },
      "distance": 1455,
      "activityType": "IN_PASSENGER_VEHICLE",
      "confidence": "HIGH",
      "activities": [{
        "activityType": "IN_PASSENGER_VEHICLE",
        "probability": 95.6342875957489
      }, {
        "activityType": "WALKING",
        "probability": 2.5408675894141197
      }, {
        "activityType": "STILL",
        "probability": 0.7723203394562006
      }, {
        "activityType": "MOTORCYCLING",
        "probability": 0.4877826664596796
      }, {
        "activityType": "CYCLING",
        "probability": 0.3561427351087332
      }, {
        "activityType": "RUNNING",
        "probability": 0.09017704287543893
      }, {
        "activityType": "IN_FERRY",
        "probability": 0.04432212153915316
      }, {
        "activityType": "FLYING",
        "probability": 0.02128777268808335
      }, {
        "activityType": "IN_BUS",
        "probability": 0.018620051559992135
      }, {
        "activityType": "SAILING",
        "probability": 0.014690009993501008
      }, {
        "activityType": "SKIING",
        "probability": 0.01463757362216711
      }, {
        "activityType": "IN_TRAIN",
        "probability": 0.0031101742933969945
      }, {
        "activityType": "IN_TRAM",
        "probability": 0.0013728194971918128
      }, {
        "activityType": "IN_SUBWAY",
        "probability": 3.6819546949118376E-4
      }, {
        "activityType": "IN_VEHICLE",
        "probability": 7.192034701120065E-6
      }],
      "waypointPath": {
        "waypoints": [{
          "latE7": 514272651,
          "lngE7": 196802616
        }, {
          "latE7": 514225540,
          "lngE7": 196744003
        }, {
          "latE7": 514163131,
          "lngE7": 196794986
        }],
        "source": "INFERRED",
        "roadSegment": [{
          "placeId": "ChIJFQSnxHiKGUcRxcPY4QnZz28"
        }, {
          "placeId": "ChIJrczD036KGUcRG1RREa0kyaI"
        }, {
          "placeId": "ChIJCeIp0H6KGUcRXjOSCtbbaqg"
        }, {
          "placeId": "ChIJ6zcj0H6KGUcRLZzJDTKHLnY"
        }, {
          "placeId": "ChIJsVv22n6KGUcRHvMz4hmnCAc"
        }, {
          "placeId": "ChIJiUlx3n6KGUcRkyf099Stv-0"
        }, {
          "placeId": "ChIJycIMHn-KGUcRI6ikWoVP-fE"
        }, {
          "placeId": "ChIJN-X8Cn-KGUcRjmyJImZMoHc"
        }, {
          "placeId": "ChIJeXH2hX-KGUcRLLkKrck8kHM"
        }, {
          "placeId": "ChIJO1uzJoAgGkcR261hbQ8ftaU"
        }, {
          "placeId": "ChIJF1b5I4AgGkcRbjzEzImlMEY"
        }, {
          "placeId": "ChIJ21HSI4AgGkcRfXONJHcK95w"
        }, {
          "placeId": "ChIJR-3JIYAgGkcR7Wk71EzeVPs"
        }, {
          "placeId": "ChIJWUYx9X-KGUcR4D7f7hzJIFQ"
        }, {
          "placeId": "ChIJrdW373-KGUcRAKu4guszbRI"
        }, {
          "placeId": "ChIJw_u12H-KGUcRfA0nYLmNPFY"
        }, {
          "placeId": "ChIJw_u12H-KGUcRubYRZXcx6EY"
        }, {
          "placeId": "ChIJK18xfYCKGUcRBLi1XHdiaFE"
        }, {
          "placeId": "ChIJdVayYoCKGUcRx162mSsRS-E"
        }, {
          "placeId": "ChIJdVayYoCKGUcRGJi3Pef6JCk"
        }, {
          "placeId": "ChIJAdE3iICKGUcRu7wUsx8pIIc"
        }, {
          "placeId": "ChIJRV-M64CKGUcRbxpQ1b1-Htk"
        }, {
          "placeId": "ChIJRV-M64CKGUcRLH50pTA7kYg"
        }, {
          "placeId": "ChIJAwMK24CKGUcRHTlyfK4YxFk"
        }, {
          "placeId": "ChIJAwMK24CKGUcRFCkf29gDHTA"
        }, {
          "placeId": "ChIJpdsL1oCKGUcRxyaM7oCViZ0"
        }, {
          "placeId": "ChIJpdsL1oCKGUcRws3pgY9xWSQ"
        }, {
          "placeId": "ChIJFWXiKoGKGUcRnN5NwLN4ENQ"
        }, {
          "placeId": "ChIJcYIc0oaKGUcRBkWkXmB8tcs"
        }, {
          "placeId": "ChIJ0xkTzoaKGUcR7jLZgdorpXU"
        }, {
          "placeId": "ChIJmVseyYaKGUcRIuMdLimMOso"
        }],
        "distanceMeters": 1699.0221496882214,
        "travelMode": "DRIVE",
        "confidence": 0.9999783337699579
      },
      "parkingEvent": {
        "location": {
          "latitudeE7": 514156127,
          "longitudeE7": 196783587,
          "accuracyMetres": 19
        },
        "method": "PERSONAL_VEHICLE_CONFIDENCE",
        "locationSource": "UNKNOWN",
        "timestamp": "2020-04-09T11:56:21.999Z"
      }
    }
  }, {
    "activitySegment": {
      "startLocation": {
        "latitudeE7": 513639074,
        "longitudeE7": 197382399,
        "sourceInfo": {
          "deviceTag": 2038012174
        }
      },
      "endLocation": {
        "latitudeE7": 513984950,
        "longitudeE7": 196973835,
        "sourceInfo": {
          "deviceTag": 2038012174
        }
      },
      "duration": {
        "startTimestamp": "2020-04-14T15:10:42.454Z",
        "endTimestamp": "2020-04-14T15:23:17Z"
      },
      "distance": 14,
      "activityType": "IN_PASSENGER_VEHICLE",
      "confidence": "LOW",
      "activities": [{
        "activityType": "IN_PASSENGER_VEHICLE",
        "probability": 55.61680793762207
      }, {
        "activityType": "STILL",
        "probability": 39.825206995010376
      }, {
        "activityType": "WALKING",
        "probability": 2.3566914722323418
      }, {
        "activityType": "IN_BUS",
        "probability": 0.774100236594677
      }, {
        "activityType": "MOTORCYCLING",
        "probability": 0.558116752654314
      }, {
        "activityType": "CYCLING",
        "probability": 0.3361112903803587
      }, {
        "activityType": "IN_TRAIN",
        "probability": 0.17850237200036645
      }, {
        "activityType": "IN_FERRY",
        "probability": 0.15328184235841036
      }, {
        "activityType": "FLYING",
        "probability": 0.1410043565556407
      }, {
        "activityType": "RUNNING",
        "probability": 0.037623028038069606
      }, {
        "activityType": "SAILING",
        "probability": 0.009160221816273406
      }, {
        "activityType": "IN_TRAM",
        "probability": 0.006766892329324037
      }, {
        "activityType": "IN_SUBWAY",
        "probability": 0.004434313450474292
      }, {
        "activityType": "SKIING",
        "probability": 0.00201918555831071
      }, {
        "activityType": "IN_VEHICLE",
        "probability": 1.7004324490699219E-4
      }],
      "waypointPath": {
        "waypoints": [{
          "latE7": 513638763,
          "lngE7": 197382888
        }, {
          "latE7": 513484916,
          "lngE7": 197061939
        }, {
          "latE7": 513505210,
          "lngE7": 196941547
        }, {
          "latE7": 513590621,
          "lngE7": 196947116
        }, {
          "latE7": 513984985,
          "lngE7": 196973304
        }],
        "source": "INFERRED",
        "roadSegment": [{
          "placeId": "ChIJj5b_vLT0GUcRqMVlWGLgd6M"
        }, {
          "placeId": "ChIJkeW-fcf0GUcReKcluxiHvzA"
        }, {
          "placeId": "ChIJNfY9fur0GUcRC_RBi_AhQ1g"
        }, {
          "placeId": "ChIJ75ecwen0GUcRJoJHdiEUsUs"
        }, {
          "placeId": "ChIJpWDeyun0GUcRyuiOr1f3aeE"
        }, {
          "placeId": "ChIJU7ELQOj0GUcRHI7CRuZ8K0o"
        }, {
          "placeId": "ChIJo8I0cuf0GUcRxFgYygcZWfg"
        }, {
          "placeId": "ChIJb6mykuD0GUcR8Oa1Ph3Xzsk"
        }, {
          "placeId": "ChIJW7YOYSf1GUcRcCIDPatbhe8"
        }, {
          "placeId": "ChIJxXjnYyf1GUcRFuqsXv9LV4o"
        }, {
          "placeId": "ChIJ1VY2N9OKGUcREG55vR_dQ8g"
        }, {
          "placeId": "ChIJ8yYePdOKGUcRCivCBxKbmYM"
        }, {
          "placeId": "ChIJ5yn76dGKGUcRoLL5hZh0Qbk"
        }, {
          "placeId": "ChIJCbsoQ8WKGUcRQx-9z8S8rs8"
        }, {
          "placeId": "ChIJSeFZhsOKGUcRxo7IBkSwMSQ"
        }, {
          "placeId": "ChIJiVEEucOKGUcRPJD_v7mk984"
        }, {
          "placeId": "ChIJk8KRBMKKGUcRq3UQVMy_U5E"
        }, {
          "placeId": "ChIJg-lhMuqKGUcR7RteM0dTf2I"
        }],
        "distanceMeters": 9670.969939662788,
        "travelMode": "DRIVE",
        "confidence": 0.9994873033296766
      },
      "simplifiedRawPath": {
        "points": [{
          "latE7": 513505135,
          "lngE7": 196942558,
          "accuracyMeters": 3,
          "timestamp": "2020-04-14T15:18:31.999Z"
        }]
      },
      "parkingEvent": {
        "location": {
          "latitudeE7": 514008730,
          "longitudeE7": 196976042,
          "accuracyMetres": 19
        },
        "method": "PERSONAL_VEHICLE_CONFIDENCE",
        "locationSource": "UNKNOWN",
        "timestamp": "2020-04-14T15:23:33Z"
      }
    }
  }, {
    "placeVisit": {
      "location": {
        "latitudeE7": 514092254,
        "longitudeE7": 196533494,
        "placeId": "ChIJTc3mc3EgGkcRnmnef39_Mcc",
        "address": "Folwarczna 12G, 97-320 Piotrków Trybunalski, Polska",
        "sourceInfo": {
          "deviceTag": 2038012174
        },
        "locationConfidence": 98.83204,
        "calibratedProbability": 63.555935
      },
      "duration": {
        "startTimestamp": "2020-04-15T18:43:57.759Z",
        "endTimestamp": "2020-04-15T18:46:58.999Z"
      },
      "placeConfidence": "HIGH_CONFIDENCE",
      "centerLatE7": 514095931,
      "centerLngE7": 196536790,
      "visitConfidence": 64,
      "otherCandidateLocations": [{
        "latitudeE7": 514093420,
        "longitudeE7": 196537811,
        "placeId": "ChIJ47WDcnEgGkcR_LaJ1_9Yv5Y",
        "address": "Folwarczna 12b, 97-300 Piotrków Trybunalski, Polska",
        "name": "Zielonka Piotr. Oprogramowanie komputerowe",
        "locationConfidence": 0.46732172,
        "calibratedProbability": 0.30052066
      }, {
        "latitudeE7": 514086111,
        "longitudeE7": 196550000,
        "placeId": "ChIJ0TbXWnEgGkcREcYpgyQdBeg",
        "address": "Folwarczna 8, 97-300 Piotrków Trybunalski, Polska",
        "name": "FunCity Centrum Edukacyjno-Rozrywkowe dla Dzieci",
        "locationConfidence": 0.27685347,
        "calibratedProbability": 0.17803621
      }, {
        "latitudeE7": 514113705,
        "longitudeE7": 196505601,
        "placeId": "ChIJRUhExQMhGkcRPfV3Dopkr3A",
        "address": "Juliusza Słowackiego 209 A, 97-300 Piotrków Trybunalski, Polska",
        "name": "Autos Piotrków Trybunalski - części do samochodów ciężarowych",
        "locationConfidence": 0.09645467,
        "calibratedProbability": 0.062027123
      }, {
        "latitudeE7": 514075382,
        "longitudeE7": 196520076,
        "placeId": "ChIJfQWCznMgGkcRzKE70HuMYbY",
        "address": "Aleje Generała Władysława Sikorskiego 40, 97-300 Piotrków Trybunalski, Polska",
        "name": "AMD System",
        "locationConfidence": 0.08276463,
        "calibratedProbability": 0.053223465
      }],
      "editConfirmationStatus": "NOT_CONFIRMED",
      "locationConfidence": 86,
      "placeVisitType": "SINGLE_PLACE",
      "placeVisitImportance": "MAIN"
    }
  }, {
    "activitySegment": {
      "startLocation": {
        "latitudeE7": 514101684,
        "longitudeE7": 196830589,
        "sourceInfo": {
          "deviceTag": 2038012174
        }
      },
      "endLocation": {
        "latitudeE7": 514688873,
        "longitudeE7": 192105746,
        "sourceInfo": {
          "deviceTag": 2038012174
        }
      },
      "duration": {
        "startTimestamp": "2020-04-25T16:33:10.542Z",
        "endTimestamp": "2020-04-25T19:19:22.999Z"
      },
      "distance": 2055,
      "activityType": "IN_PASSENGER_VEHICLE",
      "confidence": "LOW",
      "activities": [{
        "activityType": "IN_PASSENGER_VEHICLE",
        "probability": 53.679364919662476
      }, {
        "activityType": "STILL",
        "probability": 30.146005749702454
      }, {
        "activityType": "WALKING",
        "probability": 9.300319850444794
      }, {
        "activityType": "CYCLING",
        "probability": 2.311360463500023
      }, {
        "activityType": "MOTORCYCLING",
        "probability": 1.874784380197525
      }, {
        "activityType": "IN_BUS",
        "probability": 0.9126397781074047
      }, {
        "activityType": "IN_TRAIN",
        "probability": 0.8645258843898773
      }, {
        "activityType": "IN_FERRY",
        "probability": 0.46745501458644867
      }, {
        "activityType": "FLYING",
        "probability": 0.23064622655510902
      }, {
        "activityType": "RUNNING",
        "probability": 0.1256422372534871
      }, {
        "activityType": "SAILING",
        "probability": 0.04237128596287221
      }, {
        "activityType": "IN_SUBWAY",
        "probability": 0.02448412706144154
      }, {
        "activityType": "IN_TRAM",
        "probability": 0.01719093124847859
      }, {
        "activityType": "SKIING",
        "probability": 0.002842345566023141
      }, {
        "activityType": "IN_VEHICLE",
        "probability": 3.667520331873675E-4
      }],
      "simplifiedRawPath": {
        "points": [{
          "latE7": 514094197,
          "lngE7": 196535281,
          "accuracyMeters": 6,
          "timestamp": "2020-04-25T18:40:40.575Z"
        }, {
          "latE7": 514083829,
          "lngE7": 196534727,
          "accuracyMeters": 4,
          "timestamp": "2020-04-25T18:42:16.999Z"
        }, {
          "latE7": 514087304,
          "lngE7": 196415990,
          "accuracyMeters": 5,
          "timestamp": "2020-04-25T18:44:03Z"
        }, {
          "latE7": 514110884,
          "lngE7": 196361842,
          "accuracyMeters": 3,
          "timestamp": "2020-04-25T18:44:49Z"
        }, {
          "latE7": 514121724,
          "lngE7": 196347732,
          "accuracyMeters": 4,
          "timestamp": "2020-04-25T18:45:20Z"
        }, {
          "latE7": 514109755,
          "lngE7": 196329672,
          "accuracyMeters": 3,
          "timestamp": "2020-04-25T18:45:49Z"
        }, {
          "latE7": 514130023,
          "lngE7": 196156233,
          "accuracyMeters": 3,
          "timestamp": "2020-04-25T18:47:20Z"
        }, {
          "latE7": 514154993,
          "lngE7": 195688764,
          "accuracyMeters": 4,
          "timestamp": "2020-04-25T18:51:55Z"
        }, {
          "latE7": 514228545,
          "lngE7": 194849642,
          "accuracyMeters": 3,
          "timestamp": "2020-04-25T18:57:27Z"
        }, {
          "latE7": 514267612,
          "lngE7": 194416488,
          "accuracyMeters": 4,
          "timestamp": "2020-04-25T19:00:14Z"
        }, {
          "latE7": 514280251,
          "lngE7": 193826677,
          "accuracyMeters": 4,
          "timestamp": "2020-04-25T19:04:15.999Z"
        }, {
          "latE7": 514366269,
          "lngE7": 193429547,
          "accuracyMeters": 4,
          "timestamp": "2020-04-25T19:06:59.999Z"
        }, {
          "latE7": 514390770,
          "lngE7": 193139793,
          "accuracyMeters": 4,
          "timestamp": "2020-04-25T19:09:02.999Z"
        }, {
          "latE7": 514354162,
          "lngE7": 192775422,
          "accuracyMeters": 5,
          "timestamp": "2020-04-25T19:11:27.999Z"
        }, {
          "latE7": 514523848,
          "lngE7": 192470996,
          "accuracyMeters": 5,
          "timestamp": "2020-04-25T19:14:23.999Z"
        }, {
          "latE7": 514583632,
          "lngE7": 192365090,
          "accuracyMeters": 3,
          "timestamp": "2020-04-25T19:15:24.999Z"
        }, {
          "latE7": 514627041,
          "lngE7": 192201076,
          "accuracyMeters": 5,
          "timestamp": "2020-04-25T19:16:58.999Z"
        }, {
          "latE7": 514674440,
          "lngE7": 192094549,
          "accuracyMeters": 3,
          "timestamp": "2020-04-25T19:18:22.999Z"
        }, {
          "latE7": 514688873,
          "lngE7": 192105746,
          "accuracyMeters": 3,
          "timestamp": "2020-04-25T19:18:38.999Z"
        }, {
          "latE7": 514687757,
          "lngE7": 192118196,
          "accuracyMeters": 4,
          "timestamp": "2020-04-25T19:19:07.999Z"
        }],
        "source": "INFERRED",
        "distanceMeters": 35079.47675984508
      }
    }
  }, {
    "placeVisit": {
      "location": {
        "latitudeE7": 514685530,
        "longitudeE7": 192107790,
        "placeId": "ChIJG-KMsMI_GkcRbuuVSVAibFE",
        "address": "osiedle Płocka 3, 97-425 Zelów, Polska",
        "semanticType": "TYPE_SEARCHED_ADDRESS",
        "sourceInfo": {
          "deviceTag": 2038012174
        },
        "locationConfidence": 85.844696,
        "calibratedProbability": 67.211136
      },
      "duration": {
        "startTimestamp": "2020-04-25T19:19:22.999Z",
        "endTimestamp": "2020-04-26T00:23:13.999Z"
      },
      "placeConfidence": "HIGH_CONFIDENCE",
      "centerLatE7": 514687522,
      "centerLngE7": 192115258,
      "visitConfidence": 88,
      "otherCandidateLocations": [{
        "latitudeE7": 514683333,
        "longitudeE7": 192147222,
        "placeId": "ChIJpayHO8M_GkcRGjpCnYV__L0",
        "address": "Żeromskiego 35, 97-425 Zelów, Polska",
        "name": "Pizza Zelów",
        "locationConfidence": 10.8585,
        "calibratedProbability": 8.501539
      }, {
        "latitudeE7": 514685307,
        "longitudeE7": 192125801,
        "placeId": "ChIJ84DPxMI_GkcRLjEMX3FJjTE",
        "address": "Żeromskiego 43, 97-425 Zelów, Polska",
        "name": "Kościół Ewangelicko-Augsburski",
        "locationConfidence": 1.3149251,
        "calibratedProbability": 1.0295057
      }, {
        "latitudeE7": 514678432,
        "longitudeE7": 192148723,
        "placeId": "ChIJ3QXzOcM_GkcRsyyNqTO_lyo",
        "address": "Żeromskiego 32, 97-425 Zelów, Polska",
        "name": "Sklep Spożywczy ABC",
        "locationConfidence": 0.50646436,
        "calibratedProbability": 0.39653054
      }, {
        "latitudeE7": 514688604,
        "longitudeE7": 192121847,
        "placeId": "ChIJN9ziwcI_GkcR6Y9BOXtKj8E",
        "address": "Żeromskiego 43, 97-425 Zelów, Polska",
        "name": "Zelowska Spółdzielnia Mieszkaniowa",
        "locationConfidence": 0.284199,
        "calibratedProbability": 0.2225104
      }],
      "editConfirmationStatus": "NOT_CONFIRMED",
      "locationConfidence": 70,
      "placeVisitType": "SINGLE_PLACE",
      "placeVisitImportance": "MAIN"
    }
  }]
}