{
  "timelineObjects": [{
    "activitySegment": {
      "startLocation": {
        "latitudeE7": 522298508,
        "longitudeE7": 209149112,
        "sourceInfo": {
          "deviceTag": 2038012174
        }
      },
      "endLocation": {
        "latitudeE7": 522355312,
        "longitudeE7": 210099248,
        "sourceInfo": {
          "deviceTag": 2038012174
        }
      },
      "duration": {
        "startTimestamp": "2020-10-05T13:17:30.887Z",
        "endTimestamp": "2020-10-05T13:40:04.756Z"
      },
      "distance": 2687,
      "activityType": "IN_PASSENGER_VEHICLE",
      "confidence": "HIGH",
      "activities": [{
        "activityType": "IN_PASSENGER_VEHICLE",
        "probability": 80.54304122924805
      }, {
        "activityType": "STILL",
        "probability": 9.684956073760986
      }, {
        "activityType": "IN_BUS",
        "probability": 5.927232652902603
      }, {
        "activityType": "WALKING",
        "probability": 2.7256587520241737
      }, {
        "activityType": "CYCLING",
        "probability": 0.3495217068120837
      }, {
        "activityType": "IN_TRAM",
        "probability": 0.21153907291591167
      }, {
        "activityType": "MOTORCYCLING",
        "probability": 0.12864477466791868
      }, {
        "activityType": "IN_TRAIN",
        "probability": 0.10703408624976873
      }, {
        "activityType": "RUNNING",
        "probability": 0.10457966709509492
      }, {
        "activityType": "IN_SUBWAY",
        "probability": 0.08174021495506167
      }, {
        "activityType": "IN_FERRY",
        "probability": 0.07251775241456926
      }, {
        "activityType": "FLYING",
        "probability": 0.05079596885479987
      }, {
        "activityType": "SKIING",
        "probability": 0.006657336780335754
      }, {
        "activityType": "SAILING",
        "probability": 0.005614110705209896
      }, {
        "activityType": "IN_VEHICLE",
        "probability": 4.730360615212703E-4
      }],
      "simplifiedRawPath": {
        "points": [{
          "latE7": 522190806,
          "lngE7": 209174092,
          "accuracyMeters": 128,
          "timestamp": "2020-10-05T13:20:01.988Z"
        }, {
          "latE7": 522248809,
          "lngE7": 209357489,
          "accuracyMeters": 150,
          "timestamp": "2020-10-05T13:22:32.658Z"
        }, {
          "latE7": 522278480,
          "lngE7": 209544660,
          "accuracyMeters": 150,
          "timestamp": "2020-10-05T13:26:29.364Z"
        }, {
          "latE7": 522316703,
          "lngE7": 209920329,
          "accuracyMeters": 150,
          "timestamp": "2020-10-05T13:31:59.140Z"
        }, {
          "latE7": 522326065,
          "lngE7": 209963258,
          "accuracyMeters": 31,
          "timestamp": "2020-10-05T13:34:03.451Z"
        }, {
          "latE7": 522332059,
          "lngE7": 209965547,
          "accuracyMeters": 150,
          "timestamp": "2020-10-05T13:34:40.305Z"
        }, {
          "latE7": 522337978,
          "lngE7": 210012523,
          "accuracyMeters": 59,
          "timestamp": "2020-10-05T13:36:04.546Z"
        }, {
          "latE7": 522348982,
          "lngE7": 210046382,
          "accuracyMeters": 150,
          "timestamp": "2020-10-05T13:37:01.989Z"
        }, {
          "latE7": 522352353,
          "lngE7": 210085160,
          "accuracyMeters": 150,
          "timestamp": "2020-10-05T13:39:11.155Z"
        }],
        "source": "INFERRED",
        "distanceMeters": 7849.789458173863
      }
    }
  }, {
    "activitySegment": {
      "startLocation": {
        "latitudeE7": 522298230,
        "longitudeE7": 209096246,
        "sourceInfo": {
          "deviceTag": 2038012174
        }
      },
      "endLocation": {
        "latitudeE7": 520877506,
        "longitudeE7": 210241496,
        "sourceInfo": {
          "deviceTag": 2038012174
        }
      },
      "duration": {
        "startTimestamp": "2020-10-06T14:01:16Z",
        "endTimestamp": "2020-10-06T14:39:30.999Z"
      },
      "distance": 1718,
      "activityType": "IN_PASSENGER_VEHICLE",
      "confidence": "HIGH",
      "activities": [{
        "activityType": "IN_PASSENGER_VEHICLE",
        "probability": 92.5899863243103
      }, {
        "activityType": "STILL",
        "probability": 4.2537398636341095
      }, {
        "activityType": "WALKING",
        "probability": 1.6566740348935127
      }, {
        "activityType": "MOTORCYCLING",
        "probability": 0.7419236470013857
      }, {
        "activityType": "CYCLING",
        "probability": 0.34139908384531736
      }, {
        "activityType": "IN_BUS",
        "probability": 0.1749700983054936
      }, {
        "activityType": "RUNNING",
        "probability": 0.0848866649903357
      }, {
        "activityType": "IN_FERRY",
        "probability": 0.05543153965845704
      }, {
        "activityType": "FLYING",
        "probability": 0.04805026401299983
      }, {
        "activityType": "IN_TRAIN",
        "probability": 0.036776409251615405
      }, {
        "activityType": "SKIING",
        "probability": 0.00624760432401672
      }, {
        "activityType": "IN_SUBWAY",
        "probability": 0.00454625696875155
      }, {
        "activityType": "SAILING",
        "probability": 0.003213256786693819
      }, {
        "activityType": "IN_TRAM",
        "probability": 0.0019426717699388973
      }, {
        "activityType": "IN_VEHICLE",
        "probability": 2.084906782329199E-4
      }],
      "waypointPath": {
        "waypoints": [{
          "latE7": 522298469,
          "lngE7": 209096145
        }, {
          "latE7": 522161026,
          "lngE7": 208633632
        }, {
          "latE7": 521997451,
          "lngE7": 208441753
        }, {
          "latE7": 521394233,
          "lngE7": 210091667
        }, {
          "latE7": 520877456,
          "lngE7": 210241298
        }],
        "source": "INFERRED",
        "roadSegment": [{
          "placeId": "ChIJgdxWQCHLHkcRAOjvtmQJx3o",
          "duration": "1s"
        }, {
          "placeId": "ChIJP3MlPyHLHkcRYnrYDUlYn1M",
          "duration": "10s"
        }, {
          "placeId": "ChIJDT-cOyHLHkcRMYUi8TUZDlc",
          "duration": "5s"
        }, {
          "placeId": "ChIJO6ZfJiHLHkcRJQvxE-bDfsk",
          "duration": "24s"
        }, {
          "placeId": "ChIJNR581yDLHkcRBKxenudeYsc",
          "duration": "4s"
        }, {
          "placeId": "ChIJQW471iDLHkcRO7aMkjjoJy8",
          "duration": "7s"
        }, {
          "placeId": "ChIJ-Y1XKiHLHkcRGK5cY1Y6ylU",
          "duration": "10s"
        }, {
          "placeId": "ChIJ_emC1CbLHkcRQmSg8G0mO90",
          "duration": "11s"
        }, {
          "placeId": "ChIJTbUJ0SbLHkcRWYmm57ffZn0",
          "duration": "11s"
        }, {
          "placeId": "ChIJrdtkJyfLHkcRBcw_Bn3Vklo",
          "duration": "7s"
        }, {
          "placeId": "ChIJ89YPPSfLHkcR3MsrwlBXg88",
          "duration": "23s"
        }, {
          "placeId": "ChIJ_6wDPifLHkcRYpCEo3l5zcc",
          "duration": "1s"
        }, {
          "placeId": "ChIJX4sDayfLHkcReMks5JNgThI",
          "duration": "11s"
        }, {
          "placeId": "ChIJ1VRcbyfLHkcR2YPplXwxSUc",
          "duration": "2s"
        }, {
          "placeId": "ChIJtxHWYifLHkcRwHKyQ31Eyz0",
          "duration": "14s"
        }, {
          "placeId": "ChIJCxiHg9jKHkcRjm2oIN1y-io",
          "duration": "1s"
        }, {
          "placeId": "ChIJo6U0hNjKHkcRTFPl_hIVIcg",
          "duration": "2s"
        }, {
          "placeId": "ChIJkVLDiNjKHkcRycQZj6-Pnk0",
          "duration": "7s"
        }, {
          "placeId": "ChIJo9-9itjKHkcRR54mid0ea1E",
          "duration": "11s"
        }, {
          "placeId": "ChIJQ0hZV9jKHkcRUiZKiusyMWQ",
          "duration": "30s"
        }, {
          "placeId": "ChIJI2evVNjKHkcRHM15wj_eYDI",
          "duration": "7s"
        }, {
          "placeId": "ChIJ6fT3A9nKHkcRmnX4kNjnsbs",
          "duration": "16s"
        }, {
          "placeId": "ChIJSassFtnKHkcR-iLxYrQueKA",
          "duration": "17s"
        }, {
          "placeId": "ChIJCbdaStnKHkcRcYptEnNWxNQ",
          "duration": "13s"
        }, {
          "placeId": "ChIJWRlmsd7KHkcRtI1N5XjGBK0",
          "duration": "10s"
        }, {
          "placeId": "ChIJtVOnut7KHkcRuxLbvSM0epY",
          "duration": "1s"
        }, {
          "placeId": "ChIJR_rGpN7KHkcRbrctLye5_zI",
          "duration": "7s"
        }, {
          "placeId": "ChIJnTkIot7KHkcRuUlXqmhL1Ho",
          "duration": "8s"
        }, {
          "placeId": "ChIJh8a1KdzKHkcRBFCWv8aXIcw",
          "duration": "16s"
        }, {
          "placeId": "ChIJ8QDJ0d3KHkcRaVOv_hHgJls",
          "duration": "8s"
        }, {
          "placeId": "ChIJH9ONw93KHkcRjbvMCuUe7qE",
          "duration": "4s"
        }, {
          "placeId": "ChIJHf5p6t3KHkcRq1vADwb_ygE",
          "duration": "8s"
        }, {
          "placeId": "ChIJTfS77N3KHkcRs2G34q_oyLs",
          "duration": "4s"
        }, {
          "placeId": "ChIJb2BUjN3KHkcRfm8s30euT9Y",
          "duration": "11s"
        }, {
          "placeId": "ChIJAZXCid3KHkcRY4G37-ShHBM",
          "duration": "2s"
        }, {
          "placeId": "ChIJV278YufKHkcRPrx9V7E9ULA",
          "duration": "1s"
        }, {
          "placeId": "ChIJv_lXY-fKHkcR38IWq63QGkQ",
          "duration": "2s"
        }, {
          "placeId": "ChIJBZTzcOfKHkcRQT10oiFMr6U",
          "duration": "10s"
        }, {
          "placeId": "ChIJkRDzdOfKHkcRVlTTtY05qnc",
          "duration": "2s"
        }, {
          "placeId": "ChIJz6XbCufKHkcR9Ej29RUTm2c",
          "duration": "2s"
        }, {
          "placeId": "ChIJ5xDodOfKHkcRDEZER8Efbfk",
          "duration": "2s"
        }, {
          "placeId": "ChIJSXBRp-fKHkcRUPqg_SvSJkE",
          "duration": "4s"
        }, {
          "placeId": "ChIJeRtzqefKHkcRftBxtvWICig",
          "duration": "24s"
        }, {
          "placeId": "ChIJp2RFU-bKHkcRdgKTBbTV_6U",
          "duration": "4s"
        }, {
          "placeId": "ChIJMezIU-bKHkcRzgpVLCCB4CE",
          "duration": "10s"
        }, {
          "placeId": "ChIJTagdTubKHkcR3H87mbnNfhY",
          "duration": "10s"
        }, {
          "placeId": "ChIJhXQvTObKHkcRbdjamv60Oc8",
          "duration": "5s"
        }, {
          "placeId": "ChIJOWE-M-bKHkcRkUCXha9ikX8",
          "duration": "27s"
        }, {
          "placeId": "ChIJ4WrG1OfKHkcRCIoBF2MoAO8",
          "duration": "7s"
        }, {
          "placeId": "ChIJRzBZYejKHkcRj73BDrYNjp0",
          "duration": "7s"
        }, {
          "placeId": "ChIJRzBZYejKHkcRdo9ZiN5xY8U",
          "duration": "10s"
        }, {
          "placeId": "ChIJOZzvUOjKHkcR8_HOVH0NVAI",
          "duration": "29s"
        }, {
          "placeId": "ChIJL_YlsOnKHkcRq465-mxYblA",
          "duration": "2s"
        }, {
          "placeId": "ChIJAejrTsLKHkcRIRuGlz63BMc",
          "duration": "10s"
        }, {
          "placeId": "ChIJE0TfisPKHkcR7bhFSdpjes0",
          "duration": "24s"
        }, {
          "placeId": "ChIJqymcWs_KHkcRWnZeIAtZK0Y",
          "duration": "44s"
        }, {
          "placeId": "ChIJcx0w9cvKHkcRPS7hNExZBtk",
          "duration": "24s"
        }, {
          "placeId": "ChIJ2zPtXMvKHkcRI9gk0Thdbbw",
          "duration": "8s"
        }, {
          "placeId": "ChIJ878KsTQ1GUcRw-t3XD0Nurw",
          "duration": "8s"
        }, {
          "placeId": "ChIJsSUKQTQ1GUcRmQQDBSs9Zys",
          "duration": "2s"
        }, {
          "placeId": "ChIJ67LGPjQ1GUcRrSQ6PZJlh-w",
          "duration": "7s"
        }, {
          "placeId": "ChIJgRConTY1GUcRb0SwMb9MPnc",
          "duration": "2s"
        }, {
          "placeId": "ChIJp02y8jY1GUcRv05ZWUFo-s0",
          "duration": "0s"
        }, {
          "placeId": "ChIJL5aICjc1GUcR-RPkYTZ8IO0",
          "duration": "26s"
        }, {
          "placeId": "ChIJ60fqMTg1GUcRtyNVcjx1j5o",
          "duration": "0s"
        }, {
          "placeId": "ChIJ5yuLTzg1GUcR-TSx4CaJ0ys",
          "duration": "11s"
        }, {
          "placeId": "ChIJu0xA8Tg1GUcRy-Mq7te4-kw",
          "duration": "0s"
        }, {
          "placeId": "ChIJxfs97Dg1GUcR7QY2lHxLKLw",
          "duration": "5s"
        }, {
          "placeId": "ChIJo4Vjxzg1GUcRp7M4qvbIutY",
          "duration": "2s"
        }, {
          "placeId": "ChIJU4suZz81GUcRD4SsW6utdtc",
          "duration": "23s"
        }, {
          "placeId": "ChIJD1nUv2o1GUcRYlCsZuxzMjo",
          "duration": "19s"
        }, {
          "placeId": "ChIJvQQctBU1GUcRxrqG7_jNEMg",
          "duration": "11s"
        }, {
          "placeId": "ChIJXf4eKBc1GUcRnx6Yfj6Ghqw",
          "duration": "2s"
        }, {
          "placeId": "ChIJH4nisBA1GUcRcV8NtGlsoTw",
          "duration": "16s"
        }, {
          "placeId": "ChIJKSXQcho1GUcRn5xGpCWq-Lo",
          "duration": "1s"
        }, {
          "placeId": "ChIJh07HqRs1GUcRD140D9x5K64",
          "duration": "23s"
        }, {
          "placeId": "ChIJ81qWmxw1GUcR-hocOx0eZ8E",
          "duration": "1s"
        }, {
          "placeId": "ChIJqxnb6hw1GUcRKpqoZ4RLLQg",
          "duration": "5s"
        }, {
          "placeId": "ChIJpxal3Rw1GUcR84rIxy8HBhI",
          "duration": "0s"
        }, {
          "placeId": "ChIJpaDsIx01GUcRvKd91nshA7Q",
          "duration": "7s"
        }, {
          "placeId": "ChIJV_FbqeI0GUcRfRfX3irC_i4",
          "duration": "16s"
        }, {
          "placeId": "ChIJk5INLf00GUcRQWEBttIvtAA",
          "duration": "0s"
        }, {
          "placeId": "ChIJ6w74x_w0GUcRXZ8mDd_HUi0",
          "duration": "2s"
        }, {
          "placeId": "ChIJA1gqivA0GUcRAgbwNFkZspA",
          "duration": "4s"
        }, {
          "placeId": "ChIJE4tcbPE0GUcR-Zs_BDSlIkQ",
          "duration": "23s"
        }, {
          "placeId": "ChIJZ702lvM0GUcRzyfrXzyVZtU",
          "duration": "2s"
        }, {
          "placeId": "ChIJ1wZqiow0GUcRKwX_3J9GRP0",
          "duration": "51s"
        }, {
          "placeId": "ChIJweKfRY80GUcRwu9q_brrumc",
          "duration": "11s"
        }, {
          "placeId": "ChIJRTap54U0GUcRJGNvcnkoeYM",
          "duration": "2s"
        }, {
          "placeId": "ChIJlcwT2oU0GUcRve5P26OJFt0",
          "duration": "2s"
        }, {
          "placeId": "ChIJR2lrKYQ0GUcRKZ1pJ4W_Jpw",
          "duration": "5s"
        }, {
          "placeId": "ChIJjUIBV4E0GUcRE0P6nD3toxQ",
          "duration": "17s"
        }, {
          "placeId": "ChIJe1lMF34zGUcRnfglVhGTQtY",
          "duration": "36s"
        }, {
          "placeId": "ChIJDx2RF3kzGUcR2URXQmxJcfI",
          "duration": "8s"
        }, {
          "placeId": "ChIJzfNHf3czGUcRrHIgjCr54rs",
          "duration": "32s"
        }, {
          "placeId": "ChIJHd2wlnUzGUcRBOLaZ32zzZA",
          "duration": "26s"
        }, {
          "placeId": "ChIJAWugE6AzGUcR-MWShW8kFQI",
          "duration": "19s"
        }, {
          "placeId": "ChIJU0cRKaQzGUcReBzu0TrfEA0",
          "duration": "52s"
        }, {
          "placeId": "ChIJiQ3HFbIzGUcRs7sJmwhU72s",
          "duration": "54s"
        }, {
          "placeId": "ChIJz4YsvkwyGUcRCZtjGzyKStc",
          "duration": "1s"
        }, {
          "placeId": "ChIJ49nJk0wyGUcRGbEVBYQnOe0",
          "duration": "2s"
        }, {
          "placeId": "ChIJJeBjFEwyGUcRoRqJzjfwhF0",
          "duration": "22s"
        }, {
          "placeId": "ChIJZ3u1CkUyGUcRg6Fwm0M8Dbo",
          "duration": "1s"
        }, {
          "placeId": "ChIJDySoCEUyGUcRI4993g2ke4s",
          "duration": "4s"
        }, {
          "placeId": "ChIJ1bdfAkUyGUcRgbMiQ_YtzrI",
          "duration": "0s"
        }, {
          "placeId": "ChIJGVoY_UQyGUcRVU2HnXOkr_c",
          "duration": "1s"
        }, {
          "placeId": "ChIJz8AKlEQyGUcRIxPJcQGla4s",
          "duration": "16s"
        }, {
          "placeId": "ChIJhUPaRkMyGUcRtcGoGVRxfaU",
          "duration": "2s"
        }, {
          "placeId": "ChIJ9UwDKkMyGUcRHy3W0SifgWI",
          "duration": "14s"
        }, {
          "placeId": "ChIJE0KbV10yGUcR7YU0yNi96mw",
          "duration": "11s"
        }, {
          "placeId": "ChIJS0sYyGcyGUcRJc9uUiDdQBY",
          "duration": "14s"
        }, {
          "placeId": "ChIJlb-yrWUyGUcRTZL7b_hnvTI",
          "duration": "4s"
        }, {
          "placeId": "ChIJfXOXqGUyGUcRd0sniBJaEmc",
          "duration": "5s"
        }, {
          "placeId": "ChIJWT4FcWUyGUcRMGNJhg7yLgw",
          "duration": "2s"
        }, {
          "placeId": "ChIJvR6hZGUyGUcRUNRZgE7x3kc",
          "duration": "7s"
        }, {
          "placeId": "ChIJmfzui28yGUcRpq6iKZN0w8M",
          "duration": "4s"
        }, {
          "placeId": "ChIJc43kwW8yGUcR-skOUyg6EZo",
          "duration": "7s"
        }, {
          "placeId": "ChIJccB6xG8yGUcRaWF8IPnBJNg",
          "duration": "1s"
        }, {
          "placeId": "ChIJccB6xG8yGUcRwBrf5UA7Rw8",
          "duration": "10s"
        }, {
          "placeId": "ChIJHcRG028yGUcRIsnyDd18aM4",
          "duration": "16s"
        }, {
          "placeId": "ChIJ49l02HEyGUcRluZxDoE8Hxw",
          "duration": "17s"
        }, {
          "placeId": "ChIJE6JY3nEyGUcRDMc_hjbSOtw",
          "duration": "0s"
        }, {
          "placeId": "ChIJTWIg53EyGUcR1IP3ypgXDFI",
          "duration": "10s"
        }, {
          "placeId": "ChIJWVWM9nEyGUcRakF6iS6h0HM",
          "duration": "17s"
        }, {
          "placeId": "ChIJ6ysSPXIyGUcRhs4pXD6Av3E",
          "duration": "7s"
        }, {
          "placeId": "ChIJKz0zP3IyGUcRCRt0oMaPmFg",
          "duration": "1s"
        }, {
          "placeId": "ChIJE8twRnIyGUcRhEEoyono3sE",
          "duration": "8s"
        }, {
          "placeId": "ChIJYwe9VnIyGUcRZJoczrGuSPE",
          "duration": "8s"
        }, {
          "placeId": "ChIJFbNW_nIyGUcR8AMouF6zGcU",
          "duration": "0s"
        }, {
          "placeId": "ChIJT9T-HHMyGUcRtPx5k2vJxwc",
          "duration": "13s"
        }, {
          "placeId": "ChIJLWLjMHMyGUcRRgnsBI6CXU8",
          "duration": "17s"
        }, {
          "placeId": "ChIJPffUuQwyGUcRbQYUGC1eEvo",
          "duration": "11s"
        }, {
          "placeId": "ChIJ-9OkvQwyGUcRkbAYMU3n3_g",
          "duration": "5s"
        }, {
          "placeId": "ChIJAZgTmgwyGUcRnzgFP1CBxl0",
          "duration": "10s"
        }, {
          "placeId": "ChIJRYsVgQwyGUcR5-sicWXNrac",
          "duration": "10s"
        }, {
          "placeId": "ChIJR-KXiAsyGUcRAbetiruofd8",
          "duration": "0s"
        }, {
          "placeId": "ChIJR-KXiAsyGUcRhB9RZNxvEFc",
          "duration": "13s"
        }, {
          "placeId": "ChIJSQ5u7gsyGUcRgb-qkGNlJoQ",
          "duration": "8s"
        }, {
          "placeId": "ChIJE2gd4QsyGUcRN076XImzjX0",
          "duration": "7s"
        }, {
          "placeId": "ChIJrZQdZgkyGUcRtXDhgo5VCDA",
          "duration": "14s"
        }, {
          "placeId": "ChIJa0V5DgkyGUcRB6XEMXuXH-k",
          "duration": "5s"
        }, {
          "placeId": "ChIJ-wzRBgkyGUcR7JnrQ_BylIE",
          "duration": "7s"
        }, {
          "placeId": "ChIJ26ZJVwgyGUcRwB87qO4UUsM",
          "duration": "11s"
        }, {
          "placeId": "ChIJxaDWdAgyGUcRCgCf0geP1cM",
          "duration": "10s"
        }, {
          "placeId": "ChIJ2c7l7QcyGUcR3RLBufaGzNw",
          "duration": "19s"
        }, {
          "placeId": "ChIJDxfHiAcyGUcRC5Vr-Bws7Yg",
          "duration": "4s"
        }, {
          "placeId": "ChIJLZKphwcyGUcR5_jQ_nfvnig",
          "duration": "2s"
        }, {
          "placeId": "ChIJD4d8f_gtGUcRD81ESFq4km4",
          "duration": "7s"
        }, {
          "placeId": "ChIJa51hgPgtGUcR3NQ5qADuv1k",
          "duration": "1s"
        }, {
          "placeId": "ChIJr0GMhPgtGUcRPE6kruLIq-I",
          "duration": "11s"
        }, {
          "placeId": "ChIJY5mkufgtGUcR5Ga14DQlork",
          "duration": "10s"
        }, {
          "placeId": "ChIJY5mkufgtGUcRt9h3XEUh8cA",
          "duration": "10s"
        }, {
          "placeId": "ChIJq7P3M_8tGUcR6nE5gHAFZkc",
          "duration": "4s"
        }, {
          "placeId": "ChIJfyCdOv8tGUcR2SPtWpHNvMA",
          "duration": "5s"
        }, {
          "placeId": "ChIJgylAI_8tGUcRFmyfQuHcjHo",
          "duration": "2s"
        }, {
          "placeId": "ChIJISYsGf8tGUcRyC_rvRmX9QA",
          "duration": "8s"
        }, {
          "placeId": "ChIJB38mHf8tGUcRBIIrYkPL7EY",
          "duration": "5s"
        }, {
          "placeId": "ChIJd3v5_f4tGUcRe1BrGickZdg",
          "duration": "1s"
        }, {
          "placeId": "ChIJLwbLOP4tGUcRNkg457AsWi0",
          "duration": "8s"
        }, {
          "placeId": "ChIJt33dsAAuGUcRc5mybWydgAg",
          "duration": "8s"
        }, {
          "placeId": "ChIJB82DywAuGUcRL3FuU32xNqk",
          "duration": "2s"
        }, {
          "placeId": "ChIJ28XiLAcuGUcR6HREfNLC6jc",
          "duration": "4s"
        }, {
          "placeId": "ChIJR5X41gYuGUcRCHMNT8QdEzI",
          "duration": "8s"
        }, {
          "placeId": "ChIJUXpuvwYuGUcRABOE-AsB_TA",
          "duration": "42s"
        }, {
          "placeId": "ChIJ8UaengYuGUcRc9lAyJ3OGt4",
          "duration": "5s"
        }, {
          "placeId": "ChIJn2JGJgQuGUcRgd_mtodmEYU",
          "duration": "8s"
        }, {
          "placeId": "ChIJJ-KerQUuGUcRYthkBmkOV8k",
          "duration": "30s"
        }, {
          "placeId": "ChIJ9d9LRwUuGUcRQtj3S1sXTx8",
          "duration": "2s"
        }, {
          "placeId": "ChIJ-as6RgUuGUcR6MhEcKupjNM",
          "duration": "2s"
        }, {
          "placeId": "ChIJe9UsSQUuGUcRJozKTwJYvss",
          "duration": "1s"
        }, {
          "placeId": "ChIJ6Wo4TAUuGUcRboDx6UM5zkI",
          "duration": "2s"
        }, {
          "placeId": "ChIJefGWshouGUcRXb5-3dw6yus",
          "duration": "11s"
        }, {
          "placeId": "ChIJb4XQpRouGUcR-rysiwKaq00",
          "duration": "8s"
        }, {
          "placeId": "ChIJH46RdRAuGUcRfOCT-VV2AUU",
          "duration": "13s"
        }, {
          "placeId": "ChIJ_3fEexAuGUcRSm6EYRbaHCY",
          "duration": "4s"
        }, {
          "placeId": "ChIJ31uWiBAuGUcRsvMgc6NG9Dw",
          "duration": "14s"
        }, {
          "placeId": "ChIJ11zijhAuGUcRpwE2jsrujhQ",
          "duration": "2s"
        }, {
          "placeId": "ChIJc5N3khAuGUcRufyd2XdlBT0",
          "duration": "17s"
        }, {
          "placeId": "ChIJNQRJkxAuGUcRlyzaln5fH4Q",
          "duration": "4s"
        }, {
          "placeId": "ChIJJ1Sr7BAuGUcRcHh3lI84oCc",
          "duration": "4s"
        }, {
          "placeId": "ChIJdZjZ8RAuGUcR7Vq-sTuw14g",
          "duration": "20s"
        }, {
          "placeId": "ChIJZx9w_xAuGUcRndxytASzz6U",
          "duration": "27s"
        }, {
          "placeId": "ChIJ5QYqqREuGUcRf-GNsi2GmsQ",
          "duration": "4s"
        }, {
          "placeId": "ChIJaUhZrxEuGUcRNHgS6SO0ajE",
          "duration": "0s"
        }, {
          "placeId": "ChIJde_VphEuGUcRTT8TLBURciA",
          "duration": "17s"
        }, {
          "placeId": "ChIJqRHGChEuGUcRzUP46HZrSuU",
          "duration": "2s"
        }, {
          "placeId": "ChIJY7w5dREuGUcRVQxR2niszc8",
          "duration": "16s"
        }, {
          "placeId": "ChIJdTvTnxEuGUcRHdLf_sPTfhA",
          "duration": "5s"
        }, {
          "placeId": "ChIJgRH_dREuGUcRk8iYx1Z5huw",
          "duration": "10s"
        }, {
          "placeId": "ChIJF3N7dhEuGUcRtxsvDcIjFmg",
          "duration": "4s"
        }, {
          "placeId": "ChIJlVLDcBEuGUcRKFuTHIQZvZ4",
          "duration": "11s"
        }],
        "distanceMeters": 29113.19917391816,
        "travelMode": "DRIVE",
        "confidence": 0.9994864712959116
      },
      "simplifiedRawPath": {
        "points": [{
          "latE7": 521997147,
          "lngE7": 208439465,
          "accuracyMeters": 6,
          "timestamp": "2020-10-06T14:12:55.999Z"
        }]
      },
      "parkingEvent": {
        "location": {
          "latitudeE7": 520877506,
          "longitudeE7": 210241496,
          "accuracyMetres": 63
        },
        "method": "END_OF_ACTIVITY_SEGMENT",
        "locationSource": "FROM_RAW_LOCATION",
        "timestamp": "2020-10-06T14:39:30.999Z"
      }
    }
  }, {
    "activitySegment": {
      "startLocation": {
        "latitudeE7": 520886574,
        "longitudeE7": 210234196,
        "sourceInfo": {
          "deviceTag": 2038012174
        }
      },
      "endLocation": {
        "latitudeE7": 522190100,
        "longitudeE7": 209161040,
        "sourceInfo": {
          "deviceTag": 2038012174
        }
      },
      "duration": {
        "startTimestamp": "2020-10-06T16:49:45Z",
        "endTimestamp": "2020-10-06T17:16:00Z"
      },
      "distance": 18141,
      "activityType": "IN_PASSENGER_VEHICLE",
      "confidence": "HIGH",
      "activities": [{
        "activityType": "IN_PASSENGER_VEHICLE",
        "probability": 97.54548072814941
      }, {
        "activityType": "STILL",
        "probability": 1.6969192773103714
      }, {
        "activityType": "WALKING",
        "probability": 0.5464329849928617
      }, {
        "activityType": "MOTORCYCLING",
        "probability": 0.05966629250906408
      }, {
        "activityType": "IN_BUS",
        "probability": 0.05293975700624287
      }, {
        "activityType": "FLYING",
        "probability": 0.02981599827762693
      }, {
        "activityType": "IN_FERRY",
        "probability": 0.021462362201418728
      }, {
        "activityType": "CYCLING",
        "probability": 0.02054801007034257
      }, {
        "activityType": "IN_TRAIN",
        "probability": 0.011743378126993775
      }, {
        "activityType": "RUNNING",
        "probability": 0.010131619637832046
      }, {
        "activityType": "SAILING",
        "probability": 0.0017151663996628486
      }, {
        "activityType": "IN_SUBWAY",
        "probability": 0.0014140386156213935
      }, {
        "activityType": "SKIING",
        "probability": 0.0012716646779153962
      }, {
        "activityType": "IN_TRAM",
        "probability": 4.281601377442712E-4
      }, {
        "activityType": "IN_VEHICLE",
        "probability": 2.1003974381983426E-5
      }]
    }
  }, {
    "activitySegment": {
      "startLocation": {
        "latitudeE7": 522349713,
        "longitudeE7": 210161473,
        "sourceInfo": {
          "deviceTag": 2038012174
        }
      },
      "endLocation": {
        "latitudeE7": 514182934,
        "longitudeE7": 196707793,
        "sourceInfo": {
          "deviceTag": 2038012174
        }
      },
      "duration": {
        "startTimestamp": "2020-10-10T12:52:14.999Z",
        "endTimestamp": "2020-10-10T14:16:49.999Z"
      },
      "distance": 113602,
      "activityType": "IN_PASSENGER_VEHICLE",
      "confidence": "HIGH",
      "activities": [{
        "activityType": "IN_PASSENGER_VEHICLE",
        "probability": 97.35808372497559
      }, {
        "activityType": "STILL",
        "probability": 1.3244785368442535
      }, {
        "activityType": "WALKING",
        "probability": 0.8008250966668129
      }, {
        "activityType": "MOTORCYCLING",
        "probability": 0.13461548369377851
      }, {
        "activityType": "CYCLING",
        "probability": 0.10240647243335843
      }, {
        "activityType": "IN_FERRY",
        "probability": 0.06564810173586011
      }, {
        "activityType": "RUNNING",
        "probability": 0.06370760966092348
      }, {
        "activityType": "FLYING",
        "probability": 0.0558727013412863
      }, {
        "activityType": "IN_BUS",
        "probability": 0.05180836305953562
      }, {
        "activityType": "IN_TRAIN",
        "probability": 0.019268585310783237
      }, {
        "activityType": "SKIING",
        "probability": 0.011805579561041668
      }, {
        "activityType": "IN_SUBWAY",
        "probability": 0.00462464195152279
      }, {
        "activityType": "SAILING",
        "probability": 0.004044041997985914
      }, {
        "activityType": "IN_TRAM",
        "probability": 0.0027728829081752338
      }, {
        "activityType": "IN_VEHICLE",
        "probability": 7.720654338072563E-6
      }]
    }
  }, {
    "activitySegment": {
      "startLocation": {
        "latitudeE7": 514050905,
        "longitudeE7": 196627991,
        "sourceInfo": {
          "deviceTag": 2038012174
        }
      },
      "endLocation": {
        "latitudeE7": 522100955,
        "longitudeE7": 209133086,
        "sourceInfo": {
          "deviceTag": 2038012174
        }
      },
      "duration": {
        "startTimestamp": "2020-10-14T16:20:14Z",
        "endTimestamp": "2020-10-14T17:41:08Z"
      },
      "distance": 100823,
      "activityType": "IN_PASSENGER_VEHICLE",
      "confidence": "HIGH",
      "activities": [{
        "activityType": "IN_PASSENGER_VEHICLE",
        "probability": 97.60534763336182
      }, {
        "activityType": "STILL",
        "probability": 1.1272583156824112
      }, {
        "activityType": "WALKING",
        "probability": 0.7157466374337673
      }, {
        "activityType": "MOTORCYCLING",
        "probability": 0.17838961211964488
      }, {
        "activityType": "IN_FERRY",
        "probability": 0.1050405204296112
      }, {
        "activityType": "CYCLING",
        "probability": 0.08940240950323641
      }, {
        "activityType": "FLYING",
        "probability": 0.06979245808906853
      }, {
        "activityType": "IN_BUS",
        "probability": 0.038175974623300135
      }, {
        "activityType": "RUNNING",
        "probability": 0.03145744849462062
      }, {
        "activityType": "SKIING",
        "probability": 0.02126245672116056
      }, {
        "activityType": "IN_TRAIN",
        "probability": 0.009756843064678833
      }, {
        "activityType": "SAILING",
        "probability": 0.007716273830737919
      }, {
        "activityType": "IN_SUBWAY",
        "probability": 3.5953712540504057E-4
      }, {
        "activityType": "IN_TRAM",
        "probability": 2.6868431177717866E-4
      }, {
        "activityType": "IN_VEHICLE",
        "probability": 4.769631445356026E-6
      }]
    }
  }, {
    "activitySegment": {
      "startLocation": {
        "latitudeE7": 522295552,
        "longitudeE7": 209963243,
        "sourceInfo": {
          "deviceTag": 2038012174
        }
      },
      "endLocation": {
        "latitudeE7": 522208994,
        "longitudeE7": 209190258,
        "sourceInfo": {
          "deviceTag": 2038012174
        }
      },
      "duration": {
        "startTimestamp": "2020-10-21T14:02:03.999Z",
        "endTimestamp": "2020-10-21T14:15:23Z"
      },
      "distance": 5570,
      "activityType": "IN_PASSENGER_VEHICLE",
      "confidence": "HIGH",
      "activities": [{
        "activityType": "IN_PASSENGER_VEHICLE",
        "probability": 95.72135210037231
      }, {
        "activityType": "WALKING",
        "probability": 2.687530964612961
      }, {
        "activityType": "STILL",
        "probability": 1.0373443365097046
      }, {
        "activityType": "IN_BUS",
        "probability": 0.17225997289642692
      }, {
        "activityType": "MOTORCYCLING",
        "probability": 0.13150034938007593
      }, {
        "activityType": "CYCLING",
        "probability": 0.08320673950947821
      }, {
        "activityType": "IN_FERRY",
        "probability": 0.039644326898269355
      }, {
        "activityType": "RUNNING",
        "probability": 0.03942134790122509
      }, {
        "activityType": "FLYING",
        "probability": 0.030394477653317153
      }, {
        "activityType": "IN_SUBWAY",
        "probability": 0.01348497171420604
      }, {
        "activityType": "SKIING",
        "probability": 0.012656337639782578
      }, {
        "activityType": "IN_TRAIN",
        "probability": 0.011963710130658
      }, {
        "activityType": "IN_TRAM",
        "probability": 0.011411125888116658
      }, {
        "activityType": "SAILING",
        "probability": 0.007714462117291987
      }, {
        "activityType": "IN_VEHICLE",
        "probability": 1.0373605618951842E-4
      }]
    }
  }, {
    "activitySegment": {
      "startLocation": {
        "latitudeE7": 522290008,
        "longitudeE7": 209109586,
        "sourceInfo": {
          "deviceTag": 2038012174
        }
      },
      "endLocation": {
        "latitudeE7": 522337028,
        "longitudeE7": 209164961,
        "sourceInfo": {
          "deviceTag": 2038012174
        }
      },
      "duration": {
        "startTimestamp": "2020-10-23T08:29:56Z",
        "endTimestamp": "2020-10-23T08:33:45Z"
      },
      "distance": 150,
      "activityType": "IN_PASSENGER_VEHICLE",
      "confidence": "LOW",
      "activities": [{
        "activityType": "IN_PASSENGER_VEHICLE",
        "probability": 57.41837024688721
      }, {
        "activityType": "STILL",
        "probability": 33.13141465187073
      }, {
        "activityType": "CYCLING",
        "probability": 3.4640923142433167
      }, {
        "activityType": "WALKING",
        "probability": 3.1572140753269196
      }, {
        "activityType": "IN_BUS",
        "probability": 1.4965162612497807
      }, {
        "activityType": "MOTORCYCLING",
        "probability": 0.5919598508626223
      }, {
        "activityType": "RUNNING",
        "probability": 0.21878110710531473
      }, {
        "activityType": "IN_TRAM",
        "probability": 0.17774151638150215
      }, {
        "activityType": "IN_FERRY",
        "probability": 0.1478003105148673
      }, {
        "activityType": "IN_TRAIN",
        "probability": 0.09416924440301955
      }, {
        "activityType": "IN_SUBWAY",
        "probability": 0.04091844311915338
      }, {
        "activityType": "SKIING",
        "probability": 0.02875190111808479
      }, {
        "activityType": "FLYING",
        "probability": 0.02090107591357082
      }, {
        "activityType": "SAILING",
        "probability": 0.010460088378749788
      }, {
        "activityType": "IN_VEHICLE",
        "probability": 9.028028216562234E-4
      }],
      "waypointPath": {
        "waypoints": [{
          "latE7": 522290000,
          "lngE7": 209109935
        }, {
          "latE7": 522289695,
          "lngE7": 209151248
        }, {
          "latE7": 522294502,
          "lngE7": 209181804
        }, {
          "latE7": 522319869,
          "lngE7": 209173088
        }, {
          "latE7": 522320938,
          "lngE7": 209165973
        }],
        "source": "INFERRED",
        "roadSegment": [{
          "placeId": "ChIJB3aH_iPLHkcRF1rmOgpRRb4",
          "duration": "3s"
        }, {
          "placeId": "ChIJn87S8yPLHkcRqQrD006np94",
          "duration": "5s"
        }, {
          "placeId": "ChIJmaRnkSPLHkcRfo4id-usV9w",
          "duration": "37s"
        }, {
          "placeId": "ChIJgZQSnyPLHkcR_OE2czq0f2s",
          "duration": "6s"
        }, {
          "placeId": "ChIJgZQSnyPLHkcR3KeoJp6miqs",
          "duration": "3s"
        }, {
          "placeId": "ChIJmUK7CiPLHkcR7NR6nDlKg84",
          "duration": "5s"
        }, {
          "placeId": "ChIJiR6rCyPLHkcRW1uupEjpPXU",
          "duration": "7s"
        }, {
          "placeId": "ChIJc4gADCPLHkcRdKsNUsGhjdI",
          "duration": "3s"
        }, {
          "placeId": "ChIJ6elaDiPLHkcRv3qxSMhJh5A",
          "duration": "11s"
        }, {
          "placeId": "ChIJly2hECPLHkcRMzqeUVfGheU",
          "duration": "10s"
        }, {
          "placeId": "ChIJA5CBGCPLHkcRZdcwfmxMr5I",
          "duration": "10s"
        }, {
          "placeId": "ChIJdQcC7yLLHkcRzOwFK469xcA",
          "duration": "66s"
        }, {
          "placeId": "ChIJjXUVYyLLHkcR9xxQZFAxMfo",
          "duration": "19s"
        }, {
          "placeId": "ChIJQbe9dSLLHkcR1qPuekP7o3E",
          "duration": "13s"
        }],
        "distanceMeters": 933.1819276124816,
        "travelMode": "DRIVE",
        "confidence": 0.9995044165454724
      },
      "simplifiedRawPath": {
        "points": [{
          "latE7": 522294540,
          "lngE7": 209180508,
          "accuracyMeters": 3,
          "timestamp": "2020-10-23T08:31:45Z"
        }]
      },
      "parkingEvent": {
        "location": {
          "latitudeE7": 522337644,
          "longitudeE7": 209183856,
          "accuracyMetres": 63
        },
        "method": "END_OF_ACTIVITY_SEGMENT",
        "locationSource": "FROM_RAW_LOCATION",
        "timestamp": "2020-10-23T08:36:00Z"
      }
    }
  }, {
    "activitySegment": {
      "startLocation": {
        "latitudeE7": 522312516,
        "longitudeE7": 209107339,
        "sourceInfo": {
          "deviceTag": 2038012174
        }
      },
      "endLocation": {
        "latitudeE7": 522339920,
        "longitudeE7": 210027330,
        "sourceInfo": {
          "deviceTag": 2038012174
        }
      },
      "duration": {
        "startTimestamp": "2020-10-26T19:23:17.999Z",
        "endTimestamp": "2020-10-26T19:44:14.999Z"
      },
      "distance": 5647,
      "activityType": "IN_PASSENGER_VEHICLE",
      "confidence": "MEDIUM",
      "activities": [{
        "activityType": "IN_PASSENGER_VEHICLE",
        "probability": 75.70240497589111
      }, {
        "activityType": "STILL",
        "probability": 17.285966873168945
      }, {
        "activityType": "CYCLING",
        "probability": 4.153791815042496
      }, {
        "activityType": "WALKING",
        "probability": 1.5970051288604736
      }, {
        "activityType": "MOTORCYCLING",
        "probability": 1.0124485939741135
      }, {
        "activityType": "RUNNING",
        "probability": 0.06469108047895133
      }, {
        "activityType": "IN_BUS",
        "probability": 0.06308540469035506
      }, {
        "activityType": "IN_TRAIN",
        "probability": 0.038829242112115026
      }, {
        "activityType": "SKIING",
        "probability": 0.031115830643102527
      }, {
        "activityType": "IN_TRAM",
        "probability": 0.014588350313715637
      }, {
        "activityType": "IN_SUBWAY",
        "probability": 0.014043123519513756
      }, {
        "activityType": "IN_FERRY",
        "probability": 0.013852279516868293
      }, {
        "activityType": "FLYING",
        "probability": 0.006818299880251288
      }, {
        "activityType": "SAILING",
        "probability": 0.0013256530110083986
      }, {
        "activityType": "IN_VEHICLE",
        "probability": 3.2146732564797276E-5
      }],
      "waypointPath": {
        "waypoints": [{
          "latE7": 522312507,
          "lngE7": 209107131
        }, {
          "latE7": 522201423,
          "lngE7": 209169483
        }, {
          "latE7": 522303428,
          "lngE7": 209938373
        }, {
          "latE7": 522327575,
          "lngE7": 209973640
        }, {
          "latE7": 522327690,
          "lngE7": 209976463
        }],
        "source": "INFERRED",
        "roadSegment": [{
          "placeId": "ChIJjWFqdCHLHkcRRw2LJq_6gNg",
          "duration": "33s"
        }, {
          "placeId": "ChIJCXgobyHLHkcRqrP__8-vp9U",
          "duration": "12s"
        }, {
          "placeId": "ChIJRfe2ZyHLHkcRS5bEHK_J0k8",
          "duration": "18s"
        }, {
          "placeId": "ChIJK10eZyHLHkcR7GxC8mw0vwc",
          "duration": "0s"
        }, {
          "placeId": "ChIJTWNxXiHLHkcRl-oyCezwRCM",
          "duration": "15s"
        }, {
          "placeId": "ChIJB3aH_iPLHkcRF1rmOgpRRb4",
          "duration": "2s"
        }, {
          "placeId": "ChIJn87S8yPLHkcRqQrD006np94",
          "duration": "4s"
        }, {
          "placeId": "ChIJmaRnkSPLHkcRfo4id-usV9w",
          "duration": "34s"
        }, {
          "placeId": "ChIJgZQSnyPLHkcR_OE2czq0f2s",
          "duration": "5s"
        }, {
          "placeId": "ChIJgZQSnyPLHkcR3KeoJp6miqs",
          "duration": "2s"
        }, {
          "placeId": "ChIJITFFeyPLHkcRmgNgjudAt1k",
          "duration": "5s"
        }, {
          "placeId": "ChIJUY6LnSTLHkcRHoOzZ6oQ6mc",
          "duration": "5s"
        }, {
          "placeId": "ChIJxfzzmCTLHkcRld7veas1Zvc",
          "duration": "5s"
        }, {
          "placeId": "ChIJp-Y8vCTLHkcRxdi8lbzv4so",
          "duration": "5s"
        }, {
          "placeId": "ChIJo8iQxyTLHkcRLY6RUOGXpR8",
          "duration": "5s"
        }, {
          "placeId": "ChIJpYSzyCTLHkcRxPBW_HgIxeo",
          "duration": "1s"
        }, {
          "placeId": "ChIJK3YaziTLHkcRGCvvR_LiRAU",
          "duration": "7s"
        }, {
          "placeId": "ChIJK3YaziTLHkcRR5ktgNVdmoQ",
          "duration": "1s"
        }, {
          "placeId": "ChIJ_2vG1CTLHkcRocwaI4TkxOs",
          "duration": "10s"
        }, {
          "placeId": "ChIJvUBS0TrLHkcRkTYqS3W3jss",
          "duration": "12s"
        }, {
          "placeId": "ChIJb-qKzzrLHkcR1810KjQikSQ",
          "duration": "0s"
        }, {
          "placeId": "ChIJdXnrnTrLHkcR-LB34O6Rqt8",
          "duration": "1s"
        }, {
          "placeId": "ChIJdXnrnTrLHkcRsuHI9J4N6pE",
          "duration": "0s"
        }, {
          "placeId": "ChIJxUzXdjDLHkcRDWQx94QvulM",
          "duration": "7s"
        }, {
          "placeId": "ChIJuxQicDDLHkcRy_j4QiVT1Ow",
          "duration": "2s"
        }, {
          "placeId": "ChIJybCEbzDLHkcRUzG7CPjAljk",
          "duration": "1s"
        }, {
          "placeId": "ChIJsXNfbzDLHkcRD4BPhTxL3QI",
          "duration": "1s"
        }, {
          "placeId": "ChIJP6yOZzDLHkcRY18ukJPzAZQ",
          "duration": "21s"
        }, {
          "placeId": "ChIJnxzrWzDLHkcRo6N_AG5I_UA",
          "duration": "2s"
        }, {
          "placeId": "ChIJ-2hhWTDLHkcRwH2WI0f_hMQ",
          "duration": "4s"
        }, {
          "placeId": "ChIJI6xzXzDLHkcRu_OUn2utyG0",
          "duration": "14s"
        }, {
          "placeId": "ChIJKRx-izDLHkcRD9Ju2_33A7c",
          "duration": "12s"
        }, {
          "placeId": "ChIJr6chjjDLHkcRxrtKf6DJp8U",
          "duration": "7s"
        }, {
          "placeId": "ChIJ9fVbpzDLHkcRag4JcEbLEPQ",
          "duration": "10s"
        }, {
          "placeId": "ChIJQ7Q9BDrLHkcRrWt_DA-FFsQ",
          "duration": "4s"
        }, {
          "placeId": "ChIJD-UhAzrLHkcRrT8SUVvmVCE",
          "duration": "1s"
        }, {
          "placeId": "ChIJc8Hc9znLHkcRkIqowgGczWE",
          "duration": "4s"
        }, {
          "placeId": "ChIJ5fB8ljnLHkcRJ98jYTqNhpo",
          "duration": "0s"
        }, {
          "placeId": "ChIJRzluvTnLHkcR5YroAX3CPfU",
          "duration": "2s"
        }, {
          "placeId": "ChIJPSK1pTnLHkcRN3o260D-cHA",
          "duration": "7s"
        }, {
          "placeId": "ChIJpwzrqTnLHkcRowTKM6tNncg",
          "duration": "1s"
        }, {
          "placeId": "ChIJgxi1ATnLHkcRNjklUinHMcU",
          "duration": "7s"
        }, {
          "placeId": "ChIJg85j6TjLHkcRjt3MfVa2ODc",
          "duration": "10s"
        }, {
          "placeId": "ChIJpVs06jjLHkcR4WPQyXhepZw",
          "duration": "0s"
        }, {
          "placeId": "ChIJx1aa6jjLHkcR_AJ5FIzsB-Y",
          "duration": "2s"
        }, {
          "placeId": "ChIJGbXEvjjLHkcRVlhlWvfIfss",
          "duration": "10s"
        }, {
          "placeId": "ChIJSdqjujjLHkcRdZH11QTqd4Y",
          "duration": "7s"
        }, {
          "placeId": "ChIJ2YLDvkDLHkcR_n3QM-8WnhA",
          "duration": "7s"
        }, {
          "placeId": "ChIJv7cfwEDLHkcRUMKRDbNnHwA",
          "duration": "0s"
        }, {
          "placeId": "ChIJv7cfwEDLHkcRlcfMMp_v-6E",
          "duration": "0s"
        }, {
          "placeId": "ChIJAYXO60DLHkcR4PVm2vP7JYc",
          "duration": "4s"
        }, {
          "placeId": "ChIJv05G-0DLHkcR5kEYnrD2ft4",
          "duration": "14s"
        }, {
          "placeId": "ChIJRavhAEHLHkcRWmpXdStPD0w",
          "duration": "2s"
        }, {
          "placeId": "ChIJE8L4B0HLHkcRn6xC83jEMtQ",
          "duration": "0s"
        }, {
          "placeId": "ChIJNfLbm0HLHkcRkosNkmxZbiI",
          "duration": "0s"
        }, {
          "placeId": "ChIJBeDumkHLHkcRKF_AXWk5yFg",
          "duration": "0s"
        }, {
          "placeId": "ChIJi44tj0HLHkcRsx-cRjOFudU",
          "duration": "4s"
        }, {
          "placeId": "ChIJi44tj0HLHkcRAE5qElViVw4",
          "duration": "0s"
        }, {
          "placeId": "ChIJrwELIULLHkcR4CTeIR9ez2A",
          "duration": "2s"
        }, {
          "placeId": "ChIJ8XmnF0LLHkcRZKoe6NcwDYs",
          "duration": "8s"
        }, {
          "placeId": "ChIJXYfw3mfLHkcRHTl-jCsBOD4",
          "duration": "12s"
        }, {
          "placeId": "ChIJNfqA3GfLHkcRLMMgSXwEudM",
          "duration": "2s"
        }, {
          "placeId": "ChIJ84TAxGfLHkcRqocv2wLi5Lc",
          "duration": "8s"
        }, {
          "placeId": "ChIJp0E1xmfLHkcRdCrrShvYRho",
          "duration": "7s"
        }, {
          "placeId": "ChIJwzvqrmfLHkcR9hH930wMA74",
          "duration": "8s"
        }, {
          "placeId": "ChIJBagb_WbLHkcRC9lfHHHkFu0",
          "duration": "8s"
        }, {
          "placeId": "ChIJYYBbzmbLHkcRtiszyXOdlv4",
          "duration": "34s"
        }, {
          "placeId": "ChIJYYBbzmbLHkcRfrIiQwRhls4",
          "duration": "5s"
        }, {
          "placeId": "ChIJL0ZJamHLHkcRu4O3Itc2gkI",
          "duration": "12s"
        }, {
          "placeId": "ChIJrbzlcGHLHkcRZeRwIoIFaAs",
          "duration": "18s"
        }, {
          "placeId": "ChIJPf4FeGHLHkcRUQdnSGaj9xk",
          "duration": "2s"
        }, {
          "placeId": "ChIJj1HpgmHLHkcRl9du08P7Ft0",
          "duration": "0s"
        }, {
          "placeId": "ChIJZz8Lg2HLHkcRLLy3sYR0Xes",
          "duration": "2s"
        }, {
          "placeId": "ChIJHUl6hGHLHkcR3BKOwLkLSp0",
          "duration": "1s"
        }, {
          "placeId": "ChIJp27PhWHLHkcRjBg2BXPO2dI",
          "duration": "2s"
        }, {
          "placeId": "ChIJRwnGiGHLHkcRZDSvM1wz98A",
          "duration": "1s"
        }, {
          "placeId": "ChIJ7Xt6iWHLHkcRal4lvQtD4aE",
          "duration": "4s"
        }, {
          "placeId": "ChIJTYb2imHLHkcR16MduwZ4rvA",
          "duration": "0s"
        }, {
          "placeId": "ChIJi9FKHGLLHkcRvzP3aGrd6lM",
          "duration": "2s"
        }, {
          "placeId": "ChIJO7Hk-Z3MHkcRb8JKmj1Ty-M",
          "duration": "4s"
        }, {
          "placeId": "ChIJ4XFN7p3MHkcR162BF6ycJAo",
          "duration": "4s"
        }, {
          "placeId": "ChIJZZIcwZ3MHkcRzd8mZ8QdOfw",
          "duration": "5s"
        }, {
          "placeId": "ChIJdzMWTJzMHkcRLzD9Mivk8no",
          "duration": "10s"
        }, {
          "placeId": "ChIJ3TNIRZzMHkcR-zCyi7EpoUE",
          "duration": "12s"
        }, {
          "placeId": "ChIJcYqgb5vMHkcRTwblHklGx6Q",
          "duration": "4s"
        }, {
          "placeId": "ChIJHzy6FZvMHkcR1ZXYgivbOOU",
          "duration": "5s"
        }, {
          "placeId": "ChIJ9dJvPZvMHkcR5Ad7_e5w6XQ",
          "duration": "17s"
        }, {
          "placeId": "ChIJB01mI5vMHkcRSLTeb480n7U",
          "duration": "2s"
        }, {
          "placeId": "ChIJ2QlKJJvMHkcR4o9hymY3DDc",
          "duration": "7s"
        }, {
          "placeId": "ChIJ51k61prMHkcRrrvPEC7rwRY",
          "duration": "12s"
        }, {
          "placeId": "ChIJk8I7SIXMHkcRPjKx8jhD8XE",
          "duration": "10s"
        }, {
          "placeId": "ChIJJ-IQRoXMHkcR27QFdSoeRbQ",
          "duration": "2s"
        }, {
          "placeId": "ChIJ6z6RXIXMHkcR23_vjOvWHuY",
          "duration": "20s"
        }, {
          "placeId": "ChIJ9Q1Vj4_MHkcRDRrcdd3bHkw",
          "duration": "1s"
        }, {
          "placeId": "ChIJCWYAko_MHkcR8z7Fu7mUJkE",
          "duration": "7s"
        }, {
          "placeId": "ChIJj7-glI_MHkcR90bYAduZQwo",
          "duration": "1s"
        }, {
          "placeId": "ChIJCWYAko_MHkcRET1dJv_TVy0",
          "duration": "0s"
        }, {
          "placeId": "ChIJD4gDk4_MHkcRCyaSMdbcWrI",
          "duration": "0s"
        }, {
          "placeId": "ChIJZYxR6o_MHkcRLWdIh6h3Tak",
          "duration": "0s"
        }, {
          "placeId": "ChIJ5QNR6o_MHkcRX4MVYdGba1U",
          "duration": "0s"
        }, {
          "placeId": "ChIJZwkd64_MHkcR1j_LJsa6VS8",
          "duration": "0s"
        }, {
          "placeId": "ChIJFRtQ6o_MHkcRi0Y86OQmHbI",
          "duration": "0s"
        }, {
          "placeId": "ChIJJZHNzY_MHkcRWzXzQOe_lms",
          "duration": "61s"
        }, {
          "placeId": "ChIJPzNTSo7MHkcRY2oUzXDjD64",
          "duration": "21s"
        }, {
          "placeId": "ChIJ67p-Uo7MHkcRFwHRnnsV0J4",
          "duration": "5s"
        }, {
          "placeId": "ChIJF2PKVI7MHkcR5enmXCjVOI0",
          "duration": "8s"
        }, {
          "placeId": "ChIJteaWAI_MHkcR2BxZ0h_7z1k",
          "duration": "4s"
        }, {
          "placeId": "ChIJezMtAY_MHkcRAbQvxVVYOX4",
          "duration": "4s"
        }, {
          "placeId": "ChIJbRQeBI_MHkcRfUtzmS3-fF0",
          "duration": "5s"
        }, {
          "placeId": "ChIJG-KAA4_MHkcRff-Ih22OHSM",
          "duration": "4s"
        }, {
          "placeId": "ChIJjXdUHY_MHkcR--e0lDnvkQg",
          "duration": "14s"
        }],
        "distanceMeters": 7705.389116086172,
        "travelMode": "DRIVE",
        "confidence": 0.9947359733789721
      },
      "simplifiedRawPath": {
        "points": [{
          "latE7": 522301674,
          "lngE7": 209939289,
          "accuracyMeters": 16,
          "timestamp": "2020-10-26T19:37:45.848Z"
        }]
      },
      "parkingEvent": {
        "location": {
          "latitudeE7": 522343447,
          "longitudeE7": 210045794,
          "accuracyMetres": 64
        },
        "method": "END_OF_ACTIVITY_SEGMENT",
        "locationSource": "FROM_RAW_LOCATION",
        "timestamp": "2020-10-26T19:44:45.999Z"
      }
    }
  }, {
    "placeVisit": {
      "location": {
        "latitudeE7": 522319595,
        "longitudeE7": 209600171,
        "placeId": "ChIJQ9zbPJXLHkcRt8OzaIhMAjw",
        "address": "Wolska 89, 05-077 Warszawa, Polska",
        "name": "Wolska 89",
        "sourceInfo": {
          "deviceTag": 2038012174
        },
        "locationConfidence": 4.4900236,
        "calibratedProbability": 14.038078
      },
      "duration": {
        "startTimestamp": "2020-10-28T16:32:13.069Z",
        "endTimestamp": "2020-10-28T20:30:16.924Z"
      },
      "placeConfidence": "LOW_CONFIDENCE",
      "centerLatE7": 522274574,
      "centerLngE7": 209463298,
      "visitConfidence": 88,
      "otherCandidateLocations": [{
        "latitudeE7": 522316996,
        "longitudeE7": 209592515,
        "placeId": "ChIJ8bc1x2XLHkcRkbxsI9eX9aQ",
        "address": "Wolska 91, 01-229 Warszawa, Polska",
        "name": "Pompy ciepła GRODNO S.A. Hurtownia Elektryczna",
        "locationConfidence": 2.8484344,
        "calibratedProbability": 8.9056425
      }, {
        "latitudeE7": 522320325,
        "longitudeE7": 209585921,
        "placeId": "ChIJ_duL62XLHkcRsW55eIlDhM8",
        "address": "Wolska 88, 01-141 Warszawa, Polska",
        "name": "Multiassist Sp. z o. o.",
        "locationConfidence": 2.0991862,
        "calibratedProbability": 6.5631146
      }, {
        "latitudeE7": 522322262,
        "longitudeE7": 209595191,
        "placeId": "ChIJjctRoqnLHkcRNGabeX969-Y",
        "address": "Wolska 84/86, 01-258 Warszawa, Poland",
        "name": "Sklep Społem WSS Wola nr 7",
        "locationConfidence": 1.8879235,
        "calibratedProbability": 5.902601
      }, {
        "latitudeE7": 522318348,
        "longitudeE7": 209596271,
        "placeId": "ChIJt5XIXNzLHkcRoQehYWwgx1g",
        "address": "Wolska 91, 01-229 Warszawa, Polska",
        "name": "Grodno Decor",
        "locationConfidence": 1.2350351,
        "calibratedProbability": 3.8613422
      }, {
        "latitudeE7": 522323609,
        "longitudeE7": 209589123,
        "placeId": "ChIJobaJ52zLHkcRASKdOGmpZu0",
        "address": "Wolska 84/86, 01-141 Warszawa, Poland",
        "name": "Pupilexpert.pl",
        "locationConfidence": 1.2162954,
        "calibratedProbability": 3.8027525
      }, {
        "latitudeE7": 522322503,
        "longitudeE7": 209603491,
        "placeId": "ChIJB_5dumXLHkcRzYNmeaeA_wQ",
        "address": "01-229 Warszawa, Polska",
        "name": "Sokołowska 03",
        "locationConfidence": 1.1715621,
        "calibratedProbability": 3.6628938
      }, {
        "latitudeE7": 522317897,
        "longitudeE7": 209567763,
        "placeId": "ChIJvZwDWG_LHkcRjdpbpzOo5Uc",
        "address": "01-126 Warszawa, Polska",
        "name": "PKP Wola (Wolska) 06",
        "locationConfidence": 1.0451496,
        "calibratedProbability": 3.2676644
      }, {
        "latitudeE7": 522322158,
        "longitudeE7": 209594709,
        "placeId": "ChIJNy56vmXLHkcRhWdswcdtKCQ",
        "address": "Wolska 84/86, 01-141 Warszawa, Poland",
        "name": "Herbalist\u0027s shop Nature Akacka",
        "locationConfidence": 0.77384114,
        "calibratedProbability": 2.4194176
      }, {
        "latitudeE7": 522320778,
        "longitudeE7": 209602112,
        "placeId": "ChIJyxW2uWXLHkcRmY2UIlGADkY",
        "locationConfidence": 0.7386625,
        "calibratedProbability": 2.3094313
      }],
      "editConfirmationStatus": "NOT_CONFIRMED",
      "locationConfidence": 1,
      "placeVisitType": "SINGLE_PLACE",
      "placeVisitImportance": "MAIN"
    }
  }, {
    "activitySegment": {
      "startLocation": {
        "latitudeE7": 522286864,
        "longitudeE7": 209494054,
        "sourceInfo": {
          "deviceTag": 2038012174
        }
      },
      "endLocation": {
        "latitudeE7": 522313482,
        "longitudeE7": 209153265,
        "sourceInfo": {
          "deviceTag": 2038012174
        }
      },
      "duration": {
        "startTimestamp": "2020-10-28T20:30:16.924Z",
        "endTimestamp": "2020-10-28T20:40:20.530Z"
      },
      "distance": 3486,
      "activityType": "IN_TRAM",
      "confidence": "LOW",
      "activities": [{
        "activityType": "IN_TRAM",
        "probability": 44.60129141807556
      }, {
        "activityType": "IN_PASSENGER_VEHICLE",
        "probability": 27.472737431526184
      }, {
        "activityType": "WALKING",
        "probability": 7.2190456092357635
      }, {
        "activityType": "IN_BUS",
        "probability": 6.302101910114288
      }, {
        "activityType": "CYCLING",
        "probability": 6.18603341281414
      }, {
        "activityType": "STILL",
        "probability": 5.69789819419384
      }, {
        "activityType": "IN_SUBWAY",
        "probability": 1.1123621836304665
      }, {
        "activityType": "RUNNING",
        "probability": 0.7144205272197723
      }, {
        "activityType": "IN_TRAIN",
        "probability": 0.442645326256752
      }, {
        "activityType": "IN_FERRY",
        "probability": 0.19110481953248382
      }, {
        "activityType": "SAILING",
        "probability": 0.03005710314027965
      }, {
        "activityType": "FLYING",
        "probability": 0.014745588123332709
      }, {
        "activityType": "MOTORCYCLING",
        "probability": 0.011487646406749263
      }, {
        "activityType": "SKIING",
        "probability": 0.0038929265429032966
      }, {
        "activityType": "IN_VEHICLE",
        "probability": 1.7856216345535358E-4
      }],
      "simplifiedRawPath": {
        "points": [{
          "latE7": 522233199,
          "lngE7": 209309199,
          "accuracyMeters": 40,
          "timestamp": "2020-10-28T20:33:37.306Z"
        }, {
          "latE7": 522209240,
          "lngE7": 209180236,
          "accuracyMeters": 43,
          "timestamp": "2020-10-28T20:35:37.108Z"
        }, {
          "latE7": 522283402,
          "lngE7": 209158606,
          "accuracyMeters": 46,
          "timestamp": "2020-10-28T20:37:37.081Z"
        }, {
          "latE7": 522314385,
          "lngE7": 209143341,
          "accuracyMeters": 150,
          "timestamp": "2020-10-28T20:39:08.507Z"
        }],
        "source": "INFERRED",
        "distanceMeters": 3577.2148847266344
      }
    }
  }, {
    "activitySegment": {
      "startLocation": {
        "latitudeE7": 522290565,
        "longitudeE7": 209087397,
        "sourceInfo": {
          "deviceTag": 2038012174
        }
      },
      "endLocation": {
        "latitudeE7": 522352101,
        "longitudeE7": 210162405,
        "sourceInfo": {
          "deviceTag": 2038012174
        }
      },
      "duration": {
        "startTimestamp": "2020-10-29T16:02:50.999Z",
        "endTimestamp": "2020-10-29T16:32:19.999Z"
      },
      "distance": 1184,
      "activityType": "IN_PASSENGER_VEHICLE",
      "confidence": "MEDIUM",
      "activities": [{
        "activityType": "IN_PASSENGER_VEHICLE",
        "probability": 70.21542191505432
      }, {
        "activityType": "STILL",
        "probability": 14.555555582046509
      }, {
        "activityType": "IN_BUS",
        "probability": 7.672955095767975
      }, {
        "activityType": "WALKING",
        "probability": 4.263326898217201
      }, {
        "activityType": "CYCLING",
        "probability": 1.072873268276453
      }, {
        "activityType": "IN_FERRY",
        "probability": 0.8134783245623112
      }, {
        "activityType": "IN_TRAM",
        "probability": 0.6524110678583384
      }, {
        "activityType": "IN_TRAIN",
        "probability": 0.2510196762159467
      }, {
        "activityType": "MOTORCYCLING",
        "probability": 0.1764439046382904
      }, {
        "activityType": "RUNNING",
        "probability": 0.1383260008879006
      }, {
        "activityType": "IN_SUBWAY",
        "probability": 0.06886813207529485
      }, {
        "activityType": "FLYING",
        "probability": 0.062492117285728455
      }, {
        "activityType": "SAILING",
        "probability": 0.05038526724092662
      }, {
        "activityType": "SKIING",
        "probability": 0.005856896677869372
      }, {
        "activityType": "IN_VEHICLE",
        "probability": 5.832412625750294E-4
      }],
      "waypointPath": {
        "waypoints": [{
          "latE7": 522286033,
          "lngE7": 209088363
        }, {
          "latE7": 522283439,
          "lngE7": 209073181
        }, {
          "latE7": 522286376,
          "lngE7": 209109745
        }, {
          "latE7": 522201423,
          "lngE7": 209169483
        }, {
          "latE7": 522351989,
          "lngE7": 210162467
        }],
        "source": "INFERRED",
        "roadSegment": [{
          "placeId": "ChIJj1QW0CbLHkcRj1-V42DzeO4",
          "duration": "1s"
        }, {
          "placeId": "ChIJ91io2ibLHkcR63DBcJMZeck",
          "duration": "4s"
        }, {
          "placeId": "ChIJx5G02ibLHkcRyAQwcV8oDII",
          "duration": "1s"
        }, {
          "placeId": "ChIJjVVcxSbLHkcRIh5Ydt5v9gQ",
          "duration": "1s"
        }, {
          "placeId": "ChIJo-vIySbLHkcRqPY4BySkMKM",
          "duration": "18s"
        }, {
          "placeId": "ChIJt7WqrCbLHkcRpQLpQBXttCg",
          "duration": "21s"
        }, {
          "placeId": "ChIJn87S8yPLHkcRqQrD006np94",
          "duration": "6s"
        }, {
          "placeId": "ChIJmaRnkSPLHkcRfo4id-usV9w",
          "duration": "37s"
        }, {
          "placeId": "ChIJgZQSnyPLHkcR_OE2czq0f2s",
          "duration": "7s"
        }, {
          "placeId": "ChIJgZQSnyPLHkcR3KeoJp6miqs",
          "duration": "4s"
        }, {
          "placeId": "ChIJITFFeyPLHkcRmgNgjudAt1k",
          "duration": "7s"
        }, {
          "placeId": "ChIJUY6LnSTLHkcRHoOzZ6oQ6mc",
          "duration": "7s"
        }, {
          "placeId": "ChIJxfzzmCTLHkcRld7veas1Zvc",
          "duration": "7s"
        }, {
          "placeId": "ChIJp-Y8vCTLHkcRxdi8lbzv4so",
          "duration": "7s"
        }, {
          "placeId": "ChIJo8iQxyTLHkcRLY6RUOGXpR8",
          "duration": "7s"
        }, {
          "placeId": "ChIJpYSzyCTLHkcRxPBW_HgIxeo",
          "duration": "3s"
        }, {
          "placeId": "ChIJK3YaziTLHkcRGCvvR_LiRAU",
          "duration": "9s"
        }, {
          "placeId": "ChIJK3YaziTLHkcRR5ktgNVdmoQ",
          "duration": "3s"
        }, {
          "placeId": "ChIJ_2vG1CTLHkcRocwaI4TkxOs",
          "duration": "12s"
        }, {
          "placeId": "ChIJvUBS0TrLHkcRkTYqS3W3jss",
          "duration": "15s"
        }, {
          "placeId": "ChIJb-qKzzrLHkcR1810KjQikSQ",
          "duration": "1s"
        }, {
          "placeId": "ChIJdXnrnTrLHkcR-LB34O6Rqt8",
          "duration": "3s"
        }, {
          "placeId": "ChIJdXnrnTrLHkcRsuHI9J4N6pE",
          "duration": "1s"
        }, {
          "placeId": "ChIJxUzXdjDLHkcRDWQx94QvulM",
          "duration": "9s"
        }, {
          "placeId": "ChIJuxQicDDLHkcRy_j4QiVT1Ow",
          "duration": "4s"
        }, {
          "placeId": "ChIJybCEbzDLHkcRUzG7CPjAljk",
          "duration": "3s"
        }, {
          "placeId": "ChIJsXNfbzDLHkcRD4BPhTxL3QI",
          "duration": "3s"
        }, {
          "placeId": "ChIJP6yOZzDLHkcRY18ukJPzAZQ",
          "duration": "24s"
        }, {
          "placeId": "ChIJnxzrWzDLHkcRo6N_AG5I_UA",
          "duration": "4s"
        }, {
          "placeId": "ChIJ-2hhWTDLHkcRwH2WI0f_hMQ",
          "duration": "6s"
        }, {
          "placeId": "ChIJI6xzXzDLHkcRu_OUn2utyG0",
          "duration": "16s"
        }, {
          "placeId": "ChIJKRx-izDLHkcRD9Ju2_33A7c",
          "duration": "15s"
        }, {
          "placeId": "ChIJr6chjjDLHkcRxrtKf6DJp8U",
          "duration": "9s"
        }, {
          "placeId": "ChIJ9fVbpzDLHkcRag4JcEbLEPQ",
          "duration": "12s"
        }, {
          "placeId": "ChIJQ7Q9BDrLHkcRrWt_DA-FFsQ",
          "duration": "6s"
        }, {
          "placeId": "ChIJD-UhAzrLHkcRrT8SUVvmVCE",
          "duration": "3s"
        }, {
          "placeId": "ChIJc8Hc9znLHkcRkIqowgGczWE",
          "duration": "6s"
        }, {
          "placeId": "ChIJ5fB8ljnLHkcRJ98jYTqNhpo",
          "duration": "0s"
        }, {
          "placeId": "ChIJRzluvTnLHkcR5YroAX3CPfU",
          "duration": "4s"
        }, {
          "placeId": "ChIJPSK1pTnLHkcRN3o260D-cHA",
          "duration": "9s"
        }, {
          "placeId": "ChIJpwzrqTnLHkcRowTKM6tNncg",
          "duration": "3s"
        }, {
          "placeId": "ChIJgxi1ATnLHkcRNjklUinHMcU",
          "duration": "9s"
        }, {
          "placeId": "ChIJg85j6TjLHkcRjt3MfVa2ODc",
          "duration": "12s"
        }, {
          "placeId": "ChIJpVs06jjLHkcR4WPQyXhepZw",
          "duration": "1s"
        }, {
          "placeId": "ChIJx1aa6jjLHkcR_AJ5FIzsB-Y",
          "duration": "4s"
        }, {
          "placeId": "ChIJGbXEvjjLHkcRVlhlWvfIfss",
          "duration": "12s"
        }, {
          "placeId": "ChIJSdqjujjLHkcRdZH11QTqd4Y",
          "duration": "9s"
        }, {
          "placeId": "ChIJ2YLDvkDLHkcR_n3QM-8WnhA",
          "duration": "9s"
        }, {
          "placeId": "ChIJv7cfwEDLHkcRUMKRDbNnHwA",
          "duration": "1s"
        }, {
          "placeId": "ChIJv7cfwEDLHkcRlcfMMp_v-6E",
          "duration": "0s"
        }, {
          "placeId": "ChIJAYXO60DLHkcR4PVm2vP7JYc",
          "duration": "6s"
        }, {
          "placeId": "ChIJv05G-0DLHkcR5kEYnrD2ft4",
          "duration": "16s"
        }, {
          "placeId": "ChIJRavhAEHLHkcRWmpXdStPD0w",
          "duration": "4s"
        }, {
          "placeId": "ChIJE8L4B0HLHkcRn6xC83jEMtQ",
          "duration": "1s"
        }, {
          "placeId": "ChIJNfLbm0HLHkcRkosNkmxZbiI",
          "duration": "1s"
        }, {
          "placeId": "ChIJBeDumkHLHkcRKF_AXWk5yFg",
          "duration": "1s"
        }, {
          "placeId": "ChIJi44tj0HLHkcRsx-cRjOFudU",
          "duration": "6s"
        }, {
          "placeId": "ChIJi44tj0HLHkcRAE5qElViVw4",
          "duration": "0s"
        }, {
          "placeId": "ChIJrwELIULLHkcR4CTeIR9ez2A",
          "duration": "4s"
        }, {
          "placeId": "ChIJ8XmnF0LLHkcRZKoe6NcwDYs",
          "duration": "10s"
        }, {
          "placeId": "ChIJIdYbDWjLHkcRGsHTuJpR4jE",
          "duration": "6s"
        }, {
          "placeId": "ChIJIdYbDWjLHkcR1sp6YheHMsM",
          "duration": "7s"
        }, {
          "placeId": "ChIJXYfw3mfLHkcRHTl-jCsBOD4",
          "duration": "15s"
        }, {
          "placeId": "ChIJNfqA3GfLHkcRLMMgSXwEudM",
          "duration": "4s"
        }, {
          "placeId": "ChIJ84TAxGfLHkcRqocv2wLi5Lc",
          "duration": "10s"
        }, {
          "placeId": "ChIJp0E1xmfLHkcRdCrrShvYRho",
          "duration": "9s"
        }, {
          "placeId": "ChIJwzvqrmfLHkcR9hH930wMA74",
          "duration": "10s"
        }, {
          "placeId": "ChIJBagb_WbLHkcRC9lfHHHkFu0",
          "duration": "10s"
        }, {
          "placeId": "ChIJYYBbzmbLHkcRtiszyXOdlv4",
          "duration": "37s"
        }, {
          "placeId": "ChIJYYBbzmbLHkcRfrIiQwRhls4",
          "duration": "7s"
        }, {
          "placeId": "ChIJL0ZJamHLHkcRu4O3Itc2gkI",
          "duration": "15s"
        }, {
          "placeId": "ChIJrbzlcGHLHkcRZeRwIoIFaAs",
          "duration": "21s"
        }, {
          "placeId": "ChIJPf4FeGHLHkcRUQdnSGaj9xk",
          "duration": "4s"
        }, {
          "placeId": "ChIJj1HpgmHLHkcRl9du08P7Ft0",
          "duration": "1s"
        }, {
          "placeId": "ChIJZz8Lg2HLHkcRLLy3sYR0Xes",
          "duration": "4s"
        }, {
          "placeId": "ChIJHUl6hGHLHkcR3BKOwLkLSp0",
          "duration": "3s"
        }, {
          "placeId": "ChIJp27PhWHLHkcRjBg2BXPO2dI",
          "duration": "4s"
        }, {
          "placeId": "ChIJRwnGiGHLHkcRZDSvM1wz98A",
          "duration": "3s"
        }, {
          "placeId": "ChIJ7Xt6iWHLHkcRal4lvQtD4aE",
          "duration": "6s"
        }, {
          "placeId": "ChIJTYb2imHLHkcR16MduwZ4rvA",
          "duration": "0s"
        }, {
          "placeId": "ChIJi9FKHGLLHkcRvzP3aGrd6lM",
          "duration": "4s"
        }, {
          "placeId": "ChIJO7Hk-Z3MHkcRb8JKmj1Ty-M",
          "duration": "6s"
        }, {
          "placeId": "ChIJ4XFN7p3MHkcR162BF6ycJAo",
          "duration": "6s"
        }, {
          "placeId": "ChIJZZIcwZ3MHkcRzd8mZ8QdOfw",
          "duration": "7s"
        }, {
          "placeId": "ChIJdzMWTJzMHkcRLzD9Mivk8no",
          "duration": "12s"
        }, {
          "placeId": "ChIJ3TNIRZzMHkcR-zCyi7EpoUE",
          "duration": "15s"
        }, {
          "placeId": "ChIJcYqgb5vMHkcRTwblHklGx6Q",
          "duration": "6s"
        }, {
          "placeId": "ChIJHzy6FZvMHkcR1ZXYgivbOOU",
          "duration": "7s"
        }, {
          "placeId": "ChIJ9dJvPZvMHkcR5Ad7_e5w6XQ",
          "duration": "19s"
        }, {
          "placeId": "ChIJB01mI5vMHkcRSLTeb480n7U",
          "duration": "4s"
        }, {
          "placeId": "ChIJ2QlKJJvMHkcR4o9hymY3DDc",
          "duration": "9s"
        }, {
          "placeId": "ChIJ51k61prMHkcRrrvPEC7rwRY",
          "duration": "15s"
        }, {
          "placeId": "ChIJk8I7SIXMHkcRPjKx8jhD8XE",
          "duration": "12s"
        }, {
          "placeId": "ChIJJ-IQRoXMHkcR27QFdSoeRbQ",
          "duration": "4s"
        }, {
          "placeId": "ChIJ6z6RXIXMHkcR23_vjOvWHuY",
          "duration": "22s"
        }, {
          "placeId": "ChIJP62uj4_MHkcRfE2ynUJrFCY",
          "duration": "3s"
        }, {
          "placeId": "ChIJx2TPoY_MHkcRTkA0mG-P_yg",
          "duration": "18s"
        }, {
          "placeId": "ChIJ3SJYCI_MHkcRAqCwE8dD6KQ",
          "duration": "9s"
        }, {
          "placeId": "ChIJ4RBSHY_MHkcRktt21JvveK0",
          "duration": "6s"
        }, {
          "placeId": "ChIJG-KAA4_MHkcRff-Ih22OHSM",
          "duration": "6s"
        }, {
          "placeId": "ChIJjXdUHY_MHkcR--e0lDnvkQg",
          "duration": "16s"
        }, {
          "placeId": "ChIJu7YX6Y7MHkcRzcc-IiNR-Gk",
          "duration": "10s"
        }, {
          "placeId": "ChIJz__U647MHkcRgdduDAuzy5o",
          "duration": "0s"
        }, {
          "placeId": "ChIJPaAs6o7MHkcRDcgC1YdYXwM",
          "duration": "0s"
        }, {
          "placeId": "ChIJsTMs6o7MHkcRT3bgHcFtr2U",
          "duration": "0s"
        }, {
          "placeId": "ChIJ-1YN6o7MHkcRhfUcL5jupzU",
          "duration": "9s"
        }, {
          "placeId": "ChIJzbu2wI7MHkcRUSyZ253fK0g",
          "duration": "19s"
        }, {
          "placeId": "ChIJy802uI7MHkcRNXhkmyyIJVc",
          "duration": "4s"
        }, {
          "placeId": "ChIJDSsHsY7MHkcR5vtjo0Oq2Yc",
          "duration": "6s"
        }, {
          "placeId": "ChIJkVVGq47MHkcRCWx0COXIEGo",
          "duration": "24s"
        }, {
          "placeId": "ChIJN5kC_IvMHkcRoRQ8mpDA-sA",
          "duration": "4s"
        }, {
          "placeId": "ChIJN5kC_IvMHkcR4sWCFoOXruo",
          "duration": "1s"
        }, {
          "placeId": "ChIJIRDw-ovMHkcR7xO5TF35Rhs",
          "duration": "7s"
        }, {
          "placeId": "ChIJIRDw-ovMHkcRhhurMp5fTO0",
          "duration": "9s"
        }, {
          "placeId": "ChIJ9UMW7IvMHkcRB7FRTeuGH38",
          "duration": "13s"
        }, {
          "placeId": "ChIJNVBH64vMHkcRlopNp8Us39c",
          "duration": "0s"
        }, {
          "placeId": "ChIJE7v5vYvMHkcRSAAOmn7hiwY",
          "duration": "3s"
        }, {
          "placeId": "ChIJt-yBpIvMHkcRfE7MYYE2Hh0",
          "duration": "3s"
        }, {
          "placeId": "ChIJq_g6pIvMHkcR2PhTC2I0OQE",
          "duration": "4s"
        }, {
          "placeId": "ChIJ48BwpovMHkcRqtU0XHRFhtM",
          "duration": "1s"
        }, {
          "placeId": "ChIJ729xqIvMHkcRlnYwL9dlvQk",
          "duration": "10s"
        }, {
          "placeId": "ChIJKVgcB4vMHkcR-6F22xWpWyY",
          "duration": "9s"
        }, {
          "placeId": "ChIJQ9bJAovMHkcRYO98aeddBUU",
          "duration": "3s"
        }, {
          "placeId": "ChIJsbtMHYvMHkcR1tfIDfehA-s",
          "duration": "3s"
        }, {
          "placeId": "ChIJ6x-E4orMHkcRjys-ePe15kc",
          "duration": "13s"
        }, {
          "placeId": "ChIJVVYh4YrMHkcRGXfZdKf4BNA",
          "duration": "4s"
        }, {
          "placeId": "ChIJ2TzbS_XMHkcRhfi7kcRAqDw",
          "duration": "9s"
        }, {
          "placeId": "ChIJvW8oT_XMHkcRrCKDR6QY82Q",
          "duration": "4s"
        }, {
          "placeId": "ChIJqe6iXPXMHkcRMtgVl-qg8fY",
          "duration": "27s"
        }, {
          "placeId": "ChIJS3qBYvXMHkcRu1PcqzF9DpU",
          "duration": "10s"
        }, {
          "placeId": "ChIJ3_v0m_XMHkcRR55HPZ63QgU",
          "duration": "21s"
        }, {
          "placeId": "ChIJ-4d6n_XMHkcR2OLYG5zY4Nk",
          "duration": "33s"
        }],
        "distanceMeters": 9060.37746346027,
        "travelMode": "DRIVE",
        "confidence": 0.9896213655681456
      },
      "simplifiedRawPath": {
        "points": [{
          "latE7": 522288666,
          "lngE7": 209107609,
          "accuracyMeters": 38,
          "timestamp": "2020-10-29T16:07:43.859Z"
        }]
      },
      "parkingEvent": {
        "location": {
          "latitudeE7": 522351734,
          "longitudeE7": 210161649,
          "accuracyMetres": 76
        },
        "method": "END_OF_ACTIVITY_SEGMENT",
        "locationSource": "FROM_RAW_LOCATION",
        "timestamp": "2020-10-29T16:34:27.361Z"
      }
    }
  }, {
    "placeVisit": {
      "location": {
        "latitudeE7": 522353804,
        "longitudeE7": 210168631,
        "placeId": "ChIJK0KGd_XMHkcRpyOjzQO0i_E",
        "address": "Warecka 8, 00-040 Warszawa, Polska",
        "sourceInfo": {
          "deviceTag": 2038012174
        },
        "locationConfidence": 94.380295,
        "calibratedProbability": 79.24848
      },
      "duration": {
        "startTimestamp": "2020-10-29T16:32:19.999Z",
        "endTimestamp": "2020-10-29T16:36:28.552Z"
      },
      "placeConfidence": "HIGH_CONFIDENCE",
      "centerLatE7": 522352101,
      "centerLngE7": 210162405,
      "visitConfidence": 86,
      "otherCandidateLocations": [{
        "latitudeE7": 522368076,
        "longitudeE7": 210172161,
        "placeId": "ChIJI224g1_MHkcRTziMWjko1nw",
        "address": "Nowy Świat 0, 00-046 Warszawa, Polska",
        "name": "Nowy Świat-Uniwersytet",
        "locationConfidence": 0.5356389,
        "calibratedProbability": 0.44976094
      }, {
        "latitudeE7": 522349385,
        "longitudeE7": 210158402,
        "placeId": "ChIJmfszvRvNHkcRfTwZR44z12Q",
        "address": "Warecka 9, 00-034 Warszawa, Polska",
        "name": "iClinica Warszawa - Serwis iPhone, naprawa Apple",
        "locationConfidence": 0.172015,
        "calibratedProbability": 0.14443615
      }, {
        "latitudeE7": 522361801,
        "longitudeE7": 210147424,
        "placeId": "ChIJxTCkQvXMHkcRXQCnoQ-mUaA",
        "address": "Świętokrzyska 11/21, 00-919 Warszawa, Polska",
        "name": "Polish National Bank.",
        "locationConfidence": 0.15606722,
        "calibratedProbability": 0.13104525
      }, {
        "latitudeE7": 522353380,
        "longitudeE7": 210181420,
        "placeId": "ChIJw1Jwm_bMHkcRfGzR6xihCDc",
        "address": "Nowy Świat 51, 00-042 Warszawa, Polska",
        "name": "Manufaktura Cukierków",
        "locationConfidence": 0.13952143,
        "calibratedProbability": 0.11715223
      }],
      "editConfirmationStatus": "NOT_CONFIRMED",
      "locationConfidence": 80,
      "placeVisitType": "SINGLE_PLACE",
      "placeVisitImportance": "MAIN"
    }
  }, {
    "activitySegment": {
      "startLocation": {
        "latitudeE7": 522351601,
        "longitudeE7": 210161629,
        "sourceInfo": {
          "deviceTag": 2038012174
        }
      },
      "endLocation": {
        "latitudeE7": 522152827,
        "longitudeE7": 208915657,
        "sourceInfo": {
          "deviceTag": 2038012174
        }
      },
      "duration": {
        "startTimestamp": "2020-10-29T16:36:28.552Z",
        "endTimestamp": "2020-10-29T17:04:57.999Z"
      },
      "distance": 9190,
      "activityType": "IN_PASSENGER_VEHICLE",
      "confidence": "HIGH",
      "activities": [{
        "activityType": "IN_PASSENGER_VEHICLE",
        "probability": 88.68012428283691
      }, {
        "activityType": "STILL",
        "probability": 9.555067867040634
      }, {
        "activityType": "WALKING",
        "probability": 1.0523520410060883
      }, {
        "activityType": "CYCLING",
        "probability": 0.36216622684150934
      }, {
        "activityType": "MOTORCYCLING",
        "probability": 0.15422183787450194
      }, {
        "activityType": "IN_BUS",
        "probability": 0.08709427202120423
      }, {
        "activityType": "RUNNING",
        "probability": 0.05829976289533079
      }, {
        "activityType": "IN_FERRY",
        "probability": 0.012242818775121123
      }, {
        "activityType": "IN_TRAIN",
        "probability": 0.010961401858367026
      }, {
        "activityType": "FLYING",
        "probability": 0.00939737874432467
      }, {
        "activityType": "IN_TRAM",
        "probability": 0.006693860632367432
      }, {
        "activityType": "IN_SUBWAY",
        "probability": 0.006674908217974007
      }, {
        "activityType": "SKIING",
        "probability": 0.0035188033507438377
      }, {
        "activityType": "SAILING",
        "probability": 0.0011491247278172523
      }, {
        "activityType": "IN_VEHICLE",
        "probability": 3.915449440228258E-5
      }],
      "simplifiedRawPath": {
        "points": [{
          "latE7": 522358501,
          "lngE7": 210122344,
          "accuracyMeters": 27,
          "timestamp": "2020-10-29T16:40:29.465Z"
        }, {
          "latE7": 522327970,
          "lngE7": 209964039,
          "accuracyMeters": 20,
          "timestamp": "2020-10-29T16:43:02.588Z"
        }, {
          "latE7": 522277442,
          "lngE7": 209544813,
          "accuracyMeters": 20,
          "timestamp": "2020-10-29T16:51:08.191Z"
        }, {
          "latE7": 522277674,
          "lngE7": 209521811,
          "accuracyMeters": 5,
          "timestamp": "2020-10-29T16:51:55Z"
        }, {
          "latE7": 522168289,
          "lngE7": 209003131,
          "accuracyMeters": 34,
          "timestamp": "2020-10-29T17:00:49.782Z"
        }, {
          "latE7": 522159840,
          "lngE7": 208904321,
          "accuracyMeters": 3,
          "timestamp": "2020-10-29T17:03:42.999Z"
        }, {
          "latE7": 522144220,
          "lngE7": 208906218,
          "accuracyMeters": 3,
          "timestamp": "2020-10-29T17:04:10.999Z"
        }, {
          "latE7": 522147517,
          "lngE7": 208915508,
          "accuracyMeters": 3,
          "timestamp": "2020-10-29T17:04:26.999Z"
        }],
        "source": "INFERRED",
        "distanceMeters": 9181.701069127732
      }
    }
  }, {
    "placeVisit": {
      "location": {
        "latitudeE7": 522903949,
        "longitudeE7": 209306977,
        "placeId": "ChIJ12QxxCXKHkcRpo0rD-q-ZTw",
        "address": "Nocznickiego, 01-999 Warszawa, Polska",
        "name": "Młociny",
        "sourceInfo": {
          "deviceTag": 2038012174
        },
        "locationConfidence": 82.37865,
        "calibratedProbability": 68.05776
      },
      "duration": {
        "startTimestamp": "2020-10-30T20:32:38.721Z",
        "endTimestamp": "2020-10-30T20:38:53.741Z"
      },
      "placeConfidence": "MEDIUM_CONFIDENCE",
      "centerLatE7": 522910044,
      "centerLngE7": 209308289,
      "visitConfidence": 92,
      "otherCandidateLocations": [{
        "latitudeE7": 522914400,
        "longitudeE7": 209308200,
        "placeId": "ChIJ1VAOeCbKHkcRi90TmeTUdNk",
        "address": "01-949 Warszawa, Polska",
        "name": "Metro Młociny 03",
        "locationConfidence": 14.824845,
        "calibratedProbability": 12.247662
      }, {
        "latitudeE7": 522898500,
        "longitudeE7": 209312300,
        "placeId": "ChIJ9bG6lCXKHkcRnSGQP_vsnN0",
        "address": "01-949 Warszawa, Polska",
        "name": "Metro Młociny 01",
        "locationConfidence": 0.5651379,
        "calibratedProbability": 0.4668931
      }, {
        "latitudeE7": 522911811,
        "longitudeE7": 209296505,
        "placeId": "ChIJaWlE0yXKHkcR-bBeF20BVdU",
        "address": "01-949 Warszawa, Polska",
        "name": "Metro Młociny 08",
        "locationConfidence": 0.3502956,
        "calibratedProbability": 0.28939945
      }, {
        "latitudeE7": 522966424,
        "longitudeE7": 209316834,
        "placeId": "ChIJERG9M6HJHkcRpCG7Dgl1HVk",
        "address": "Zgrupowania AK \"Kampinos\" 15, 01-943 Warszawa, Polska",
        "name": "Galeria Młociny",
        "locationConfidence": 0.31382355,
        "calibratedProbability": 0.25926778
      }],
      "editConfirmationStatus": "NOT_CONFIRMED",
      "locationConfidence": 67,
      "placeVisitType": "SINGLE_PLACE",
      "placeVisitImportance": "TRANSITIONAL"
    }
  }, {
    "activitySegment": {
      "startLocation": {
        "latitudeE7": 522907326,
        "longitudeE7": 209319171,
        "sourceInfo": {
          "deviceTag": 2038012174
        }
      },
      "endLocation": {
        "latitudeE7": 522881069,
        "longitudeE7": 209814513,
        "sourceInfo": {
          "deviceTag": 2038012174
        }
      },
      "duration": {
        "startTimestamp": "2020-10-30T20:38:53.741Z",
        "endTimestamp": "2020-10-30T20:44:21.393Z"
      },
      "distance": 3381,
      "activityType": "IN_SUBWAY",
      "confidence": "LOW",
      "activities": [{
        "activityType": "IN_SUBWAY",
        "probability": 31.47067129611969
      }, {
        "activityType": "IN_PASSENGER_VEHICLE",
        "probability": 29.340821504592896
      }, {
        "activityType": "IN_TRAIN",
        "probability": 14.004451036453247
      }, {
        "activityType": "IN_BUS",
        "probability": 9.245063364505768
      }, {
        "activityType": "WALKING",
        "probability": 7.565057277679443
      }, {
        "activityType": "IN_TRAM",
        "probability": 4.092363268136978
      }, {
        "activityType": "STILL",
        "probability": 1.6282737255096436
      }, {
        "activityType": "CYCLING",
        "probability": 1.2385047040879726
      }, {
        "activityType": "MOTORCYCLING",
        "probability": 0.5406743846833706
      }, {
        "activityType": "FLYING",
        "probability": 0.4432152025401592
      }, {
        "activityType": "RUNNING",
        "probability": 0.2778978552669287
      }, {
        "activityType": "IN_FERRY",
        "probability": 0.1043995376676321
      }, {
        "activityType": "SKIING",
        "probability": 0.040575291495770216
      }, {
        "activityType": "SAILING",
        "probability": 0.006789755570935085
      }, {
        "activityType": "IN_VEHICLE",
        "probability": 0.0012436531505954918
      }]
    }
  }]
}