{
  "timelineObjects": [{
    "placeVisit": {
      "location": {
        "latitudeE7": 522372323,
        "longitudeE7": 209991508,
        "placeId": "ChIJH20zWIjMHkcRRriKyIf-kfQ",
        "address": "Grzybowska 16/22, 00-132 Warszawa, Polska",
        "name": "22",
        "semanticType": "TYPE_HOME",
        "sourceInfo": {
          "deviceTag": 2038012174
        },
        "locationConfidence": 86.29353,
        "calibratedProbability": 63.49252
      },
      "duration": {
        "startTimestamp": "2021-12-02T14:41:40.645Z",
        "endTimestamp": "2021-12-02T14:43:04.723Z"
      },
      "placeConfidence": "MEDIUM_CONFIDENCE",
      "centerLatE7": 522361553,
      "centerLngE7": 209977057,
      "visitConfidence": 79,
      "otherCandidateLocations": [{
        "latitudeE7": 522372502,
        "longitudeE7": 209998899,
        "placeId": "ChIJ_5GtRYjMHkcRZ2AReH2lFh4",
        "address": "Grzybowska 12/14, 00-131 Warszawa, Polska",
        "name": "Biedronka",
        "locationConfidence": 3.1142473,
        "calibratedProbability": 2.2913814
      }, {
        "latitudeE7": 522360599,
        "longitudeE7": 209990934,
        "placeId": "ChIJA9NY0CjNHkcRlJv0AV6F_RQ",
        "address": "Grzybowska 9/lok. 1, 00-132 Warszawa, Poland",
        "name": "Xero (wewnątrz klatki schodowej)",
        "locationConfidence": 2.743721,
        "calibratedProbability": 2.0187578
      }, {
        "latitudeE7": 522368352,
        "longitudeE7": 210007138,
        "placeId": "ChIJ2X-gAInMHkcRLsdVWnZjwxU",
        "address": "Grzybowska 5A/2 piętro, 00-132 Warszawa, Poland",
        "name": "Grzybowska Park",
        "locationConfidence": 1.5403718,
        "calibratedProbability": 1.1333652
      }, {
        "latitudeE7": 522367113,
        "longitudeE7": 209987086,
        "placeId": "ChIJO_0J8IjMHkcRMVgFxoFMEIU",
        "address": "Grzybowska 24, 00-132 Warszawa, Polska",
        "name": "Radisson Collection Hotel, Warsaw",
        "locationConfidence": 1.0682195,
        "calibratedProbability": 0.7859679
      }, {
        "latitudeE7": 522368255,
        "longitudeE7": 209993932,
        "placeId": "ChIJAwPjsZvNHkcRDMr-NHCPshA",
        "address": "Grzybowska 16/22, 00-132 Warszawa, Poland",
        "name": "Drogeria Rossmann",
        "locationConfidence": 0.6552249,
        "calibratedProbability": 0.4820973
      }],
      "editConfirmationStatus": "NOT_CONFIRMED",
      "locationConfidence": 71,
      "placeVisitType": "SINGLE_PLACE",
      "placeVisitImportance": "MAIN"
    }
  }, {
    "activitySegment": {
      "startLocation": {
        "latitudeE7": 522361553,
        "longitudeE7": 209977057,
        "sourceInfo": {
          "deviceTag": 2038012174
        }
      },
      "endLocation": {
        "latitudeE7": 522359950,
        "longitudeE7": 209900248,
        "sourceInfo": {
          "deviceTag": 2038012174
        }
      },
      "duration": {
        "startTimestamp": "2021-12-02T14:43:04.723Z",
        "endTimestamp": "2021-12-02T14:49:28.804Z"
      },
      "distance": 772,
      "activityType": "WALKING",
      "confidence": "HIGH",
      "activities": [{
        "activityType": "WALKING",
        "probability": 93.67910623550415
      }, {
        "activityType": "IN_PASSENGER_VEHICLE",
        "probability": 1.345459558069706
      }, {
        "activityType": "STILL",
        "probability": 1.2825863435864449
      }, {
        "activityType": "CYCLING",
        "probability": 1.2497702613472939
      }, {
        "activityType": "RUNNING",
        "probability": 0.8970971219241619
      }, {
        "activityType": "IN_BUS",
        "probability": 0.4710306879132986
      }, {
        "activityType": "IN_TRAM",
        "probability": 0.4380117170512676
      }, {
        "activityType": "IN_SUBWAY",
        "probability": 0.2301828470081091
      }, {
        "activityType": "IN_TRAIN",
        "probability": 0.167097186204046
      }, {
        "activityType": "IN_FERRY",
        "probability": 0.1301525393500924
      }, {
        "activityType": "MOTORCYCLING",
        "probability": 0.051161047304049134
      }, {
        "activityType": "SKIING",
        "probability": 0.03258457873016596
      }, {
        "activityType": "FLYING",
        "probability": 0.015730143059045076
      }, {
        "activityType": "SAILING",
        "probability": 0.010027975076809525
      }, {
        "activityType": "IN_VEHICLE",
        "probability": 1.6836002814102358E-6
      }],
      "waypointPath": {
        "waypoints": [{
          "latE7": 522361145,
          "lngE7": 209977397
        }, {
          "latE7": 522359313,
          "lngE7": 209969196
        }, {
          "latE7": 522359886,
          "lngE7": 209899845
        }],
        "source": "INFERRED",
        "distanceMeters": 639.125288645809,
        "travelMode": "WALK",
        "confidence": 0.9990794545259184
      }
    }
  }, {
    "placeVisit": {
      "location": {
        "latitudeE7": 522355558,
        "longitudeE7": 209892582,
        "placeId": "ChIJyWRiKYTMHkcRR3gr1y_vv_M",
        "address": "W dniu umówionych wizyt lekarskich klinika jest otwarta do ostatniego pacjenta, Żelazna 69A, 00-871 Warszawa, Poland",
        "name": "UNA MEDICA Centrum Medyczne i Stylu Życia",
        "sourceInfo": {
          "deviceTag": 2038012174
        },
        "locationConfidence": 80.71085,
        "calibratedProbability": 65.302666
      },
      "duration": {
        "startTimestamp": "2021-12-02T14:49:28.804Z",
        "endTimestamp": "2021-12-02T14:57:40.517Z"
      },
      "placeConfidence": "MEDIUM_CONFIDENCE",
      "centerLatE7": 522356191,
      "centerLngE7": 209893773,
      "visitConfidence": 91,
      "otherCandidateLocations": [{
        "latitudeE7": 522338948,
        "longitudeE7": 209891330,
        "placeId": "ChIJmz5tsoXMHkcR11tNjLu499U",
        "address": "Grzybowska 51, 00-844 Warszawa, Polska",
        "name": "AUTOSERVICE J \u0026 J Jan Jankowski",
        "locationConfidence": 10.0421095,
        "calibratedProbability": 8.1250105
      }, {
        "latitudeE7": 522357230,
        "longitudeE7": 209898720,
        "placeId": "ChIJ06EELYTMHkcRdsF7OAOQbno",
        "address": "Żelazna 67/16, 00-871 Warszawa, Poland",
        "name": "Żabka",
        "locationConfidence": 2.5194087,
        "calibratedProbability": 2.0384383
      }, {
        "latitudeE7": 522355749,
        "longitudeE7": 209890718,
        "placeId": "ChIJQ6MSJYTMHkcR-ksrgkUYUcs",
        "address": "Żelazna 69A, 00-871 Warszawa, Polska",
        "locationConfidence": 1.0754786,
        "calibratedProbability": 0.8701632
      }, {
        "latitudeE7": 522356303,
        "longitudeE7": 209897096,
        "placeId": "ChIJN-0XMITMHkcRDNKWqY5Rubo",
        "address": "Żelazna 69, 00-871 Warszawa, Polska",
        "locationConfidence": 0.8680085,
        "calibratedProbability": 0.7023004
      }, {
        "latitudeE7": 522355250,
        "longitudeE7": 209890110,
        "placeId": "ChIJac0qIoTMHkcRQuzCffmwWdU",
        "address": "Żelazna 69A/lokal 9, 00-871 Warszawa, Polska",
        "name": "The laser key cutting-wa Tomasz Bobik",
        "locationConfidence": 0.85643744,
        "calibratedProbability": 0.6929384
      }, {
        "latitudeE7": 522352224,
        "longitudeE7": 209902315,
        "placeId": "ChIJy9yp0oXMHkcRIT0Tes8tHuw",
        "address": "Żelazna 67, 00-871 Warszawa, Polska",
        "name": "Skład Włoski - wloskie artykuly spozywcze, slodycze, wina, lody",
        "locationConfidence": 0.7006398,
        "calibratedProbability": 0.56688344
      }, {
        "latitudeE7": 522362147,
        "longitudeE7": 209912802,
        "placeId": "ChIJV7kNe4bMHkcRDkrauBR4Pmo",
        "address": "Waliców 19, 00-001 Warszawa, Polska",
        "name": "Chata Szkło Alkohole 24h",
        "locationConfidence": 0.5799301,
        "calibratedProbability": 0.46921796
      }, {
        "latitudeE7": 522342176,
        "longitudeE7": 209870154,
        "placeId": "ChIJv8AFrk3NHkcRQct0dvB0rJI",
        "address": "Grzybowska 60, 00-844 Warszawa, Polska",
        "name": "Browary Warszawskie",
        "locationConfidence": 0.53846455,
        "calibratedProbability": 0.4356684
      }],
      "editConfirmationStatus": "NOT_CONFIRMED",
      "locationConfidence": 65,
      "placeVisitType": "SINGLE_PLACE",
      "placeVisitImportance": "MAIN"
    }
  }, {
    "activitySegment": {
      "startLocation": {
        "latitudeE7": 522355538,
        "longitudeE7": 209893948,
        "sourceInfo": {
          "deviceTag": 2038012174
        }
      },
      "endLocation": {
        "latitudeE7": 522943127,
        "longitudeE7": 209278141,
        "sourceInfo": {
          "deviceTag": 2038012174
        }
      },
      "duration": {
        "startTimestamp": "2021-12-02T14:57:40.517Z",
        "endTimestamp": "2021-12-02T18:36:06.006Z"
      },
      "distance": 7764,
      "activityType": "IN_PASSENGER_VEHICLE",
      "confidence": "LOW",
      "activities": [{
        "activityType": "IN_PASSENGER_VEHICLE",
        "probability": 42.12536811828613
      }, {
        "activityType": "WALKING",
        "probability": 35.178789496421814
      }, {
        "activityType": "IN_BUS",
        "probability": 7.991638034582138
      }, {
        "activityType": "STILL",
        "probability": 5.179296433925629
      }, {
        "activityType": "CYCLING",
        "probability": 4.782453924417496
      }, {
        "activityType": "IN_TRAM",
        "probability": 1.4274577610194683
      }, {
        "activityType": "IN_FERRY",
        "probability": 0.9013690985739231
      }, {
        "activityType": "MOTORCYCLING",
        "probability": 0.6610522978007793
      }, {
        "activityType": "RUNNING",
        "probability": 0.5148697644472122
      }, {
        "activityType": "IN_SUBWAY",
        "probability": 0.45059453696012497
      }, {
        "activityType": "IN_TRAIN",
        "probability": 0.3839918877929449
      }, {
        "activityType": "SKIING",
        "probability": 0.17543274443596601
      }, {
        "activityType": "FLYING",
        "probability": 0.1724903704598546
      }, {
        "activityType": "SAILING",
        "probability": 0.05519972764886916
      }, {
        "activityType": "IN_VEHICLE",
        "probability": 9.879281392954908E-7
      }]
    }
  }, {
    "activitySegment": {
      "startLocation": {
        "latitudeE7": 511516904,
        "longitudeE7": 169275532,
        "sourceInfo": {
          "deviceTag": 2038012174
        }
      },
      "endLocation": {
        "latitudeE7": 515579291,
        "longitudeE7": 191179155,
        "sourceInfo": {
          "deviceTag": 2038012174
        }
      },
      "duration": {
        "startTimestamp": "2021-12-04T19:37:12Z",
        "endTimestamp": "2021-12-04T22:09:48.670Z"
      },
      "distance": 160314,
      "activityType": "IN_PASSENGER_VEHICLE",
      "confidence": "HIGH",
      "activities": [{
        "activityType": "IN_PASSENGER_VEHICLE",
        "probability": 83.97561311721802
      }, {
        "activityType": "STILL",
        "probability": 8.740512281656265
      }, {
        "activityType": "WALKING",
        "probability": 3.610134869813919
      }, {
        "activityType": "IN_BUS",
        "probability": 1.8407747149467468
      }, {
        "activityType": "MOTORCYCLING",
        "probability": 0.5939949303865433
      }, {
        "activityType": "IN_FERRY",
        "probability": 0.35993349738419056
      }, {
        "activityType": "CYCLING",
        "probability": 0.3023846773430705
      }, {
        "activityType": "FLYING",
        "probability": 0.2918693237006664
      }, {
        "activityType": "IN_TRAIN",
        "probability": 0.12671038275584579
      }, {
        "activityType": "RUNNING",
        "probability": 0.050842552445828915
      }, {
        "activityType": "IN_SUBWAY",
        "probability": 0.041382142808288336
      }, {
        "activityType": "SKIING",
        "probability": 0.024586307699792087
      }, {
        "activityType": "IN_TRAM",
        "probability": 0.021052082593087107
      }, {
        "activityType": "SAILING",
        "probability": 0.020206715271342546
      }, {
        "activityType": "IN_VEHICLE",
        "probability": 3.2012346107279654E-7
      }],
      "simplifiedRawPath": {
        "points": [{
          "latE7": 511481627,
          "lngE7": 169310547,
          "accuracyMeters": 4,
          "timestamp": "2021-12-04T19:37:43Z"
        }, {
          "latE7": 511469105,
          "lngE7": 169333497,
          "accuracyMeters": 6,
          "timestamp": "2021-12-04T19:37:58Z"
        }, {
          "latE7": 511465040,
          "lngE7": 169409623,
          "accuracyMeters": 6,
          "timestamp": "2021-12-04T19:38:31Z"
        }, {
          "latE7": 515463055,
          "lngE7": 187023368,
          "accuracyMeters": 4,
          "timestamp": "2021-12-04T21:16:44.999Z"
        }, {
          "latE7": 515582903,
          "lngE7": 191191443,
          "accuracyMeters": 4,
          "timestamp": "2021-12-04T21:33:57Z"
        }],
        "source": "INFERRED",
        "distanceMeters": 160307.40869821573
      }
    }
  }, {
    "activitySegment": {
      "startLocation": {
        "latitudeE7": 522188553,
        "longitudeE7": 210138433,
        "sourceInfo": {
          "deviceTag": 2038012174
        }
      },
      "endLocation": {
        "latitudeE7": 520048423,
        "longitudeE7": 205580938,
        "sourceInfo": {
          "deviceTag": 2038012174
        }
      },
      "duration": {
        "startTimestamp": "2021-12-23T15:30:02.342Z",
        "endTimestamp": "2021-12-23T17:00:16.082Z"
      },
      "distance": 39177,
      "activityType": "IN_PASSENGER_VEHICLE",
      "confidence": "LOW",
      "activities": [{
        "activityType": "IN_PASSENGER_VEHICLE",
        "probability": 58.14999341964722
      }, {
        "activityType": "STILL",
        "probability": 19.063961505889893
      }, {
        "activityType": "WALKING",
        "probability": 12.134857475757599
      }, {
        "activityType": "IN_BUS",
        "probability": 3.371083363890648
      }, {
        "activityType": "MOTORCYCLING",
        "probability": 2.7447637170553207
      }, {
        "activityType": "IN_TRAIN",
        "probability": 1.5916453674435616
      }, {
        "activityType": "CYCLING",
        "probability": 1.3606618158519268
      }, {
        "activityType": "IN_SUBWAY",
        "probability": 0.5974560044705868
      }, {
        "activityType": "IN_FERRY",
        "probability": 0.41914484463632107
      }, {
        "activityType": "FLYING",
        "probability": 0.26942184194922447
      }, {
        "activityType": "RUNNING",
        "probability": 0.15346159925684333
      }, {
        "activityType": "IN_TRAM",
        "probability": 0.05624792538583279
      }, {
        "activityType": "SAILING",
        "probability": 0.05291946581564844
      }, {
        "activityType": "SKIING",
        "probability": 0.03436787519603968
      }, {
        "activityType": "IN_VEHICLE",
        "probability": 9.567776970698105E-6
      }]
    }
  }, {
    "activitySegment": {
      "startLocation": {
        "latitudeE7": 518127163,
        "longitudeE7": 198787310,
        "sourceInfo": {
          "deviceTag": 2038012174
        }
      },
      "endLocation": {
        "latitudeE7": 522582801,
        "longitudeE7": 209950286,
        "sourceInfo": {
          "deviceTag": 2038012174
        }
      },
      "duration": {
        "startTimestamp": "2021-12-26T15:27:41.296Z",
        "endTimestamp": "2021-12-26T16:46:54.878Z"
      },
      "distance": 91022,
      "activityType": "IN_PASSENGER_VEHICLE",
      "confidence": "LOW",
      "activities": [{
        "activityType": "IN_PASSENGER_VEHICLE",
        "probability": 28.549745678901672
      }, {
        "activityType": "IN_TRAIN",
        "probability": 19.92141455411911
      }, {
        "activityType": "STILL",
        "probability": 19.535665214061737
      }, {
        "activityType": "FLYING",
        "probability": 13.318352401256561
      }, {
        "activityType": "IN_FERRY",
        "probability": 6.595383584499359
      }, {
        "activityType": "WALKING",
        "probability": 5.311258509755135
      }, {
        "activityType": "IN_BUS",
        "probability": 4.458284005522728
      }, {
        "activityType": "MOTORCYCLING",
        "probability": 1.7349399626255035
      }, {
        "activityType": "CYCLING",
        "probability": 0.26409535203129053
      }, {
        "activityType": "SAILING",
        "probability": 0.141968356911093
      }, {
        "activityType": "IN_SUBWAY",
        "probability": 0.0759257236495614
      }, {
        "activityType": "RUNNING",
        "probability": 0.06820584530942142
      }, {
        "activityType": "SKIING",
        "probability": 0.014369892596732825
      }, {
        "activityType": "IN_TRAM",
        "probability": 0.010388635564595461
      }, {
        "activityType": "IN_VEHICLE",
        "probability": 5.004429226573848E-6
      }],
      "waypointPath": {
        "waypoints": [{
          "latE7": 518128585,
          "lngE7": 198784275
        }, {
          "latE7": 521915168,
          "lngE7": 207976512
        }, {
          "latE7": 522090568,
          "lngE7": 208659477
        }, {
          "latE7": 522153129,
          "lngE7": 208511695
        }, {
          "latE7": 522583198,
          "lngE7": 209949970
        }],
        "source": "INFERRED",
        "roadSegment": [{
          "placeId": "ChIJLSOLSeXWG0cRpBjNb_WTrSo",
          "duration": "16s"
        }, {
          "placeId": "ChIJDRqUKOXWG0cRGaz_hy6hxBU",
          "duration": "17s"
        }, {
          "placeId": "ChIJeaRGw-TWG0cRO9TqZ88blw4",
          "duration": "1s"
        }, {
          "placeId": "ChIJeaRGw-TWG0cR5kj1umS8DEs",
          "duration": "14s"
        }, {
          "placeId": "ChIJKVnpr-TWG0cRmeqeuNwnQs8",
          "duration": "1s"
        }, {
          "placeId": "ChIJKVnpr-TWG0cRpYkqJgsDPig",
          "duration": "6s"
        }, {
          "placeId": "ChIJVy2nVePWG0cRg7GyCJWxBMU",
          "duration": "0s"
        }, {
          "placeId": "ChIJ09UQTePWG0cRMJD6ZEgoZ4k",
          "duration": "13s"
        }, {
          "placeId": "ChIJK6WgyfzWG0cRrHtGVJoTTfI",
          "duration": "9s"
        }, {
          "placeId": "ChIJy5bmw_zWG0cRB7aXUSvW4lo",
          "duration": "1s"
        }, {
          "placeId": "ChIJ10gz6PzWG0cRtoBdTBNdu5I",
          "duration": "3s"
        }, {
          "placeId": "ChIJCZu6wvzWG0cRXJojPxemwWk",
          "duration": "15s"
        }, {
          "placeId": "ChIJoVN5Mf3WG0cRbrq60ht8FrI",
          "duration": "13s"
        }, {
          "placeId": "ChIJNSGfTP3WG0cRjpCEYAcpJec",
          "duration": "2s"
        }, {
          "placeId": "ChIJwzj7jBvXG0cRxnnXoZmoXLQ",
          "duration": "22s"
        }, {
          "placeId": "ChIJW_O9HBrXG0cRXyKF_eDkmSA",
          "duration": "23s"
        }, {
          "placeId": "ChIJPaYYQRTXG0cRZyBygf9w2XY",
          "duration": "44s"
        }, {
          "placeId": "ChIJTxws_j_XG0cRlhF01j8z7F8",
          "duration": "0s"
        }, {
          "placeId": "ChIJF3SB7kfXG0cR90qJLiiSHvM",
          "duration": "26s"
        }, {
          "placeId": "ChIJF3SB7kfXG0cRFJJzls76TyY",
          "duration": "0s"
        }, {
          "placeId": "ChIJdzB80LXQG0cRFRVtnEd2QDI",
          "duration": "37s"
        }, {
          "placeId": "ChIJaWpImLfQG0cR-qLwfSMmTTc",
          "duration": "2s"
        }, {
          "placeId": "ChIJ14u8G77QG0cRhfceiIpugoI",
          "duration": "8s"
        }, {
          "placeId": "ChIJrWbcMZHQG0cRMfFU35NK1zk",
          "duration": "4s"
        }, {
          "placeId": "ChIJrWbcMZHQG0cRfNukVpNvw24",
          "duration": "21s"
        }, {
          "placeId": "ChIJtZP1b5fQG0cRXKwFeNjlE1o",
          "duration": "5s"
        }, {
          "placeId": "ChIJtZP1b5fQG0cR1SyIAb7RIlc",
          "duration": "15s"
        }, {
          "placeId": "ChIJFRuVNpjQG0cRhbsExaz0U-c",
          "duration": "14s"
        }, {
          "placeId": "ChIJu2QagJjQG0cRCfBrQOKCv1w",
          "duration": "30s"
        }, {
          "placeId": "ChIJc2OSWaDQG0cRQtiOHpUOH9k",
          "duration": "20s"
        }, {
          "placeId": "ChIJsdwTfgraG0cRpnzgSLQM5II",
          "duration": "2s"
        }, {
          "placeId": "ChIJm2X-VgraG0cRzLEJuhugPwE",
          "duration": "15s"
        }, {
          "placeId": "ChIJ88XhewzaG0cROGZAO9rJHPg",
          "duration": "17s"
        }, {
          "placeId": "ChIJybFJvA3aG0cRTV3NswroCZs",
          "duration": "14s"
        }, {
          "placeId": "ChIJObfYaRLaG0cRawAdUFhubW4",
          "duration": "12s"
        }, {
          "placeId": "ChIJ4c3wFRTaG0cR4byWJ9K9etQ",
          "duration": "36s"
        }, {
          "placeId": "ChIJwbG5Bj7aG0cR4-OVVfS7f44",
          "duration": "3s"
        }, {
          "placeId": "ChIJb8jQ-EnaG0cRbLtKbBq-OFg",
          "duration": "55s"
        }, {
          "placeId": "ChIJIfXEKJrbG0cReO1GVAJpAv4",
          "duration": "23s"
        }, {
          "placeId": "ChIJV3hkA5vbG0cREN9XVRmeXLs",
          "duration": "3s"
        }, {
          "placeId": "ChIJ20bQAYXbG0cRamG18cjXXbA",
          "duration": "38s"
        }, {
          "placeId": "ChIJO05bZ4bbG0cR-BXM7cCBnnM",
          "duration": "0s"
        }, {
          "placeId": "ChIJ8zfyXYbbG0cRDJOd7MQWGNg",
          "duration": "0s"
        }, {
          "placeId": "ChIJOWI0UobbG0cRKAEHnXWvPnk",
          "duration": "8s"
        }, {
          "placeId": "ChIJQav-aXjcG0cRPMlXhHHvPB0",
          "duration": "29s"
        }, {
          "placeId": "ChIJ_7Pa8nncG0cRmuu4XSDwz98",
          "duration": "1s"
        }, {
          "placeId": "ChIJNxZEFHrcG0cRgp_nEofkt1E",
          "duration": "12s"
        }, {
          "placeId": "ChIJS7UOYnrcG0cRfuvBWrz7SaE",
          "duration": "0s"
        }, {
          "placeId": "ChIJS57FfGXcG0cR8hG5YIG38t8",
          "duration": "22s"
        }, {
          "placeId": "ChIJqeyS9WXcG0cRUhZ5B60OnFI",
          "duration": "0s"
        }, {
          "placeId": "ChIJHRZGpmjcG0cRplUXBAdIRWw",
          "duration": "20s"
        }, {
          "placeId": "ChIJYdnLcWjcG0cR0FqYC5Olv78",
          "duration": "8s"
        }, {
          "placeId": "ChIJ94dePEPcG0cRvm3hm8EHvzA",
          "duration": "31s"
        }, {
          "placeId": "ChIJ94dePEPcG0cR4cmnsLYcnYs",
          "duration": "14s"
        }, {
          "placeId": "ChIJDWxzPkXcG0cRKdHRq8WIQsA",
          "duration": "15s"
        }, {
          "placeId": "ChIJFdx190_cG0cRL4HROFbA_9E",
          "duration": "10s"
        }, {
          "placeId": "ChIJNyHW3U_cG0cRk3MFfH6vsC4",
          "duration": "11s"
        }, {
          "placeId": "ChIJ7Zek10_cG0cRHQA3siRwVOE",
          "duration": "0s"
        }, {
          "placeId": "ChIJqRg21k_cG0cRqef3eQYMTww",
          "duration": "0s"
        }, {
          "placeId": "ChIJpUlY01HcG0cR92ys2N8wzsM",
          "duration": "6s"
        }, {
          "placeId": "ChIJ3VO4z1HcG0cRa6OZ_8ek8ss",
          "duration": "0s"
        }, {
          "placeId": "ChIJBXIszlHcG0cRX8DVW0VF0jo",
          "duration": "1s"
        }, {
          "placeId": "ChIJIw2XxVHcG0cRWzAujXe4kmI",
          "duration": "1s"
        }, {
          "placeId": "ChIJu3s7lVHcG0cR-sx1XFXQRio",
          "duration": "3s"
        }, {
          "placeId": "ChIJYXNAjlHcG0cRuz6UosZ-9u8",
          "duration": "5s"
        }, {
          "placeId": "ChIJI5Ivj1HcG0cRt-K-KXVUtLo",
          "duration": "4s"
        }, {
          "placeId": "ChIJqSofiFHcG0cRROLUi77qHwI",
          "duration": "0s"
        }, {
          "placeId": "ChIJXddxKFLcG0cRvPYJungZbus",
          "duration": "3s"
        }, {
          "placeId": "ChIJM8-hKVLcG0cRjE1iybha6lg",
          "duration": "0s"
        }, {
          "placeId": "ChIJi3UbKlLcG0cRW0utlzWDPwM",
          "duration": "1s"
        }, {
          "placeId": "ChIJDbtNelHcG0cRgaX-L7EPQZM",
          "duration": "13s"
        }, {
          "placeId": "ChIJ96PvP1HcG0cRu30SHa1olz8",
          "duration": "8s"
        }, {
          "placeId": "ChIJgfUiO1HcG0cR6ZEIue4FZ2c",
          "duration": "1s"
        }, {
          "placeId": "ChIJTeEBzlbcG0cRN5f3Qd1SIKw",
          "duration": "16s"
        }, {
          "placeId": "ChIJ7-Kc_lPcG0cR3OzWjLSoeKQ",
          "duration": "10s"
        }, {
          "placeId": "ChIJsewkr1PcG0cRMoh6ku2TlIA",
          "duration": "8s"
        }, {
          "placeId": "ChIJUeYxB7TdG0cRk5Tka-XJhRg",
          "duration": "72s"
        }, {
          "placeId": "ChIJVz8qYuTdG0cR77XKfCGkGKI",
          "duration": "105s"
        }, {
          "placeId": "ChIJRUYW8ADeG0cRgr-zyRb2iZ8",
          "duration": "12s"
        }, {
          "placeId": "ChIJ-4LbrwHeG0cRWVI7Q40SvRM",
          "duration": "2s"
        }, {
          "placeId": "ChIJQ48oD6ngG0cRkswJrdIYm3w",
          "duration": "8s"
        }, {
          "placeId": "ChIJTVIXOq_gG0cR_pXDtGdE1-Y",
          "duration": "17s"
        }, {
          "placeId": "ChIJx5h4hq_gG0cRzDuIwaUwbVo",
          "duration": "1s"
        }, {
          "placeId": "ChIJJyo7YKXgG0cRlsIFplB1jEU",
          "duration": "2s"
        }, {
          "placeId": "ChIJhVm3XqXgG0cRVBGKb2Jj260",
          "duration": "0s"
        }, {
          "placeId": "ChIJn7bOUaXgG0cRWkuTImjx-LI",
          "duration": "5s"
        }, {
          "placeId": "ChIJNxo3wrrgG0cRWOICd9t3XIA",
          "duration": "4s"
        }, {
          "placeId": "ChIJdfJ4_rrgG0cR5LcwpZDbsVg",
          "duration": "0s"
        }, {
          "placeId": "ChIJ_zD36rvgG0cRsqShjyZTHeo",
          "duration": "15s"
        }, {
          "placeId": "ChIJe9hyrr7gG0cRdFOg5snAo9M",
          "duration": "0s"
        }, {
          "placeId": "ChIJ6SaY6b7gG0cRclge6bZ_3e8",
          "duration": "9s"
        }, {
          "placeId": "ChIJRVz8AL_gG0cRgHnCGy8N__A",
          "duration": "0s"
        }, {
          "placeId": "ChIJzYZRo7_gG0cR5NuNjQQWyFE",
          "duration": "6s"
        }, {
          "placeId": "ChIJTTwg7b_gG0cR_LjJkLZt3-8",
          "duration": "0s"
        }, {
          "placeId": "ChIJC6S7vergG0cRgOtvfT2FcXU",
          "duration": "19s"
        }, {
          "placeId": "ChIJ413fsevgG0cRfskpNCAJON4",
          "duration": "0s"
        }, {
          "placeId": "ChIJgbcB9-7gG0cRdUVEVVKG9Lo",
          "duration": "6s"
        }, {
          "placeId": "ChIJ8YPI2-_gG0cRve1ybhSYjZQ",
          "duration": "12s"
        }, {
          "placeId": "ChIJPbfEgfrgG0cRLfds_ykwUQA",
          "duration": "10s"
        }, {
          "placeId": "ChIJX5TJIPrgG0cRrRT80ZxtgvA",
          "duration": "11s"
        }, {
          "placeId": "ChIJuzfPoPngG0cRRNtSCZeSKk8",
          "duration": "0s"
        }, {
          "placeId": "ChIJuzfPoPngG0cR3Qu-F9HI_xM",
          "duration": "0s"
        }, {
          "placeId": "ChIJD270HVbgG0cRAQH5i6wnxnI",
          "duration": "26s"
        }, {
          "placeId": "ChIJPbTMdVTgG0cRtOdGAEN40YI",
          "duration": "10s"
        }, {
          "placeId": "ChIJ-0-ymFPgG0cRrABcHphaFMI",
          "duration": "0s"
        }, {
          "placeId": "ChIJ3TxdlFLgG0cR0DI29F2z-Xg",
          "duration": "20s"
        }, {
          "placeId": "ChIJpygCZ7PhG0cRwP6j5hagtLA",
          "duration": "0s"
        }, {
          "placeId": "ChIJ9yJvObPhG0cRQGLdvMMRXvY",
          "duration": "13s"
        }, {
          "placeId": "ChIJ9yJvObPhG0cRwUoHJfAB4mk",
          "duration": "0s"
        }, {
          "placeId": "ChIJs83jZrPhG0cRbSRHIy63PAk",
          "duration": "8s"
        }, {
          "placeId": "ChIJ1RTHnMnhG0cRx7sdW0crd1I",
          "duration": "38s"
        }, {
          "placeId": "ChIJ7UVtDM_hG0cRv6nD7HzPyKI",
          "duration": "1s"
        }, {
          "placeId": "ChIJYdGEVMXhG0cRodklYooRevY",
          "duration": "21s"
        }, {
          "placeId": "ChIJD9YBVNrhG0cRz76EG1Bh6sY",
          "duration": "2s"
        }, {
          "placeId": "ChIJbR-3J9_hG0cRg-lBTZxPmF8",
          "duration": "39s"
        }, {
          "placeId": "ChIJLW-IhmBfGUcRoclbPQkC4FU",
          "duration": "5s"
        }, {
          "placeId": "ChIJB43Ib15fGUcR59R8vfdDsfs",
          "duration": "15s"
        }, {
          "placeId": "ChIJPTT6jVxfGUcR3yQEfCR3Ekw",
          "duration": "15s"
        }, {
          "placeId": "ChIJSe3Y5ERfGUcRO2JoM9tATHY",
          "duration": "19s"
        }, {
          "placeId": "ChIJ34Fq6UVfGUcR15AnKqk3jJI",
          "duration": "2s"
        }, {
          "placeId": "ChIJrWk-tUlfGUcR7YFU7vK-4PE",
          "duration": "40s"
        }, {
          "placeId": "ChIJ2-vUHjNfGUcR_gP4Nsopbog",
          "duration": "36s"
        }, {
          "placeId": "ChIJDwx0HNNYGUcR-rgpX-L7GZM",
          "duration": "8s"
        }, {
          "placeId": "ChIJ05LydtNYGUcRiGTuVVgRMBQ",
          "duration": "0s"
        }, {
          "placeId": "ChIJZa5AtdVYGUcRKmiRb9H1yvM",
          "duration": "22s"
        }, {
          "placeId": "ChIJ-fHaiylZGUcR6vYlrtU9aO0",
          "duration": "7s"
        }, {
          "placeId": "ChIJfahqeClZGUcRKI9-pYNxSK4",
          "duration": "0s"
        }, {
          "placeId": "ChIJgXmUSSlZGUcR3fS9leQCMbU",
          "duration": "11s"
        }, {
          "placeId": "ChIJgXmUSSlZGUcRQyQp9dsCVjQ",
          "duration": "9s"
        }, {
          "placeId": "ChIJuydg9y5ZGUcRvGNhpSUusno",
          "duration": "0s"
        }, {
          "placeId": "ChIJ9R7hA1tZGUcROqaocSLzkkY",
          "duration": "167s"
        }, {
          "placeId": "ChIJlyUU5bhbGUcReaZ-LZJDncI",
          "duration": "0s"
        }, {
          "placeId": "ChIJlyUU5bhbGUcRhT7MqzBSGCQ",
          "duration": "21s"
        }, {
          "placeId": "ChIJg2kMrLBbGUcRNd72aBjiKrQ",
          "duration": "13s"
        }, {
          "placeId": "ChIJEZvBArFbGUcRQ_k0d3ReHiY",
          "duration": "7s"
        }, {
          "placeId": "ChIJfwqAmbFbGUcRVrtXNV4vd3s",
          "duration": "4s"
        }, {
          "placeId": "ChIJcUWxELJbGUcRFnjOadOot40",
          "duration": "9s"
        }, {
          "placeId": "ChIJO0yad7JbGUcR1nLUN2hXg3U",
          "duration": "0s"
        }, {
          "placeId": "ChIJvZOrea1bGUcRjGHwwKaO1gg",
          "duration": "6s"
        }, {
          "placeId": "ChIJWXMaa61bGUcRzPL24_ZVolI",
          "duration": "0s"
        }, {
          "placeId": "ChIJdcd3LK1bGUcRsKMi2fynWYs",
          "duration": "11s"
        }, {
          "placeId": "ChIJnX9jPFNaGUcR466FM5rK1cE",
          "duration": "0s"
        }, {
          "placeId": "ChIJZe24ofhaGUcRZeIRRgzVKRU",
          "duration": "60s"
        }, {
          "placeId": "ChIJT2q_jPBaGUcR-yzABPQgiL4",
          "duration": "0s"
        }, {
          "placeId": "ChIJtRfEne5aGUcR9yl2LDHVlwY",
          "duration": "51s"
        }, {
          "placeId": "ChIJtThXeblaGUcRLO6XZcFyRt8",
          "duration": "69s"
        }, {
          "placeId": "ChIJ82vhx61aGUcR3PMZuE4jE-4",
          "duration": "0s"
        }, {
          "placeId": "ChIJ-Vmv-axaGUcRTZyLaFNixm0",
          "duration": "12s"
        }, {
          "placeId": "ChIJ-Vmv-axaGUcRcyaUH2P6b8w",
          "duration": "15s"
        }, {
          "placeId": "ChIJ9fyyk1RFGUcR32bmqeiD7eQ",
          "duration": "0s"
        }, {
          "placeId": "ChIJ9fyyk1RFGUcRQzhvB4HvQHU",
          "duration": "7s"
        }, {
          "placeId": "ChIJdXoaWlRFGUcR9qRjzvMCRDI",
          "duration": "0s"
        }, {
          "placeId": "ChIJdXoaWlRFGUcR-BxfI40Y7Og",
          "duration": "0s"
        }, {
          "placeId": "ChIJ0QBQ11VFGUcRhKjr5DXFRmU",
          "duration": "11s"
        }, {
          "placeId": "ChIJ65DPCPdPGUcRDvUvwhB4zW0",
          "duration": "46s"
        }, {
          "placeId": "ChIJE8s3p_NPGUcRiyUlxN2ifMU",
          "duration": "2s"
        }, {
          "placeId": "ChIJobqVR5JPGUcRv7ZF7MQRLhI",
          "duration": "17s"
        }, {
          "placeId": "ChIJGTyEb5FPGUcRHLU4y9ld53M",
          "duration": "0s"
        }, {
          "placeId": "ChIJGTyEb5FPGUcRPc7NlVOG07s",
          "duration": "35s"
        }, {
          "placeId": "ChIJDXZxgJhPGUcRZOa3jP4_Smo",
          "duration": "15s"
        }, {
          "placeId": "ChIJES6ZPqJPGUcR0XZ38V3oSGU",
          "duration": "0s"
        }, {
          "placeId": "ChIJES6ZPqJPGUcRYN8aY0JFxY8",
          "duration": "15s"
        }, {
          "placeId": "ChIJsRvzJKFPGUcR59KGsp4hep0",
          "duration": "12s"
        }, {
          "placeId": "ChIJl7LVWQRPGUcREjktI_JzE2Q",
          "duration": "88s"
        }, {
          "placeId": "ChIJZV-DneBOGUcRoEnSivOsYNU",
          "duration": "30s"
        }, {
          "placeId": "ChIJr0OycNxOGUcRXE-fo42l8XM",
          "duration": "12s"
        }, {
          "placeId": "ChIJie1l3tpOGUcRIgCVLh7ifoA",
          "duration": "15s"
        }, {
          "placeId": "ChIJvb4W8M9OGUcRZFnm2z6vhwE",
          "duration": "8s"
        }, {
          "placeId": "ChIJ946xss9OGUcRzHb0jqogppE",
          "duration": "8s"
        }, {
          "placeId": "ChIJyeGbhc5OGUcRgAnFdV3NSbk",
          "duration": "5s"
        }, {
          "placeId": "ChIJ8dUqPcxOGUcR8IKV2BbIeC8",
          "duration": "1s"
        }, {
          "placeId": "ChIJ8fEAPsxOGUcR-CqDCRGg3J0",
          "duration": "1s"
        }, {
          "placeId": "ChIJewibb8xOGUcRVD4X5BfeIP0",
          "duration": "4s"
        }, {
          "placeId": "ChIJF-OIyjVJGUcRTrLVXHRTDfw",
          "duration": "52s"
        }, {
          "placeId": "ChIJ4Sqff0FJGUcRgaE5DWo0CZE",
          "duration": "59s"
        }, {
          "placeId": "ChIJBfJKimVJGUcR4vulOvNEmbI",
          "duration": "1s"
        }, {
          "placeId": "ChIJ32SmhWVJGUcRqSF6Sa4h7FU",
          "duration": "9s"
        }, {
          "placeId": "ChIJ32SmhWVJGUcRlBJpd0b1j74",
          "duration": "1s"
        }, {
          "placeId": "ChIJg14oQWVJGUcRX-UbSr49H9E",
          "duration": "10s"
        }, {
          "placeId": "ChIJu18t1XpJGUcRP05YbW0dVoE",
          "duration": "1s"
        }, {
          "placeId": "ChIJhYaKKXtJGUcRW5-JezgwFfg",
          "duration": "0s"
        }, {
          "placeId": "ChIJS2AHJntJGUcR-Qc-9wBNCy0",
          "duration": "1s"
        }, {
          "placeId": "ChIJS2AHJntJGUcRj9_iR4F-FBs",
          "duration": "0s"
        }, {
          "placeId": "ChIJ_zhADXtJGUcRqeUWFSJEXB8",
          "duration": "9s"
        }, {
          "placeId": "ChIJ94E69XtJGUcRna6y3hZ43GM",
          "duration": "1s"
        }, {
          "placeId": "ChIJ94E69XtJGUcRVmtA7LmBOwk",
          "duration": "3s"
        }, {
          "placeId": "ChIJ5et57n5JGUcR95S5qd7RIec",
          "duration": "17s"
        }, {
          "placeId": "ChIJR--HdYBJGUcRCQxKeC6wFrg",
          "duration": "26s"
        }, {
          "placeId": "ChIJIzN-EylKGUcRDyg_cI1bAz4",
          "duration": "0s"
        }, {
          "placeId": "ChIJIzN-EylKGUcRDM8XxsFcKSY",
          "duration": "18s"
        }, {
          "placeId": "ChIJMcrZMi9KGUcRS-MYOCT3QiM",
          "duration": "20s"
        }, {
          "placeId": "ChIJ3XFuQy9KGUcRMwkdgZbY0OU",
          "duration": "9s"
        }, {
          "placeId": "ChIJEb2VmDxKGUcRIXNhIzSciRQ",
          "duration": "13s"
        }, {
          "placeId": "ChIJlSIuSzxKGUcRs4nKGVGn0JE",
          "duration": "9s"
        }, {
          "placeId": "ChIJI_GqGD5KGUcRb0eM7BVNwz4",
          "duration": "16s"
        }, {
          "placeId": "ChIJ-5IilWtKGUcRp_VXqt4tKrM",
          "duration": "51s"
        }, {
          "placeId": "ChIJtWP3S2RKGUcR_2LYTgTzFYY",
          "duration": "4s"
        }, {
          "placeId": "ChIJ911Yd2RKGUcRVZ5juNBstiI",
          "duration": "10s"
        }, {
          "placeId": "ChIJq82nBWNKGUcRC_NTHO3fDGw",
          "duration": "9s"
        }, {
          "placeId": "ChIJaxqTyGJKGUcRp03DE8dBkNA",
          "duration": "6s"
        }, {
          "placeId": "ChIJX4oFbIdKGUcRjzHmJK4pEhM",
          "duration": "8s"
        }, {
          "placeId": "ChIJX4oFbIdKGUcRaDe44ufuSoc",
          "duration": "18s"
        }, {
          "placeId": "ChIJfwH7eYdKGUcRR6zX94YL0zo",
          "duration": "0s"
        }, {
          "placeId": "ChIJzSxW0oBKGUcR4om7JBtLQ1c",
          "duration": "0s"
        }, {
          "placeId": "ChIJmW0lp4FKGUcRai-fX5j-iKk",
          "duration": "5s"
        }, {
          "placeId": "ChIJ19sOCn41GUcRdXCRrWMEMhY",
          "duration": "17s"
        }, {
          "placeId": "ChIJR_9EOXw1GUcRAF8gEIw5HDU",
          "duration": "1s"
        }, {
          "placeId": "ChIJM8Ndcnw1GUcR2KErayVHdHw",
          "duration": "8s"
        }, {
          "placeId": "ChIJu41mn3s1GUcROqTXjcg-iFM",
          "duration": "1s"
        }, {
          "placeId": "ChIJb9rP5no1GUcRd9N_-gJSiC0",
          "duration": "13s"
        }, {
          "placeId": "ChIJV5A5rXo1GUcRSRx6hS7eVqo",
          "duration": "2s"
        }, {
          "placeId": "ChIJJXNe8W81GUcR_zpAJ05YBmo",
          "duration": "6s"
        }, {
          "placeId": "ChIJz1i3om81GUcRGb1S0ABJ_RU",
          "duration": "2s"
        }, {
          "placeId": "ChIJ09ikp281GUcRt54eTKp5iKI",
          "duration": "0s"
        }, {
          "placeId": "ChIJ35ku3W41GUcRvbjFWezMRY4",
          "duration": "11s"
        }, {
          "placeId": "ChIJUZKnwWs1GUcR_zN5kPM2SkI",
          "duration": "22s"
        }, {
          "placeId": "ChIJuwrx72o1GUcR8GcYpAwJSPQ",
          "duration": "4s"
        }, {
          "placeId": "ChIJfZ4mHkA1GUcRX-IgDkvrqlg",
          "duration": "12s"
        }, {
          "placeId": "ChIJfZ4mHkA1GUcRtFmAK-kRvGk",
          "duration": "1s"
        }, {
          "placeId": "ChIJ7cA_fD81GUcRAS64aWWlV-I",
          "duration": "11s"
        }, {
          "placeId": "ChIJh6ZdST81GUcRPxVQEL2QGsM",
          "duration": "6s"
        }, {
          "placeId": "ChIJpWXDxjg1GUcR02KyKQp506I",
          "duration": "3s"
        }, {
          "placeId": "ChIJy-bc7jg1GUcR89D175j-ja4",
          "duration": "3s"
        }, {
          "placeId": "ChIJz8GT8Dg1GUcRt-uqiSDD1MI",
          "duration": "0s"
        }, {
          "placeId": "ChIJwQJITjg1GUcR7dkQyJ7Ra8Q",
          "duration": "8s"
        }, {
          "placeId": "ChIJiyJlMjg1GUcReTMqCTYpnxM",
          "duration": "0s"
        }, {
          "placeId": "ChIJ2cftCzc1GUcR1xhMjYy0T0k",
          "duration": "10s"
        }, {
          "placeId": "ChIJgwbakjY1GUcRMWWJxmb1I4k",
          "duration": "10s"
        }, {
          "placeId": "ChIJc8zvozY1GUcRMLsO4Ug_6ak",
          "duration": "14s"
        }, {
          "placeId": "ChIJTeTPDjQ1GUcRi204miCs_BQ",
          "duration": "16s"
        }, {
          "placeId": "ChIJU5nWcjQ1GUcRGFNrFcfHTNI",
          "duration": "2s"
        }, {
          "placeId": "ChIJWxDmdTQ1GUcRhPBqwLPZ5zo",
          "duration": "11s"
        }, {
          "placeId": "ChIJN1lJojM1GUcRgGokKEx7ZG4",
          "duration": "15s"
        }, {
          "placeId": "ChIJ4cJs_zI1GUcRLBpAGKPeOmU",
          "duration": "7s"
        }, {
          "placeId": "ChIJC_up9jI1GUcRUlW72hzLXng",
          "duration": "11s"
        }, {
          "placeId": "ChIJadr_-zE1GUcR2FohOuAqOvI",
          "duration": "2s"
        }, {
          "placeId": "ChIJsc8-9zE1GUcRvW8IKfOCggE",
          "duration": "5s"
        }, {
          "placeId": "ChIJEzNExzE1GUcRzv7nxSaXlG8",
          "duration": "5s"
        }, {
          "placeId": "ChIJHxkLRjA1GUcRW78WDHPxCO4",
          "duration": "30s"
        }, {
          "placeId": "ChIJJ5UtezA1GUcRUBe85CJFOTs",
          "duration": "6s"
        }, {
          "placeId": "ChIJJ5UtezA1GUcREZhBztrnK30",
          "duration": "22s"
        }, {
          "placeId": "ChIJPXJ1ezo1GUcRiqlt40BTByw",
          "duration": "5s"
        }, {
          "placeId": "ChIJC0YEcjo1GUcRywywjc3hwuI",
          "duration": "5s"
        }, {
          "placeId": "ChIJyYtqDjo1GUcRPjuD15lLRBQ",
          "duration": "9s"
        }, {
          "placeId": "ChIJKbTl-Dk1GUcRhZvS6Cv5Oyg",
          "duration": "14s"
        }, {
          "placeId": "ChIJkxV35zk1GUcRsBNmyzVIcrc",
          "duration": "29s"
        }, {
          "placeId": "ChIJofKJOjg1GUcReI8T1SFs4YQ",
          "duration": "0s"
        }, {
          "placeId": "ChIJmXM-DDg1GUcRFptb6AkveuY",
          "duration": "10s"
        }, {
          "placeId": "ChIJmXM-DDg1GUcRFeLCoiU458g",
          "duration": "11s"
        }, {
          "placeId": "ChIJBfUsEEk1GUcRF417mtXVBdE",
          "duration": "20s"
        }, {
          "placeId": "ChIJLUVVoEk1GUcRAKfkRK6GKqg",
          "duration": "0s"
        }, {
          "placeId": "ChIJi3pblkk1GUcRWD0wBWq-P-w",
          "duration": "9s"
        }, {
          "placeId": "ChIJ7zxW7kk1GUcRTEpb3mBg3Fw",
          "duration": "2s"
        }, {
          "placeId": "ChIJ0eW__Ek1GUcRpW4pir-QuVA",
          "duration": "4s"
        }, {
          "placeId": "ChIJAaf7AzY1GUcRf48oIOyFqfo",
          "duration": "2s"
        }, {
          "placeId": "ChIJKass2TU1GUcRClELcVKh0iE",
          "duration": "0s"
        }, {
          "placeId": "ChIJAyx_LTQ1GUcRxE1r8O74b-c",
          "duration": "21s"
        }, {
          "placeId": "ChIJic9-OjQ1GUcRRwxJNRc8LOE",
          "duration": "1s"
        }, {
          "placeId": "ChIJsdFFOjQ1GUcRa5mo26GCfLg",
          "duration": "1s"
        }, {
          "placeId": "ChIJDzcjPjQ1GUcRvzIZ3YOmzVk",
          "duration": "19s"
        }, {
          "placeId": "ChIJr7iUEjQ1GUcRPodqgD_bgTU",
          "duration": "5s"
        }, {
          "placeId": "ChIJwehiGjQ1GUcRXOBBlyM7odU",
          "duration": "28s"
        }, {
          "placeId": "ChIJg9TMPzQ1GUcRHBvGVFLg12A",
          "duration": "0s"
        }, {
          "placeId": "ChIJg9TMPzQ1GUcRse12ZFdoQvI",
          "duration": "13s"
        }, {
          "placeId": "ChIJuVZKPjQ1GUcRMyKi6EuMiy0",
          "duration": "0s"
        }, {
          "placeId": "ChIJ_1KFXMvKHkcRIzGq9uD1sgA",
          "duration": "31s"
        }, {
          "placeId": "ChIJk9ISjMPKHkcRSMY2nFKl2_0",
          "duration": "17s"
        }, {
          "placeId": "ChIJpZFWesLKHkcRAOEXBgJqJ4Q",
          "duration": "5s"
        }, {
          "placeId": "ChIJP50ryunKHkcRr5MiCXhxfvE",
          "duration": "4s"
        }, {
          "placeId": "ChIJRYeFrenKHkcRzzFE5cPgHxI",
          "duration": "0s"
        }, {
          "placeId": "ChIJbyf8qunKHkcRiRgt5gymz4g",
          "duration": "0s"
        }, {
          "placeId": "ChIJf02O4ujKHkcRFUMwD7YHtI8",
          "duration": "0s"
        }, {
          "placeId": "ChIJm6u-zejKHkcR2OsXKmKH6Ro",
          "duration": "6s"
        }, {
          "placeId": "ChIJm6u-zejKHkcRzOG7fk-32hs",
          "duration": "6s"
        }, {
          "placeId": "ChIJU52cR-_KHkcRvHD9-_cR0HM",
          "duration": "0s"
        }, {
          "placeId": "ChIJe8aMmuXKHkcRvsrONNpNwQo",
          "duration": "17s"
        }, {
          "placeId": "ChIJl2mN6-TKHkcRLSJjIQp5RKU",
          "duration": "4s"
        }, {
          "placeId": "ChIJW_r2o-TKHkcR0FNLhFD_uN8",
          "duration": "7s"
        }, {
          "placeId": "ChIJhYOPS-PKHkcRtMystWViSuc",
          "duration": "4s"
        }, {
          "placeId": "ChIJYwFKXALLHkcR6ooLK6lft3g",
          "duration": "25s"
        }, {
          "placeId": "ChIJZztxAATLHkcRwZs3eyUnprE",
          "duration": "31s"
        }, {
          "placeId": "ChIJ91SuRAbLHkcRhcYbONN__wo",
          "duration": "10s"
        }, {
          "placeId": "ChIJ2btAawjLHkcRatofgpWFZaI",
          "duration": "3s"
        }, {
          "placeId": "ChIJGR3DJAjLHkcR2lMNFR44ELg",
          "duration": "0s"
        }, {
          "placeId": "ChIJkXDsJQjLHkcR4AtjPaHSqts",
          "duration": "0s"
        }, {
          "placeId": "ChIJK9AtCafLHkcRyGwsYO70S8w",
          "duration": "0s"
        }, {
          "placeId": "ChIJK9AtCafLHkcRHa_qyffQBlI",
          "duration": "16s"
        }, {
          "placeId": "ChIJQ2cWmabLHkcRif70NXXECrQ",
          "duration": "3s"
        }, {
          "placeId": "ChIJQ2cWmabLHkcRBkBp7ou55UQ",
          "duration": "6s"
        }, {
          "placeId": "ChIJl_nZPaTLHkcRjwtoC_86Dnk",
          "duration": "0s"
        }, {
          "placeId": "ChIJT-yVQaTLHkcRXaariBN4B6Q",
          "duration": "3s"
        }, {
          "placeId": "ChIJkyutv6TLHkcRkmUlpj80OJA",
          "duration": "0s"
        }, {
          "placeId": "ChIJy7DZvqTLHkcRWNs0NqdwW3Q",
          "duration": "16s"
        }, {
          "placeId": "ChIJy7DZvqTLHkcRoehe_jWcN9I",
          "duration": "8s"
        }, {
          "placeId": "ChIJo9TFabvLHkcR1ExZxt7_KRU",
          "duration": "0s"
        }, {
          "placeId": "ChIJIxTocLvLHkcRlmguZvDp-9U",
          "duration": "0s"
        }, {
          "placeId": "ChIJ4UPod7vLHkcR_rS4PyqbDPg",
          "duration": "2s"
        }, {
          "placeId": "ChIJQ-fbj7vLHkcR9xBnE4bDskE",
          "duration": "1s"
        }, {
          "placeId": "ChIJd8KK8LvLHkcRX3w1ChKhjQY",
          "duration": "3s"
        }, {
          "placeId": "ChIJ6ThNTLnLHkcR-HGxUCNBvi4",
          "duration": "8s"
        }, {
          "placeId": "ChIJR-q7M7_LHkcRCUI82nQ179Q",
          "duration": "15s"
        }, {
          "placeId": "ChIJs_QrusDLHkcRpOkRrS7Nsg8",
          "duration": "9s"
        }, {
          "placeId": "ChIJkXNpH8HLHkcRc-kPchnfU38",
          "duration": "0s"
        }, {
          "placeId": "ChIJkXNpH8HLHkcRISNInF78W60",
          "duration": "7s"
        }, {
          "placeId": "ChIJz_2-1cPLHkcRNiwQZuJYmmQ",
          "duration": "17s"
        }, {
          "placeId": "ChIJz_2-1cPLHkcR8IvJNN0eGRs",
          "duration": "6s"
        }, {
          "placeId": "ChIJAWVxUMLLHkcRPZ3j8oWB4N0",
          "duration": "0s"
        }, {
          "placeId": "ChIJLTdu9sLLHkcRtyV700LKpq0",
          "duration": "0s"
        }, {
          "placeId": "ChIJPeI37cLLHkcRzCb6hgsZBJk",
          "duration": "2s"
        }, {
          "placeId": "ChIJWVQovMLLHkcRc-pivPZnZ4M",
          "duration": "6s"
        }, {
          "placeId": "ChIJ82G2rMLLHkcR7SavNGST2ds",
          "duration": "6s"
        }, {
          "placeId": "ChIJp_UWrsLLHkcRqa7Gz9WzXGc",
          "duration": "0s"
        }, {
          "placeId": "ChIJY3d_9ufLHkcRa9jXq2obk8Q",
          "duration": "3s"
        }, {
          "placeId": "ChIJfWUnkOfLHkcRRvMF1S5FBoQ",
          "duration": "5s"
        }, {
          "placeId": "ChIJx-E6nOfLHkcRK7anYufqwmo",
          "duration": "0s"
        }, {
          "placeId": "ChIJQVIoDefLHkcRFeUU5m3Z3wQ",
          "duration": "7s"
        }, {
          "placeId": "ChIJtTjTPOfLHkcRtiFGG_3ySfA",
          "duration": "1s"
        }, {
          "placeId": "ChIJpTFIKeHLHkcRr6hrsTdQfD8",
          "duration": "2s"
        }, {
          "placeId": "ChIJD68cJeHLHkcRdarBU2ZpB6E",
          "duration": "15s"
        }, {
          "placeId": "ChIJFcNHFOHLHkcRkKFc7g5JkMA",
          "duration": "0s"
        }, {
          "placeId": "ChIJKXvqbOHLHkcR-6oI2QhpfNo",
          "duration": "1s"
        }, {
          "placeId": "ChIJf6pf2ePLHkcRyNI5FJoDTcQ",
          "duration": "17s"
        }, {
          "placeId": "ChIJQ6UmvePLHkcRdb9Alh76FdY",
          "duration": "0s"
        }, {
          "placeId": "ChIJm5KwmOPLHkcRCZuWijDUO0g",
          "duration": "0s"
        }, {
          "placeId": "ChIJ00JSduPLHkcRNkmpEIWALfU",
          "duration": "4s"
        }, {
          "placeId": "ChIJYbM7nuTLHkcR0MZ1empRDHs",
          "duration": "3s"
        }, {
          "placeId": "ChIJV6essOTLHkcRiFJ3zIPCeGM",
          "duration": "6s"
        }, {
          "placeId": "ChIJA5oHLvvLHkcRiNF1pXcmNxs",
          "duration": "2s"
        }, {
          "placeId": "ChIJA5oHLvvLHkcRy3xlqMu_O_8",
          "duration": "0s"
        }, {
          "placeId": "ChIJ9YzE6PrLHkcR3Do4zoFGHJw",
          "duration": "10s"
        }, {
          "placeId": "ChIJYfptfPrLHkcRn2ZPn0OHVE8",
          "duration": "2s"
        }, {
          "placeId": "ChIJYfptfPrLHkcRC5xLuAdFOog",
          "duration": "1s"
        }, {
          "placeId": "ChIJ26xBmfDLHkcRhHYsF_UnwgI",
          "duration": "4s"
        }, {
          "placeId": "ChIJp32fzvDLHkcRTyGRs81o8tY",
          "duration": "2s"
        }, {
          "placeId": "ChIJtaJizfDLHkcRTyv4Kjjij7o",
          "duration": "5s"
        }, {
          "placeId": "ChIJtaJizfDLHkcRyaIhtgPa2EI",
          "duration": "1s"
        }, {
          "placeId": "ChIJ2Zz42_bLHkcRoHPubPQ0Yvo",
          "duration": "6s"
        }, {
          "placeId": "ChIJtdMm8vbLHkcRDH0dkye6Vu0",
          "duration": "5s"
        }, {
          "placeId": "ChIJSb69aPbLHkcRan7uyldUiIs",
          "duration": "1s"
        }, {
          "placeId": "ChIJ2xZhEvbLHkcRuChptMMeDmg",
          "duration": "4s"
        }, {
          "placeId": "ChIJiWdvAQrMHkcRm55AJFI4YjI",
          "duration": "2s"
        }, {
          "placeId": "ChIJeby-BArMHkcRysRTsfAg4Go",
          "duration": "1s"
        }, {
          "placeId": "ChIJeby-BArMHkcRQiIiGXTSJ0o",
          "duration": "4s"
        }, {
          "placeId": "ChIJEY7gFQrMHkcRCFtl6LtS0j8",
          "duration": "0s"
        }, {
          "placeId": "ChIJffE0PgrMHkcR5sEYqQ9m-j4",
          "duration": "0s"
        }, {
          "placeId": "ChIJhxdnUwrMHkcRXmuef74V1ms",
          "duration": "11s"
        }, {
          "placeId": "ChIJhxdnUwrMHkcRltWYBSlgMc8",
          "duration": "0s"
        }, {
          "placeId": "ChIJRWTiqgvMHkcRxwYNU6DQFJA",
          "duration": "1s"
        }, {
          "placeId": "ChIJuRUDBwvMHkcR5hMYI54TZK0",
          "duration": "4s"
        }, {
          "placeId": "ChIJlWy9VwvMHkcRlqgABZ2_3nc",
          "duration": "8s"
        }, {
          "placeId": "ChIJdXenqHTMHkcRDNU5wMSX9ng",
          "duration": "15s"
        }, {
          "placeId": "ChIJdXenqHTMHkcRjCfPwX4r1DE",
          "duration": "10s"
        }, {
          "placeId": "ChIJS3gvl3TMHkcR1oqJN5XXEjc",
          "duration": "2s"
        }, {
          "placeId": "ChIJr_swm3TMHkcRgkwups9lGGs",
          "duration": "7s"
        }, {
          "placeId": "ChIJeWKJgXTMHkcRg8cuL6ExSuU",
          "duration": "5s"
        }, {
          "placeId": "ChIJK6wLhHPMHkcRPkuwzcFuk9o",
          "duration": "1s"
        }, {
          "placeId": "ChIJK6wLhHPMHkcRxzhluwoRRq0",
          "duration": "4s"
        }, {
          "placeId": "ChIJM3zkj3PMHkcRsOB0Y5-WTTk",
          "duration": "1s"
        }, {
          "placeId": "ChIJCY0ykHPMHkcRQCiBr8L95QM",
          "duration": "0s"
        }, {
          "placeId": "ChIJXxTYkXPMHkcRA2zU8-F8cHY",
          "duration": "1s"
        }, {
          "placeId": "ChIJh-JojnPMHkcRsZ_dD6l60FQ",
          "duration": "1s"
        }, {
          "placeId": "ChIJQ6-0iXPMHkcRW7ih_bq6fKc",
          "duration": "8s"
        }, {
          "placeId": "ChIJQ6-0iXPMHkcRFrQrtUq7mgs",
          "duration": "2s"
        }, {
          "placeId": "ChIJeTeue3TMHkcRX18SQcPU2z8",
          "duration": "10s"
        }, {
          "placeId": "ChIJ7foqfXTMHkcRZLQBgqpyMCE",
          "duration": "0s"
        }, {
          "placeId": "ChIJG7enYnTMHkcRWJ0m-kysVGc",
          "duration": "3s"
        }, {
          "placeId": "ChIJFYEwhnTMHkcRrric4ALwkYw",
          "duration": "2s"
        }, {
          "placeId": "ChIJhbrIhXTMHkcRR0HgkvlMTUY",
          "duration": "3s"
        }, {
          "placeId": "ChIJf1AIhXTMHkcRj0SlN6KbScc",
          "duration": "0s"
        }, {
          "placeId": "ChIJC499hXTMHkcRG-UU7wi3D6I",
          "duration": "1s"
        }, {
          "placeId": "ChIJyxYli3TMHkcRkyEURZ0mD9I",
          "duration": "3s"
        }, {
          "placeId": "ChIJyxYli3TMHkcRqvyxKquNYnA",
          "duration": "4s"
        }, {
          "placeId": "ChIJC73dVnTMHkcRpYk88brIpyc",
          "duration": "5s"
        }, {
          "placeId": "ChIJsdXorHXMHkcRASs7ydQHDsY",
          "duration": "1s"
        }, {
          "placeId": "ChIJ_6NNpXXMHkcRpzc80LLchDE",
          "duration": "5s"
        }, {
          "placeId": "ChIJS7-fvXXMHkcRjm-xXBdxzzA",
          "duration": "0s"
        }, {
          "placeId": "ChIJkcyIlnXMHkcRohc78qf9wO8",
          "duration": "3s"
        }, {
          "placeId": "ChIJWQb1knXMHkcRrEm08xQsgIg",
          "duration": "3s"
        }, {
          "placeId": "ChIJg2ko83XMHkcRCBtiaRBRWLg",
          "duration": "1s"
        }, {
          "placeId": "ChIJZxBs83XMHkcRRvGUcRZz8LA",
          "duration": "0s"
        }, {
          "placeId": "ChIJ81Rv9HXMHkcRKiOJGBmS7uw",
          "duration": "1s"
        }, {
          "placeId": "ChIJNTN09nXMHkcRjxGz9leIq20",
          "duration": "0s"
        }, {
          "placeId": "ChIJXSC1CYrLHkcR_MW85yl1ICg",
          "duration": "0s"
        }, {
          "placeId": "ChIJXSC1CYrLHkcR7oTpLkITsSY",
          "duration": "2s"
        }, {
          "placeId": "ChIJA-XvBYrLHkcRZDqMHl0UAe8",
          "duration": "2s"
        }, {
          "placeId": "ChIJy_znBIrLHkcRioywgwYxzwg",
          "duration": "1s"
        }, {
          "placeId": "ChIJncUiG4rLHkcRI0tNW4A5ePg",
          "duration": "7s"
        }, {
          "placeId": "ChIJncUiG4rLHkcRe79GRGGxhvE",
          "duration": "1s"
        }, {
          "placeId": "ChIJmwqJD4rLHkcRhukRVR2jMXI",
          "duration": "21s"
        }, {
          "placeId": "ChIJmwqJD4rLHkcRh7rk62Fc1-4",
          "duration": "23s"
        }, {
          "placeId": "ChIJBxxwCYrLHkcRtx9HqMr9RlE",
          "duration": "19s"
        }],
        "distanceMeters": 119216.62190510327,
        "travelMode": "DRIVE",
        "confidence": 0.9200644081892594
      },
      "simplifiedRawPath": {
        "points": [{
          "latE7": 522085419,
          "lngE7": 208661213,
          "accuracyMeters": 16,
          "timestamp": "2021-12-26T16:28:29.999Z"
        }]
      },
      "parkingEvent": {
        "location": {
          "latitudeE7": 522582801,
          "longitudeE7": 209950286,
          "accuracyMetres": 160,
          "sourceInfo": {
            "deviceTag": 2038012174
          }
        },
        "method": "END_OF_ACTIVITY_SEGMENT",
        "locationSource": "NOT_FROM_RAW_LOCATION",
        "timestamp": "2021-12-26T16:46:54.878Z"
      }
    }
  }, {
    "placeVisit": {
      "location": {
        "latitudeE7": 522580071,
        "longitudeE7": 209945975,
        "placeId": "ChIJ4WH-DorLHkcRrkhu041ogHQ",
        "address": "00-204 Warszawa, Polska",
        "name": "Dworzec Gdański",
        "sourceInfo": {
          "deviceTag": 2038012174
        },
        "locationConfidence": 88.91352,
        "calibratedProbability": 61.246296
      },
      "duration": {
        "startTimestamp": "2021-12-26T16:46:54.878Z",
        "endTimestamp": "2021-12-26T16:49:41Z"
      },
      "placeConfidence": "MEDIUM_CONFIDENCE",
      "centerLatE7": 522582996,
      "centerLngE7": 209950652,
      "visitConfidence": 78,
      "otherCandidateLocations": [{
        "latitudeE7": 522590772,
        "longitudeE7": 209932749,
        "placeId": "ChIJST2TNorLHkcR-i-8U9J3fyE",
        "address": "00-001 Warszawa, Polska",
        "name": "Warszawa Gdańska",
        "locationConfidence": 8.429739,
        "calibratedProbability": 5.8066564
      }, {
        "latitudeE7": 522582257,
        "longitudeE7": 209955215,
        "placeId": "ChIJDZQg9HXMHkcRraUn9kiWyEc",
        "address": "00-204 Warszawa, Polska",
        "name": "Dworzec Gdański 01",
        "locationConfidence": 1.4534484,
        "calibratedProbability": 1.0011787
      }, {
        "latitudeE7": 522578884,
        "longitudeE7": 209946648,
        "placeId": "ChIJURFQBorLHkcR6KxGnXto0PA",
        "address": "00-204 Warszawa, Polska",
        "name": "Dworzec Gdański 07",
        "locationConfidence": 0.64297605,
        "calibratedProbability": 0.44290113
      }, {
        "latitudeE7": 522582698,
        "longitudeE7": 209949527,
        "placeId": "ChIJOVnKCIrLHkcRmakRFrhPe_0",
        "address": "00-204 Warszawa, Polska",
        "name": "Dworzec Gdański 04",
        "locationConfidence": 0.20052071,
        "calibratedProbability": 0.13812466
      }],
      "editConfirmationStatus": "NOT_CONFIRMED",
      "locationConfidence": 74,
      "placeVisitType": "SINGLE_PLACE",
      "placeVisitImportance": "TRANSITIONAL"
    }
  }, {
    "activitySegment": {
      "startLocation": {
        "latitudeE7": 522583566,
        "longitudeE7": 209951880,
        "sourceInfo": {
          "deviceTag": 2038012174
        }
      },
      "endLocation": {
        "latitudeE7": 522366371,
        "longitudeE7": 210154331,
        "sourceInfo": {
          "deviceTag": 2038012174
        }
      },
      "duration": {
        "startTimestamp": "2021-12-26T16:49:41Z",
        "endTimestamp": "2021-12-26T17:01:29.301Z"
      },
      "distance": 2780,
      "activityType": "IN_BUS",
      "confidence": "LOW",
      "activities": [{
        "activityType": "IN_BUS",
        "probability": 35.29800474643707
      }, {
        "activityType": "IN_TRAM",
        "probability": 26.0587215423584
      }, {
        "activityType": "IN_SUBWAY",
        "probability": 14.904025197029114
      }, {
        "activityType": "CYCLING",
        "probability": 7.824564725160599
      }, {
        "activityType": "IN_PASSENGER_VEHICLE",
        "probability": 6.58755898475647
      }, {
        "activityType": "WALKING",
        "probability": 5.434045568108559
      }, {
        "activityType": "IN_TRAIN",
        "probability": 2.674724906682968
      }, {
        "activityType": "STILL",
        "probability": 0.8802560158073902
      }, {
        "activityType": "RUNNING",
        "probability": 0.17153912922367454
      }, {
        "activityType": "MOTORCYCLING",
        "probability": 0.13279058039188385
      }, {
        "activityType": "IN_FERRY",
        "probability": 0.02765757672023028
      }, {
        "activityType": "FLYING",
        "probability": 0.0053360785386757925
      }, {
        "activityType": "SKIING",
        "probability": 5.958989277132787E-4
      }, {
        "activityType": "SAILING",
        "probability": 1.6987587514449842E-4
      }, {
        "activityType": "IN_VEHICLE",
        "probability": 4.3942659289086805E-6
      }],
      "transitPath": {
        "transitStops": [{
          "latitudeE7": 522582257,
          "longitudeE7": 209955215,
          "placeId": "ChIJDZQg9HXMHkcRraUn9kiWyEc",
          "address": "00-204 Warszawa, Polska",
          "name": "Dworzec Gdański 01"
        }, {
          "latitudeE7": 522532759,
          "longitudeE7": 210001212,
          "placeId": "ChIJeaHg1HDMHkcRtDIVTAOaUzA",
          "address": "00-203 Warszawa, Polska",
          "name": "Muranowska 05"
        }, {
          "latitudeE7": 522489758,
          "longitudeE7": 210053624,
          "placeId": "ChIJh2vJTWXMHkcRjUowQqDzDPo",
          "address": "00-288 Warszawa, Polska",
          "name": "Plac Krasińskich 01"
        }, {
          "latitudeE7": 522465200,
          "longitudeE7": 210115200,
          "placeId": "ChIJ1dag0GXMHkcRZp2pbu6Yc6o",
          "address": "00-245 Warszawa, Polska",
          "name": "Kapitulna 01"
        }, {
          "latitudeE7": 522428326,
          "longitudeE7": 210098203,
          "placeId": "ChIJY4BCUGHMHkcRZOzQuR2omls",
          "address": "00-094 Warszawa, Polska",
          "name": "Plac Teatralny 01"
        }, {
          "latitudeE7": 522418468,
          "longitudeE7": 210125275,
          "placeId": "ChIJ-SAkJ2HMHkcR80sKJVIPt1s",
          "address": "00-073 Warszawa, Polska",
          "name": "Pl. Piłsudskiego 01"
        }, {
          "latitudeE7": 522397090,
          "longitudeE7": 210112558,
          "placeId": "ChIJv-j1UmDMHkcRwd_q9_0Xz2M",
          "address": "00-065 Warszawa, Polska",
          "name": "Zachęta 02"
        }],
        "name": "116",
        "hexRgbColor": "880077",
        "linePlaceId": "ChIJUboIt-zMHkcRlEog8Iu1UT4",
        "stopTimesInfo": [{
          "scheduledDepartureTimestamp": "2021-12-26T17:08:00Z"
        }, {
          "scheduleArrivalTimestamp": "2021-12-26T17:10:00Z",
          "scheduledDepartureTimestamp": "2021-12-26T17:10:00Z"
        }, {
          "scheduleArrivalTimestamp": "2021-12-26T17:12:00Z",
          "scheduledDepartureTimestamp": "2021-12-26T17:12:00Z"
        }, {
          "scheduleArrivalTimestamp": "2021-12-26T17:13:00Z",
          "scheduledDepartureTimestamp": "2021-12-26T17:13:00Z"
        }, {
          "scheduleArrivalTimestamp": "2021-12-26T17:16:00Z",
          "scheduledDepartureTimestamp": "2021-12-26T17:16:00Z"
        }, {
          "scheduleArrivalTimestamp": "2021-12-26T17:17:00Z",
          "scheduledDepartureTimestamp": "2021-12-26T17:17:00Z"
        }, {
          "scheduleArrivalTimestamp": "2021-12-26T17:19:00Z"
        }],
        "source": "INFERRED",
        "confidence": 0.0,
        "distanceMeters": 3070.0
      },
      "simplifiedRawPath": {
        "points": [{
          "latE7": 522583566,
          "lngE7": 209951880,
          "accuracyMeters": 17,
          "timestamp": "2021-12-26T16:49:41Z"
        }, {
          "latE7": 522447546,
          "lngE7": 210005590,
          "accuracyMeters": 87,
          "timestamp": "2021-12-26T16:55:28.952Z"
        }, {
          "latE7": 522428869,
          "lngE7": 210025598,
          "accuracyMeters": 33,
          "timestamp": "2021-12-26T16:56:11.246Z"
        }],
        "source": "INFERRED",
        "distanceMeters": 2528.4917420864285
      }
    }
  }, {
    "placeVisit": {
      "location": {
        "latitudeE7": 522353882,
        "longitudeE7": 210168681,
        "placeId": "ChIJK0KGd_XMHkcRpyOjzQO0i_E",
        "address": "Warecka 8, 00-040 Warszawa, Polska",
        "semanticType": "TYPE_SEARCHED_ADDRESS",
        "sourceInfo": {
          "deviceTag": 2038012174
        },
        "locationConfidence": 90.72511,
        "calibratedProbability": 82.579285
      },
      "duration": {
        "startTimestamp": "2021-12-26T17:01:29.301Z",
        "endTimestamp": "2021-12-26T17:51:02.847Z"
      },
      "placeConfidence": "MEDIUM_CONFIDENCE",
      "centerLatE7": 522365614,
      "centerLngE7": 210158000,
      "visitConfidence": 95,
      "otherCandidateLocations": [{
        "latitudeE7": 522365533,
        "longitudeE7": 210158797,
        "placeId": "ChIJP1TXiV_MHkcRoTWTyJ0km6M",
        "address": "00-044 Warszawa, Polska",
        "name": "Nowy Świat 01",
        "locationConfidence": 3.078178,
        "calibratedProbability": 2.8018012
      }, {
        "latitudeE7": 522364460,
        "longitudeE7": 210160098,
        "placeId": "ChIJUxS7vYvMHkcR9YGrS4dkiao",
        "address": "Świętokrzyska 9, 00-049 Warszawa, Polska",
        "name": "Ziko Apteka",
        "locationConfidence": 1.7755749,
        "calibratedProbability": 1.6161535
      }, {
        "latitudeE7": 522368076,
        "longitudeE7": 210172161,
        "placeId": "ChIJI224g1_MHkcRTziMWjko1nw",
        "address": "Nowy Świat 0, 00-046 Warszawa, Polska",
        "name": "Nowy Świat-Uniwersytet",
        "locationConfidence": 0.8508758,
        "calibratedProbability": 0.7744792
      }, {
        "latitudeE7": 522364731,
        "longitudeE7": 210133960,
        "placeId": "ChIJqbFCDHnNHkcRap5AJVzxQno",
        "address": "Świętokrzyska 14, 00-050 Warszawa, Polska",
        "name": "Carrefour Express",
        "locationConfidence": 0.79318017,
        "calibratedProbability": 0.7219639
      }],
      "editConfirmationStatus": "NOT_CONFIRMED",
      "locationConfidence": 76,
      "placeVisitType": "SINGLE_PLACE",
      "placeVisitImportance": "MAIN"
    }
  }, {
    "activitySegment": {
      "startLocation": {
        "latitudeE7": 522366363,
        "longitudeE7": 210153992,
        "sourceInfo": {
          "deviceTag": 2038012174
        }
      },
      "endLocation": {
        "latitudeE7": 522378971,
        "longitudeE7": 210066561,
        "sourceInfo": {
          "deviceTag": 2038012174
        }
      },
      "duration": {
        "startTimestamp": "2021-12-26T17:51:02.847Z",
        "endTimestamp": "2021-12-26T17:59:08.942Z"
      },
      "distance": 611,
      "activityType": "WALKING",
      "confidence": "LOW",
      "activities": [{
        "activityType": "WALKING",
        "probability": 21.70977145433426
      }, {
        "activityType": "IN_BUS",
        "probability": 21.487562358379364
      }, {
        "activityType": "CYCLING",
        "probability": 21.476423740386963
      }, {
        "activityType": "IN_TRAM",
        "probability": 16.00271612405777
      }, {
        "activityType": "IN_PASSENGER_VEHICLE",
        "probability": 10.151345282793045
      }, {
        "activityType": "STILL",
        "probability": 6.452961266040802
      }, {
        "activityType": "IN_SUBWAY",
        "probability": 0.9883592836558819
      }, {
        "activityType": "IN_TRAIN",
        "probability": 0.772569514811039
      }, {
        "activityType": "RUNNING",
        "probability": 0.5933162290602922
      }, {
        "activityType": "MOTORCYCLING",
        "probability": 0.23710078094154596
      }, {
        "activityType": "IN_FERRY",
        "probability": 0.09135309956036508
      }, {
        "activityType": "SKIING",
        "probability": 0.023672943643759936
      }, {
        "activityType": "FLYING",
        "probability": 0.01200117330881767
      }, {
        "activityType": "SAILING",
        "probability": 8.435489689873066E-4
      }, {
        "activityType": "IN_VEHICLE",
        "probability": 1.2651953262832194E-6
      }],
      "waypointPath": {
        "waypoints": [{
          "latE7": 522365570,
          "lngE7": 210154418
        }, {
          "latE7": 522352066,
          "lngE7": 210084590
        }, {
          "latE7": 522379150,
          "lngE7": 210067405
        }],
        "source": "INFERRED",
        "distanceMeters": 827.2388914754742,
        "travelMode": "WALK",
        "confidence": 0.0
      }
    }
  }, {
    "activitySegment": {
      "startLocation": {
        "latitudeE7": 522346183,
        "longitudeE7": 209981118,
        "sourceInfo": {
          "deviceTag": 2038012174
        }
      },
      "endLocation": {
        "latitudeE7": 522352398,
        "longitudeE7": 210081239,
        "sourceInfo": {
          "deviceTag": 2038012174
        }
      },
      "duration": {
        "startTimestamp": "2021-12-29T17:02:09.659Z",
        "endTimestamp": "2021-12-29T17:13:00.067Z"
      },
      "distance": 829,
      "activityType": "WALKING",
      "confidence": "LOW",
      "activities": [{
        "activityType": "WALKING",
        "probability": 55.224770307540894
      }, {
        "activityType": "IN_SUBWAY",
        "probability": 29.402869939804077
      }, {
        "activityType": "STILL",
        "probability": 7.4166834354400635
      }, {
        "activityType": "IN_BUS",
        "probability": 2.097741886973381
      }, {
        "activityType": "IN_PASSENGER_VEHICLE",
        "probability": 1.7163418233394623
      }, {
        "activityType": "IN_TRAM",
        "probability": 1.6311997547745705
      }, {
        "activityType": "IN_TRAIN",
        "probability": 1.477122027426958
      }, {
        "activityType": "RUNNING",
        "probability": 0.5054251290857792
      }, {
        "activityType": "CYCLING",
        "probability": 0.441922340542078
      }, {
        "activityType": "MOTORCYCLING",
        "probability": 0.040520267793908715
      }, {
        "activityType": "IN_FERRY",
        "probability": 0.027139263693243265
      }, {
        "activityType": "FLYING",
        "probability": 0.015581300249323249
      }, {
        "activityType": "SAILING",
        "probability": 0.00245647388510406
      }, {
        "activityType": "SKIING",
        "probability": 2.2426377199735725E-4
      }, {
        "activityType": "IN_VEHICLE",
        "probability": 6.405366548278835E-6
      }],
      "simplifiedRawPath": {
        "points": [{
          "latE7": 522337636,
          "lngE7": 209977157,
          "accuracyMeters": 15,
          "timestamp": "2021-12-29T17:02:24.999Z"
        }],
        "source": "INFERRED",
        "distanceMeters": 826.3426417246849
      }
    }
  }, {
    "activitySegment": {
      "startLocation": {
        "latitudeE7": 522372810,
        "longitudeE7": 209974039,
        "sourceInfo": {
          "deviceTag": 2038012174
        }
      },
      "endLocation": {
        "latitudeE7": 522411652,
        "longitudeE7": 209358805,
        "sourceInfo": {
          "deviceTag": 2038012174
        }
      },
      "duration": {
        "startTimestamp": "2021-12-30T14:57:23.649Z",
        "endTimestamp": "2021-12-30T15:20:52Z"
      },
      "distance": 4211,
      "activityType": "IN_PASSENGER_VEHICLE",
      "confidence": "MEDIUM",
      "activities": [{
        "activityType": "IN_PASSENGER_VEHICLE",
        "probability": 67.84862875938416
      }, {
        "activityType": "STILL",
        "probability": 16.113275289535522
      }, {
        "activityType": "WALKING",
        "probability": 12.014937400817871
      }, {
        "activityType": "CYCLING",
        "probability": 1.9583864137530327
      }, {
        "activityType": "IN_BUS",
        "probability": 0.9526747278869152
      }, {
        "activityType": "MOTORCYCLING",
        "probability": 0.37994892336428165
      }, {
        "activityType": "RUNNING",
        "probability": 0.35976916551589966
      }, {
        "activityType": "IN_TRAM",
        "probability": 0.143364816904068
      }, {
        "activityType": "IN_FERRY",
        "probability": 0.08511457708664238
      }, {
        "activityType": "IN_SUBWAY",
        "probability": 0.057603814639151096
      }, {
        "activityType": "IN_TRAIN",
        "probability": 0.03098467132076621
      }, {
        "activityType": "FLYING",
        "probability": 0.023839360801503062
      }, {
        "activityType": "SKIING",
        "probability": 0.020467597641982138
      }, {
        "activityType": "SAILING",
        "probability": 0.011003571125911549
      }, {
        "activityType": "IN_VEHICLE",
        "probability": 1.8820800917751512E-6
      }],
      "waypointPath": {
        "waypoints": [{
          "latE7": 522373008,
          "lngE7": 209975261
        }, {
          "latE7": 522329139,
          "lngE7": 209987049
        }, {
          "latE7": 522371368,
          "lngE7": 210008583
        }, {
          "latE7": 522346878,
          "lngE7": 209908638
        }, {
          "latE7": 522346687,
          "lngE7": 209907817
        }, {
          "latE7": 522381134,
          "lngE7": 209560794
        }, {
          "latE7": 522411613,
          "lngE7": 209359283
        }],
        "source": "INFERRED",
        "roadSegment": [{
          "placeId": "ChIJGezNi4jMHkcRYgRVmQsQITE",
          "duration": "29s"
        }, {
          "placeId": "ChIJN1lq8ojMHkcRbO5-aA3oeyA",
          "duration": "16s"
        }, {
          "placeId": "ChIJ1zdW7ojMHkcR-oxNZfAkwI0",
          "duration": "9s"
        }, {
          "placeId": "ChIJ2ybN7ojMHkcRMIqoPLUyNPA",
          "duration": "9s"
        }, {
          "placeId": "ChIJv7mA6YjMHkcRIvH3mc7jlf8",
          "duration": "6s"
        }, {
          "placeId": "ChIJf6p_6ojMHkcRhSDgiDm7lDw",
          "duration": "10s"
        }, {
          "placeId": "ChIJ_ToGwIjMHkcR88FSV_CKOmI",
          "duration": "1s"
        }, {
          "placeId": "ChIJXSf0v4jMHkcRV5JPu6pG4v0",
          "duration": "1s"
        }, {
          "placeId": "ChIJC1GSv4jMHkcRAQ2x_byW-94",
          "duration": "1s"
        }, {
          "placeId": "ChIJieCCv4jMHkcRWfLLhXrTkiQ",
          "duration": "4s"
        }, {
          "placeId": "ChIJx7B0xojMHkcR-wK1tGglrpI",
          "duration": "18s"
        }, {
          "placeId": "ChIJU6X50ojMHkcR8-X6yIufZy4",
          "duration": "21s"
        }, {
          "placeId": "ChIJqaMxKI_MHkcRCzptqQzOeTU",
          "duration": "5s"
        }, {
          "placeId": "ChIJqaMxKI_MHkcRXjyx1pGTGpY",
          "duration": "12s"
        }, {
          "placeId": "ChIJd4om2Y7MHkcRzQ5b82VO_14",
          "duration": "6s"
        }, {
          "placeId": "ChIJUYtY547MHkcRSod2OgZlQto",
          "duration": "5s"
        }, {
          "placeId": "ChIJTx8S547MHkcR8sm4Ohhf8ZE",
          "duration": "0s"
        }, {
          "placeId": "ChIJS3IP547MHkcR-gXBdbHaFXI",
          "duration": "0s"
        }, {
          "placeId": "ChIJk10G547MHkcRODz-S-RdYm8",
          "duration": "0s"
        }, {
          "placeId": "ChIJBcck5o7MHkcRTCWvpk3uYm8",
          "duration": "6s"
        }, {
          "placeId": "ChIJu7YX6Y7MHkcRzcc-IiNR-Gk",
          "duration": "9s"
        }, {
          "placeId": "ChIJz__U647MHkcRgdduDAuzy5o",
          "duration": "0s"
        }, {
          "placeId": "ChIJPaAs6o7MHkcRDcgC1YdYXwM",
          "duration": "0s"
        }, {
          "placeId": "ChIJsTMs6o7MHkcRT3bgHcFtr2U",
          "duration": "0s"
        }, {
          "placeId": "ChIJ-1YN6o7MHkcRhfUcL5jupzU",
          "duration": "8s"
        }, {
          "placeId": "ChIJiw0l6I7MHkcRDcaVv6tJ2o8",
          "duration": "16s"
        }, {
          "placeId": "ChIJSQ2d1o7MHkcREppesfQB6_w",
          "duration": "5s"
        }, {
          "placeId": "ChIJ19Sr047MHkcRnZd4Tr_DjJs",
          "duration": "17s"
        }, {
          "placeId": "ChIJt_6VM4nMHkcRKpIuy5vu_mo",
          "duration": "22s"
        }, {
          "placeId": "ChIJH9umN4nMHkcRxi6N1iaua6Q",
          "duration": "1s"
        }, {
          "placeId": "ChIJj4kOR4nMHkcRLXtsE_JYtQU",
          "duration": "22s"
        }, {
          "placeId": "ChIJPaM2QonMHkcRxVmOq2T_HNE",
          "duration": "2s"
        }, {
          "placeId": "ChIJLyoVaInMHkcRtoLLt98uvww",
          "duration": "20s"
        }, {
          "placeId": "ChIJxdtIm4nMHkcRJVAYZDceOqI",
          "duration": "13s"
        }, {
          "placeId": "ChIJlSyfmonMHkcRFeYTuDzxYtI",
          "duration": "2s"
        }, {
          "placeId": "ChIJP-JzkInMHkcRIsC1v0OngMQ",
          "duration": "0s"
        }, {
          "placeId": "ChIJWWpRkInMHkcRg7EPriWyDBM",
          "duration": "8s"
        }, {
          "placeId": "ChIJW858kYnMHkcRZ5o_FN93c7Y",
          "duration": "4s"
        }, {
          "placeId": "ChIJ4bhFkYnMHkcRA5PMtafrEDI",
          "duration": "5s"
        }, {
          "placeId": "ChIJvXDSl4nMHkcR_cU6cAOHssw",
          "duration": "9s"
        }, {
          "placeId": "ChIJrbiqvInMHkcRs8qKBWIPE5A",
          "duration": "21s"
        }, {
          "placeId": "ChIJRchVqYnMHkcRWHZACByvOHA",
          "duration": "10s"
        }, {
          "placeId": "ChIJrSS7qonMHkcRKGeIzg2QVMI",
          "duration": "10s"
        }, {
          "placeId": "ChIJW5NS_ojMHkcRPjr6VtfPJmM",
          "duration": "4s"
        }, {
          "placeId": "ChIJcy3q_ojMHkcRcrgZDDYwqAY",
          "duration": "1s"
        }, {
          "placeId": "ChIJg1v3-4jMHkcRAEOin_68p0s",
          "duration": "8s"
        }, {
          "placeId": "ChIJU_Ao-4jMHkcRYDNKDdap-Ws",
          "duration": "8s"
        }, {
          "placeId": "ChIJfyKF74jMHkcRrj9Y60wiA18",
          "duration": "9s"
        }, {
          "placeId": "ChIJ2ybN7ojMHkcRMIqoPLUyNPA",
          "duration": "9s"
        }, {
          "placeId": "ChIJv7mA6YjMHkcRIvH3mc7jlf8",
          "duration": "6s"
        }, {
          "placeId": "ChIJf6p_6ojMHkcRhSDgiDm7lDw",
          "duration": "10s"
        }, {
          "placeId": "ChIJ_ToGwIjMHkcR88FSV_CKOmI",
          "duration": "1s"
        }, {
          "placeId": "ChIJXSf0v4jMHkcRV5JPu6pG4v0",
          "duration": "1s"
        }, {
          "placeId": "ChIJC1GSv4jMHkcRAQ2x_byW-94",
          "duration": "1s"
        }, {
          "placeId": "ChIJlZLtvojMHkcR9GKoqPHjLHU",
          "duration": "1s"
        }, {
          "placeId": "ChIJlZLtvojMHkcRr_OnSOAE2bI",
          "duration": "2s"
        }, {
          "placeId": "ChIJj4iXu4jMHkcR0ntYnxfrJOo",
          "duration": "6s"
        }, {
          "placeId": "ChIJ9Z8fu4jMHkcRSOs1F-rJm8c",
          "duration": "1s"
        }, {
          "placeId": "ChIJi2ozpYjMHkcRVNcaN3QcBRE",
          "duration": "4s"
        }, {
          "placeId": "ChIJNbt_r4jMHkcRcPmexJvIwSI",
          "duration": "6s"
        }, {
          "placeId": "ChIJESS2qIjMHkcRN9iBZH51p6U",
          "duration": "4s"
        }, {
          "placeId": "ChIJacWoqYjMHkcRbK2PaqJg4D4",
          "duration": "5s"
        }, {
          "placeId": "ChIJX_D2qYjMHkcR-GLG1zDqeJ4",
          "duration": "1s"
        }, {
          "placeId": "ChIJuxYBqojMHkcRndPd7t6N728",
          "duration": "1s"
        }, {
          "placeId": "ChIJAW_jAIbMHkcRujU3FozUhw8",
          "duration": "9s"
        }, {
          "placeId": "ChIJBQAp_YXMHkcRItrl8Vo6c64",
          "duration": "9s"
        }, {
          "placeId": "ChIJ53Ih5IXMHkcRNl7nDztb8aE",
          "duration": "9s"
        }, {
          "placeId": "ChIJCddF5oXMHkcRjDxHRMbg_zg",
          "duration": "4s"
        }, {
          "placeId": "ChIJ6X3h54XMHkcRwGfYZGIXRvQ",
          "duration": "5s"
        }, {
          "placeId": "ChIJo7iPw4XMHkcR_j09NDzXrSA",
          "duration": "6s"
        }, {
          "placeId": "ChIJo7iPw4XMHkcRI9lNECPBVHw",
          "duration": "13s"
        }, {
          "placeId": "ChIJMSNqxoXMHkcR8uOgeMZsiOw",
          "duration": "4s"
        }, {
          "placeId": "ChIJR0gL0oXMHkcR3BtYVx82LmM",
          "duration": "2s"
        }, {
          "placeId": "ChIJcTxp0oXMHkcRrkPhqsmGrQk",
          "duration": "4s"
        }, {
          "placeId": "ChIJfe760oXMHkcRCnHo59tYv0M",
          "duration": "2s"
        }, {
          "placeId": "ChIJHY8h04XMHkcRNBWN4lG2k-Q",
          "duration": "5s"
        }, {
          "placeId": "ChIJHY8h04XMHkcRRsgvmkXLGLg",
          "duration": "10s"
        }, {
          "placeId": "ChIJ_UixK4TMHkcRcYv1Ee0SU0o",
          "duration": "0s"
        }, {
          "placeId": "ChIJY6sLgobMHkcRbVNwt8rea9o",
          "duration": "9s"
        }, {
          "placeId": "ChIJn6-gnIbMHkcR6dUWDU46Dv8",
          "duration": "10s"
        }, {
          "placeId": "ChIJg38xmobMHkcRBcZQz9AU_c4",
          "duration": "2s"
        }, {
          "placeId": "ChIJ6zGfl4bMHkcRleG4TO1jdZA",
          "duration": "8s"
        }, {
          "placeId": "ChIJnbDdvYbMHkcRcc-4sGvxHzg",
          "duration": "2s"
        }, {
          "placeId": "ChIJTYmJvobMHkcRSGJIRkgGtuI",
          "duration": "0s"
        }, {
          "placeId": "ChIJdZnovobMHkcREue1FM5suKY",
          "duration": "2s"
        }, {
          "placeId": "ChIJ1SeFuIbMHkcRKlW9X2SVSwY",
          "duration": "8s"
        }, {
          "placeId": "ChIJq0XKzobMHkcRnuTCC70KSY0",
          "duration": "4s"
        }, {
          "placeId": "ChIJq0XKzobMHkcRQtk0cZQ3zhc",
          "duration": "10s"
        }, {
          "placeId": "ChIJ7SZZzYbMHkcRbHACK2HoY-w",
          "duration": "5s"
        }, {
          "placeId": "ChIJPWYWLYHMHkcR9Bidf2EtTUk",
          "duration": "4s"
        }, {
          "placeId": "ChIJvV2-3YDMHkcRhNoR-0ZL9EU",
          "duration": "1s"
        }, {
          "placeId": "ChIJO7yE3YDMHkcR2KRXd_AQfN8",
          "duration": "0s"
        }, {
          "placeId": "ChIJ7V6A54DMHkcROlJngJo86ec",
          "duration": "1s"
        }, {
          "placeId": "ChIJjYSA4oDMHkcRfa3FmcziD7w",
          "duration": "14s"
        }, {
          "placeId": "ChIJjYSA4oDMHkcR2EspceennMQ",
          "duration": "13s"
        }, {
          "placeId": "ChIJGbd2BoHMHkcRljAGwuobrVQ",
          "duration": "2s"
        }, {
          "placeId": "ChIJof4UCIHMHkcR7Lu67A0Izq4",
          "duration": "5s"
        }, {
          "placeId": "ChIJtyvbpoHMHkcR0lxpp3svVDY",
          "duration": "4s"
        }, {
          "placeId": "ChIJm5K_o4HMHkcRLgmnL10F7WY",
          "duration": "4s"
        }, {
          "placeId": "ChIJm4LdooHMHkcRCpYYARdTyjQ",
          "duration": "1s"
        }, {
          "placeId": "ChIJG-w6loHMHkcRo0Gi-D-RiWg",
          "duration": "10s"
        }, {
          "placeId": "ChIJ_1vxlIHMHkcRWo-kO4EupLQ",
          "duration": "2s"
        }, {
          "placeId": "ChIJ7_-Z7IHMHkcRngkyF5_GZKQ",
          "duration": "10s"
        }, {
          "placeId": "ChIJA74G-4HMHkcRuqpR0O4aAAY",
          "duration": "2s"
        }, {
          "placeId": "ChIJtVaf-4HMHkcRiq9SoQ1xkMM",
          "duration": "2s"
        }, {
          "placeId": "ChIJiW8V_IHMHkcRcrbcTYOoZ9E",
          "duration": "9s"
        }, {
          "placeId": "ChIJaRuQAX7LHkcRrjWmRueor7s",
          "duration": "18s"
        }, {
          "placeId": "ChIJvSbeBn7LHkcR6vPQGDn1XwI",
          "duration": "2s"
        }, {
          "placeId": "ChIJo_ilB37LHkcRbQT91mTTLqc",
          "duration": "2s"
        }, {
          "placeId": "ChIJkRQeCH7LHkcRFwn65wEUoto",
          "duration": "12s"
        }, {
          "placeId": "ChIJYWLB3X3LHkcR59cnx-UOpnk",
          "duration": "29s"
        }, {
          "placeId": "ChIJyXD3zn3LHkcRZ4LpqkPn8IA",
          "duration": "4s"
        }, {
          "placeId": "ChIJyXD3zn3LHkcR1PMiyQShxYs",
          "duration": "2s"
        }, {
          "placeId": "ChIJux-fzn3LHkcROm5hOH5Vs3U",
          "duration": "2s"
        }, {
          "placeId": "ChIJ40QZzH3LHkcRP_jKSJwzErM",
          "duration": "0s"
        }, {
          "placeId": "ChIJ61mWNXzLHkcRzqDC4F7jZKA",
          "duration": "2s"
        }, {
          "placeId": "ChIJ61mWNXzLHkcRxfAmXwkq-Gk",
          "duration": "1s"
        }, {
          "placeId": "ChIJd-KrSXzLHkcRohzFrq-mFIQ",
          "duration": "1s"
        }, {
          "placeId": "ChIJd-KrSXzLHkcRxYEdHQauTBE",
          "duration": "5s"
        }, {
          "placeId": "ChIJe1b-SHzLHkcRi0IMeqZno7E",
          "duration": "1s"
        }, {
          "placeId": "ChIJE_WUSHzLHkcR6aJJbJdV2nA",
          "duration": "4s"
        }, {
          "placeId": "ChIJ-bSCRHzLHkcRHCT0lCei9jo",
          "duration": "1s"
        }, {
          "placeId": "ChIJ-bSCRHzLHkcRrVMX2WL8YLM",
          "duration": "6s"
        }, {
          "placeId": "ChIJm4ReXXzLHkcR8aCxw1z1BcI",
          "duration": "1s"
        }, {
          "placeId": "ChIJqzifZnzLHkcR7vYM_XIhedk",
          "duration": "6s"
        }, {
          "placeId": "ChIJY1toY3zLHkcREi9thxLU9L0",
          "duration": "2s"
        }, {
          "placeId": "ChIJjarafHzLHkcR_MF1GgLtuEk",
          "duration": "8s"
        }, {
          "placeId": "ChIJn0wffnzLHkcRwEFLK_pzxWw",
          "duration": "10s"
        }, {
          "placeId": "ChIJtbrWfnvLHkcRZ3d9V2FJ90A",
          "duration": "5s"
        }, {
          "placeId": "ChIJtbrWfnvLHkcRIDhq9BMNui8",
          "duration": "0s"
        }, {
          "placeId": "ChIJpcypdHvLHkcRvpWyeECo7Js",
          "duration": "18s"
        }, {
          "placeId": "ChIJpcypdHvLHkcREjhtoqI2Ejg",
          "duration": "4s"
        }, {
          "placeId": "ChIJkxqFA3vLHkcRdKfUtT6Jodo",
          "duration": "13s"
        }, {
          "placeId": "ChIJkxqFA3vLHkcR51paREX_Erk",
          "duration": "6s"
        }, {
          "placeId": "ChIJSycL_XrLHkcRYTwMbCQZqhs",
          "duration": "1s"
        }, {
          "placeId": "ChIJ7xLx_HrLHkcRRv6Cxg8I7qQ",
          "duration": "4s"
        }, {
          "placeId": "ChIJ65zv8XrLHkcRVqHjRZhB-xU",
          "duration": "26s"
        }, {
          "placeId": "ChIJK-AUkHrLHkcRKhWQCRdKh-s",
          "duration": "9s"
        }, {
          "placeId": "ChIJFwZ9m3rLHkcRPQVutvty0O0",
          "duration": "1s"
        }, {
          "placeId": "ChIJ8UvqcXDLHkcRdtbqFYY92KY",
          "duration": "16s"
        }, {
          "placeId": "ChIJ8UvqcXDLHkcRe-XJH6Qga68",
          "duration": "6s"
        }, {
          "placeId": "ChIJpTj4RnDLHkcRzxcHN77jXl8",
          "duration": "13s"
        }, {
          "placeId": "ChIJ9wJwtXHLHkcRnduTZ44dRME",
          "duration": "9s"
        }, {
          "placeId": "ChIJ9wJwtXHLHkcRj3IGDkH5YXE",
          "duration": "12s"
        }, {
          "placeId": "ChIJRTF_uHHLHkcRCZ6s1TqF30s",
          "duration": "12s"
        }, {
          "placeId": "ChIJNRUhwHHLHkcRACQdOPS5FCs",
          "duration": "1s"
        }, {
          "placeId": "ChIJNRUhwHHLHkcRXMN8IRsKrSg",
          "duration": "5s"
        }, {
          "placeId": "ChIJu9SM6nHLHkcRYBihxVQuOwk",
          "duration": "2s"
        }, {
          "placeId": "ChIJl7E08nHLHkcR9XfZN3V2skk",
          "duration": "12s"
        }, {
          "placeId": "ChIJcZDZHXLLHkcRacb6IiqGsN0",
          "duration": "5s"
        }, {
          "placeId": "ChIJ_WadEXLLHkcRrjCaxWEI9No",
          "duration": "6s"
        }, {
          "placeId": "ChIJBcwpE3LLHkcRBYHOIoEcuSw",
          "duration": "2s"
        }, {
          "placeId": "ChIJBcwpE3LLHkcREYyXZcrnJ64",
          "duration": "4s"
        }, {
          "placeId": "ChIJew3IZHLLHkcR-fq0W7yUG5E",
          "duration": "2s"
        }, {
          "placeId": "ChIJLRBRY3LLHkcRSqeG-zfykCo",
          "duration": "18s"
        }, {
          "placeId": "ChIJLRBRY3LLHkcReZtht82Otpo",
          "duration": "1s"
        }, {
          "placeId": "ChIJcacqY3LLHkcRUAOZ9mLkBcY",
          "duration": "2s"
        }, {
          "placeId": "ChIJD6TthXLLHkcR8a2auYfFL3k",
          "duration": "1s"
        }, {
          "placeId": "ChIJbzJ1hXLLHkcRAsysBUTPyFo",
          "duration": "13s"
        }, {
          "placeId": "ChIJUyFZonLLHkcRoY2EmOtS3Wo",
          "duration": "6s"
        }, {
          "placeId": "ChIJUyFZonLLHkcRUdXcrd_rV4w",
          "duration": "4s"
        }, {
          "placeId": "ChIJAxmVpXLLHkcRjqcGX5V2jyE",
          "duration": "8s"
        }, {
          "placeId": "ChIJAxmVpXLLHkcRU9LI3VZj6xc",
          "duration": "6s"
        }, {
          "placeId": "ChIJm_qArHLLHkcRUtj3ro-3-BA",
          "duration": "6s"
        }, {
          "placeId": "ChIJm_qArHLLHkcRLORxnyt7Riw",
          "duration": "4s"
        }, {
          "placeId": "ChIJU2mmVg3LHkcR-5qFjBlhntQ",
          "duration": "1s"
        }, {
          "placeId": "ChIJU2mmVg3LHkcRCCFuJgq4BeU",
          "duration": "10s"
        }, {
          "placeId": "ChIJF4gYWA3LHkcRnpQop51NNek",
          "duration": "9s"
        }, {
          "placeId": "ChIJY6KeWA3LHkcRxc2N9CDNmIs",
          "duration": "8s"
        }, {
          "placeId": "ChIJyTbIXw3LHkcRW9ajES64X2c",
          "duration": "5s"
        }, {
          "placeId": "ChIJyTbIXw3LHkcRgePN1-APbfo",
          "duration": "1s"
        }, {
          "placeId": "ChIJZWiQYQ3LHkcRksJcoFjD-mU",
          "duration": "5s"
        }, {
          "placeId": "ChIJZWiQYQ3LHkcRWelQle5cUCs",
          "duration": "2s"
        }, {
          "placeId": "ChIJ5S1InBLLHkcRSyV30X0VozI",
          "duration": "8s"
        }, {
          "placeId": "ChIJLRyigRLLHkcRQppVS49G5BM",
          "duration": "8s"
        }, {
          "placeId": "ChIJLRyigRLLHkcRrmueMSvAj_c",
          "duration": "5s"
        }, {
          "placeId": "ChIJNW3EfhLLHkcRvfOBvIPvc7E",
          "duration": "8s"
        }, {
          "placeId": "ChIJcZZadhLLHkcRS7LaBRatAH8",
          "duration": "6s"
        }, {
          "placeId": "ChIJZaLLdRLLHkcRsyNJQd35_ko",
          "duration": "0s"
        }, {
          "placeId": "ChIJZaLLdRLLHkcR0D3FRgpaEr8",
          "duration": "5s"
        }, {
          "placeId": "ChIJF6sNCxLLHkcR2D_tmItAydE",
          "duration": "2s"
        }, {
          "placeId": "ChIJF6sNCxLLHkcRjEuAZAKnMeM",
          "duration": "8s"
        }, {
          "placeId": "ChIJFbErCRLLHkcRjRMKG2YlVg8",
          "duration": "0s"
        }, {
          "placeId": "ChIJb1DXCBLLHkcRshyYBCbiA-s",
          "duration": "1s"
        }, {
          "placeId": "ChIJb1DXCBLLHkcR9sKFoIQnILY",
          "duration": "0s"
        }, {
          "placeId": "ChIJFe_ZBRLLHkcROi-_pI7G37o",
          "duration": "2s"
        }, {
          "placeId": "ChIJFe_ZBRLLHkcR06hw-koO_w8",
          "duration": "4s"
        }, {
          "placeId": "ChIJxZ-bBhLLHkcR8sLw9KWJLPk",
          "duration": "4s"
        }, {
          "placeId": "ChIJz6Vo-BHLHkcR_HMs0bteZRo",
          "duration": "13s"
        }, {
          "placeId": "ChIJCd6_-BHLHkcRBGY8x7lFAwk",
          "duration": "9s"
        }, {
          "placeId": "ChIJFd9K5BHLHkcR1RNGKFl9_ck",
          "duration": "9s"
        }, {
          "placeId": "ChIJNVA35BHLHkcR_pLoIMFyKWo",
          "duration": "2s"
        }, {
          "placeId": "ChIJN5sF5BHLHkcRmRfwY_LqZEE",
          "duration": "2s"
        }, {
          "placeId": "ChIJb9p44RHLHkcR3cT9dV2dTgI",
          "duration": "8s"
        }, {
          "placeId": "ChIJ12T2GA7LHkcRyf0WkjcfMXM",
          "duration": "17s"
        }],
        "distanceMeters": 6606.20110765124,
        "travelMode": "DRIVE",
        "confidence": 0.9994367338539446
      },
      "simplifiedRawPath": {
        "points": [{
          "latE7": 522375336,
          "lngE7": 210006409,
          "accuracyMeters": 64,
          "timestamp": "2021-12-30T14:59:43.502Z"
        }, {
          "latE7": 522346878,
          "lngE7": 209908829,
          "accuracyMeters": 11,
          "timestamp": "2021-12-30T15:05:19Z"
        }]
      },
      "parkingEvent": {
        "location": {
          "latitudeE7": 522414189,
          "longitudeE7": 209348359,
          "accuracyMetres": 17
        },
        "method": "EXITING_VEHICLE_SIGNAL",
        "locationSource": "NOT_FROM_RAW_LOCATION",
        "timestamp": "2021-12-30T15:21:57.602Z"
      }
    }
  }, {
    "activitySegment": {
      "startLocation": {
        "latitudeE7": 522407151,
        "longitudeE7": 209356854,
        "sourceInfo": {
          "deviceTag": 2038012174
        }
      },
      "endLocation": {
        "latitudeE7": 522376261,
        "longitudeE7": 209819855,
        "sourceInfo": {
          "deviceTag": 2038012174
        }
      },
      "duration": {
        "startTimestamp": "2021-12-30T17:17:28.058Z",
        "endTimestamp": "2021-12-30T17:27:17.999Z"
      },
      "distance": 3171,
      "activityType": "IN_PASSENGER_VEHICLE",
      "confidence": "HIGH",
      "activities": [{
        "activityType": "IN_PASSENGER_VEHICLE",
        "probability": 86.74997687339783
      }, {
        "activityType": "WALKING",
        "probability": 7.191900163888931
      }, {
        "activityType": "STILL",
        "probability": 4.006179794669151
      }, {
        "activityType": "CYCLING",
        "probability": 0.6850712466984987
      }, {
        "activityType": "IN_BUS",
        "probability": 0.6087613757699728
      }, {
        "activityType": "RUNNING",
        "probability": 0.21614448633044958
      }, {
        "activityType": "MOTORCYCLING",
        "probability": 0.16482770442962646
      }, {
        "activityType": "IN_FERRY",
        "probability": 0.15340786194428802
      }, {
        "activityType": "IN_TRAM",
        "probability": 0.10604106355458498
      }, {
        "activityType": "FLYING",
        "probability": 0.038675442920066416
      }, {
        "activityType": "SKIING",
        "probability": 0.03045333724003285
      }, {
        "activityType": "IN_SUBWAY",
        "probability": 0.02492290805093944
      }, {
        "activityType": "SAILING",
        "probability": 0.012869905913248658
      }, {
        "activityType": "IN_TRAIN",
        "probability": 0.010767431376734748
      }, {
        "activityType": "IN_VEHICLE",
        "probability": 1.5327758617900145E-6
      }]
    }
  }]
}