{
  "timelineObjects": [{
    "placeVisit": {
      "location": {
        "latitudeE7": 520825219,
        "longitudeE7": 210569477,
        "placeId": "ChIJCfAFe2MuGUcRVWIdfPikSiY",
        "address": "Tujowa 4, 05-500 Piaseczno, Polska",
        "semanticType": "TYPE_SEARCHED_ADDRESS",
        "sourceInfo": {
          "deviceTag": 2038012174
        },
        "locationConfidence": 90.65698,
        "calibratedProbability": 78.038666
      },
      "duration": {
        "startTimestamp": "2021-09-03T19:30:15.999Z",
        "endTimestamp": "2021-09-04T02:46:44.695Z"
      },
      "placeConfidence": "HIGH_CONFIDENCE",
      "centerLatE7": 520825000,
      "centerLngE7": 210569300,
      "visitConfidence": 85,
      "otherCandidateLocations": [{
        "latitudeE7": 520824973,
        "longitudeE7": 210578292,
        "placeId": "ChIJPXkYbmMuGUcRmBawZnPv7Xk",
        "address": "Tujowa 12, 05-500 Piaseczno, Polska",
        "name": "Kwatery Pracownicze \"Instalator\" Bożena Michalska",
        "locationConfidence": 0.7498308,
        "calibratedProbability": 0.6454637
      }, {
        "latitudeE7": 520832360,
        "longitudeE7": 210549254,
        "placeId": "ChIJ-xFQj68vGUcRWnbwqlOMl5g",
        "address": "Przesmyckiego 48, 05-500 Piaseczno, Polska",
        "name": "La Cucina Bella",
        "locationConfidence": 0.4931095,
        "calibratedProbability": 0.4244748
      }, {
        "latitudeE7": 520832112,
        "longitudeE7": 210567181,
        "placeId": "ChIJpbMsnmQuGUcRCbDge9TzbuQ",
        "address": "Przesmyckiego 58, 05-500 Piaseczno, Polska",
        "name": "MAG-POL BIS GRZEGORZ MAGDZIARZ",
        "locationConfidence": 0.3686832,
        "calibratedProbability": 0.3173671
      }, {
        "latitudeE7": 520831035,
        "longitudeE7": 210546668,
        "placeId": "ChIJVdwp2p4tGUcRK6d8ZoyZOeU",
        "address": "Przesmyckiego 46a, 05-500 Piaseczno, Polska",
        "name": "Testa. Urządzanie i pielęgnacja zieleni. Świerzbińska T.",
        "locationConfidence": 0.13225333,
        "calibratedProbability": 0.113845326
      }],
      "editConfirmationStatus": "NOT_CONFIRMED",
      "locationConfidence": 76,
      "placeVisitType": "SINGLE_PLACE",
      "placeVisitImportance": "MAIN"
    }
  }, {
    "activitySegment": {
      "startLocation": {
        "latitudeE7": 520833071,
        "longitudeE7": 210567765,
        "sourceInfo": {
          "deviceTag": 2038012174
        }
      },
      "endLocation": {
        "latitudeE7": 520824986,
        "longitudeE7": 210277274,
        "sourceInfo": {
          "deviceTag": 2038012174
        }
      },
      "duration": {
        "startTimestamp": "2021-09-04T02:46:44.695Z",
        "endTimestamp": "2021-09-04T02:51:33.930Z"
      },
      "distance": 1987,
      "activityType": "IN_PASSENGER_VEHICLE",
      "confidence": "HIGH",
      "activities": [{
        "activityType": "IN_PASSENGER_VEHICLE",
        "probability": 90.64844846725464
      }, {
        "activityType": "STILL",
        "probability": 3.4682340919971466
      }, {
        "activityType": "IN_BUS",
        "probability": 3.0156007036566734
      }, {
        "activityType": "WALKING",
        "probability": 1.5553880482912064
      }, {
        "activityType": "CYCLING",
        "probability": 0.6145196966826916
      }, {
        "activityType": "MOTORCYCLING",
        "probability": 0.2931341528892517
      }, {
        "activityType": "IN_TRAM",
        "probability": 0.1555464114062488
      }, {
        "activityType": "IN_SUBWAY",
        "probability": 0.07227081805467606
      }, {
        "activityType": "IN_TRAIN",
        "probability": 0.053711747750639915
      }, {
        "activityType": "IN_FERRY",
        "probability": 0.04602271365001798
      }, {
        "activityType": "RUNNING",
        "probability": 0.03845777246169746
      }, {
        "activityType": "FLYING",
        "probability": 0.02824034891091287
      }, {
        "activityType": "SKIING",
        "probability": 0.007993523468030617
      }, {
        "activityType": "SAILING",
        "probability": 0.0024334294721484184
      }, {
        "activityType": "IN_VEHICLE",
        "probability": 3.711470464295985E-7
      }]
    }
  }, {
    "placeVisit": {
      "location": {
        "latitudeE7": 522372314,
        "longitudeE7": 209991506,
        "placeId": "ChIJH20zWIjMHkcRRriKyIf-kfQ",
        "address": "Grzybowska 16/22, 00-132 Warszawa, Polska",
        "name": "22",
        "semanticType": "TYPE_HOME",
        "sourceInfo": {
          "deviceTag": 2038012174
        },
        "locationConfidence": 89.12541,
        "calibratedProbability": 55.742973
      },
      "duration": {
        "startTimestamp": "2021-09-11T07:56:40.448Z",
        "endTimestamp": "2021-09-11T08:00:12.011Z"
      },
      "placeConfidence": "MEDIUM_CONFIDENCE",
      "centerLatE7": 522369809,
      "centerLngE7": 209991425,
      "visitConfidence": 69,
      "otherCandidateLocations": [{
        "latitudeE7": 522372498,
        "longitudeE7": 209998896,
        "placeId": "ChIJ_5GtRYjMHkcRZ2AReH2lFh4",
        "address": "Grzybowska 12/14, 00-131 Warszawa, Polska",
        "name": "Biedronka",
        "locationConfidence": 7.7258935,
        "calibratedProbability": 4.832115
      }, {
        "latitudeE7": 522389739,
        "longitudeE7": 209981910,
        "placeId": "ChIJlcMkBQPNHkcRDcbxmm7alPo",
        "address": "plac Mirowski 1, 00-138 Warszawa, Polska",
        "name": "Łowickie ™",
        "locationConfidence": 0.8680311,
        "calibratedProbability": 0.54290503
      }, {
        "latitudeE7": 522382314,
        "longitudeE7": 209992694,
        "placeId": "ChIJSZsqOIjMHkcRRJgOnGntKoo",
        "address": "plac Mirowski 1, 00-138 Warszawa, Polska",
        "name": "Park Mirowski",
        "locationConfidence": 0.4575016,
        "calibratedProbability": 0.28614172
      }, {
        "latitudeE7": 522368376,
        "longitudeE7": 209994409,
        "placeId": "ChIJH20zWIjMHkcRvnafsP1xZKE",
        "address": "Grzybowska 16/22, 00-132 Warszawa, Poland",
        "name": "Spółka Lekarska Sp. z o.o.",
        "locationConfidence": 0.40368834,
        "calibratedProbability": 0.25248453
      }],
      "editConfirmationStatus": "NOT_CONFIRMED",
      "locationConfidence": 74,
      "placeVisitType": "SINGLE_PLACE",
      "placeVisitImportance": "MAIN"
    }
  }, {
    "activitySegment": {
      "startLocation": {
        "latitudeE7": 522365214,
        "longitudeE7": 209990792,
        "sourceInfo": {
          "deviceTag": 2038012174
        }
      },
      "endLocation": {
        "latitudeE7": 522359417,
        "longitudeE7": 209943614,
        "sourceInfo": {
          "deviceTag": 2038012174
        }
      },
      "duration": {
        "startTimestamp": "2021-09-11T08:00:12.011Z",
        "endTimestamp": "2021-09-11T08:04:09.419Z"
      },
      "distance": 522,
      "activityType": "WALKING",
      "confidence": "HIGH",
      "activities": [{
        "activityType": "WALKING",
        "probability": 78.0199944972992
      }, {
        "activityType": "STILL",
        "probability": 7.651432603597641
      }, {
        "activityType": "CYCLING",
        "probability": 4.045608639717102
      }, {
        "activityType": "RUNNING",
        "probability": 2.15265154838562
      }, {
        "activityType": "IN_SUBWAY",
        "probability": 2.0841073244810104
      }, {
        "activityType": "IN_PASSENGER_VEHICLE",
        "probability": 1.7729314044117928
      }, {
        "activityType": "IN_TRAM",
        "probability": 1.7416909337043762
      }, {
        "activityType": "IN_BUS",
        "probability": 1.6913199797272682
      }, {
        "activityType": "IN_TRAIN",
        "probability": 0.6709002889692783
      }, {
        "activityType": "MOTORCYCLING",
        "probability": 0.07959509966894984
      }, {
        "activityType": "IN_FERRY",
        "probability": 0.0703833473380655
      }, {
        "activityType": "FLYING",
        "probability": 0.01192514318972826
      }, {
        "activityType": "SKIING",
        "probability": 0.00418057716160547
      }, {
        "activityType": "SAILING",
        "probability": 0.0032775424188002944
      }, {
        "activityType": "IN_VEHICLE",
        "probability": 2.479860938819911E-6
      }],
      "simplifiedRawPath": {
        "points": [{
          "latE7": 522360204,
          "lngE7": 209981213,
          "accuracyMeters": 99,
          "timestamp": "2021-09-11T08:00:53.049Z"
        }, {
          "latE7": 522359251,
          "lngE7": 209967387,
          "accuracyMeters": 14,
          "timestamp": "2021-09-11T08:01:18.999Z"
        }, {
          "latE7": 522360265,
          "lngE7": 209967785,
          "accuracyMeters": 8,
          "timestamp": "2021-09-11T08:01:42.999Z"
        }, {
          "latE7": 522361826,
          "lngE7": 209969031,
          "accuracyMeters": 24,
          "timestamp": "2021-09-11T08:01:53.720Z"
        }, {
          "latE7": 522359495,
          "lngE7": 209965090,
          "accuracyMeters": 9,
          "timestamp": "2021-09-11T08:01:58.999Z"
        }, {
          "latE7": 522358598,
          "lngE7": 209961321,
          "accuracyMeters": 7,
          "timestamp": "2021-09-11T08:02:27.495Z"
        }, {
          "latE7": 522359857,
          "lngE7": 209959923,
          "accuracyMeters": 13,
          "timestamp": "2021-09-11T08:02:42.372Z"
        }, {
          "latE7": 522355866,
          "lngE7": 209948301,
          "accuracyMeters": 10,
          "timestamp": "2021-09-11T08:03:27.926Z"
        }, {
          "latE7": 522358238,
          "lngE7": 209946215,
          "accuracyMeters": 6,
          "timestamp": "2021-09-11T08:03:44.808Z"
        }, {
          "latE7": 522362834,
          "lngE7": 209942339,
          "accuracyMeters": 19,
          "timestamp": "2021-09-11T08:04:03.360Z"
        }],
        "source": "INFERRED",
        "distanceMeters": 516.9893358193196
      }
    }
  }, {
    "placeVisit": {
      "location": {
        "latitudeE7": 514092254,
        "longitudeE7": 196533494,
        "placeId": "ChIJTc3mc3EgGkcRnmnef39_Mcc",
        "address": "Folwarczna 12G, 97-320 Piotrków Trybunalski, Polska",
        "semanticType": "TYPE_SEARCHED_ADDRESS",
        "sourceInfo": {
          "deviceTag": 2038012174
        },
        "locationConfidence": 95.244316,
        "calibratedProbability": 72.26092
      },
      "duration": {
        "startTimestamp": "2021-09-12T14:47:10Z",
        "endTimestamp": "2021-09-12T14:49:57Z"
      },
      "placeConfidence": "HIGH_CONFIDENCE",
      "centerLatE7": 514084032,
      "centerLngE7": 196517760,
      "visitConfidence": 76,
      "otherCandidateLocations": [{
        "latitudeE7": 514086111,
        "longitudeE7": 196550000,
        "placeId": "ChIJ0TbXWnEgGkcREcYpgyQdBeg",
        "address": "Folwarczna 8, 97-300 Piotrków Trybunalski, Polska",
        "name": "FunCity Centrum Edukacyjno-Rozrywkowe dla Dzieci",
        "locationConfidence": 0.8426593,
        "calibratedProbability": 0.6393173
      }, {
        "latitudeE7": 514113705,
        "longitudeE7": 196505601,
        "placeId": "ChIJRUhExQMhGkcRPfV3Dopkr3A",
        "address": "Juliusza Słowackiego 209 A, 97-300 Piotrków Trybunalski, Polska",
        "name": "Autos Piotrków Trybunalski - części do samochodów ciężarowych",
        "locationConfidence": 0.42461544,
        "calibratedProbability": 0.32215154
      }, {
        "latitudeE7": 514093420,
        "longitudeE7": 196537811,
        "placeId": "ChIJ47WDcnEgGkcR_LaJ1_9Yv5Y",
        "address": "Folwarczna 12b, 97-300 Piotrków Trybunalski, Polska",
        "name": "Zielonka Piotr. Oprogramowanie komputerowe",
        "locationConfidence": 0.29118463,
        "calibratedProbability": 0.2209189
      }, {
        "latitudeE7": 514075382,
        "longitudeE7": 196520076,
        "placeId": "ChIJfQWCznMgGkcRzKE70HuMYbY",
        "address": "Aleje Generała Władysława Sikorskiego 40, 97-300 Piotrków Trybunalski, Polska",
        "name": "AMD System",
        "locationConfidence": 0.11289171,
        "calibratedProbability": 0.085649826
      }],
      "editConfirmationStatus": "NOT_CONFIRMED",
      "locationConfidence": 81,
      "placeVisitType": "SINGLE_PLACE",
      "placeVisitImportance": "MAIN"
    }
  }, {
    "activitySegment": {
      "startLocation": {
        "latitudeE7": 514091352,
        "longitudeE7": 196535444,
        "sourceInfo": {
          "deviceTag": 2038012174
        }
      },
      "endLocation": {
        "latitudeE7": 514084441,
        "longitudeE7": 196462765,
        "sourceInfo": {
          "deviceTag": 2038012174
        }
      },
      "duration": {
        "startTimestamp": "2021-09-12T14:49:57Z",
        "endTimestamp": "2021-09-12T14:51:17Z"
      },
      "distance": 577,
      "activityType": "IN_PASSENGER_VEHICLE",
      "confidence": "HIGH",
      "activities": [{
        "activityType": "IN_PASSENGER_VEHICLE",
        "probability": 93.60738396644592
      }, {
        "activityType": "WALKING",
        "probability": 3.8556963205337524
      }, {
        "activityType": "STILL",
        "probability": 1.808309182524681
      }, {
        "activityType": "CYCLING",
        "probability": 0.34160062205046415
      }, {
        "activityType": "MOTORCYCLING",
        "probability": 0.20607144106179476
      }, {
        "activityType": "RUNNING",
        "probability": 0.07700681453570724
      }, {
        "activityType": "IN_BUS",
        "probability": 0.04138006188441068
      }, {
        "activityType": "IN_FERRY",
        "probability": 0.02881690743379295
      }, {
        "activityType": "FLYING",
        "probability": 0.0125102698802948
      }, {
        "activityType": "SKIING",
        "probability": 0.0059179488744121045
      }, {
        "activityType": "IN_TRAM",
        "probability": 0.0046731423935852945
      }, {
        "activityType": "SAILING",
        "probability": 0.003833848677459173
      }, {
        "activityType": "IN_TRAIN",
        "probability": 0.0035182307328796014
      }, {
        "activityType": "IN_SUBWAY",
        "probability": 0.0032794938306324184
      }, {
        "activityType": "IN_VEHICLE",
        "probability": 1.1173154623733694E-7
      }],
      "waypointPath": {
        "waypoints": [{
          "latE7": 514091339,
          "lngE7": 196535129
        }, {
          "latE7": 514084281,
          "lngE7": 196468048
        }, {
          "latE7": 514084358,
          "lngE7": 196462764
        }],
        "source": "INFERRED",
        "roadSegment": [{
          "placeId": "ChIJoxORcXEgGkcRst3uKhGCOPo",
          "duration": "17s"
        }, {
          "placeId": "ChIJ6ycKfXEgGkcRndCi4Of3ss0",
          "duration": "10s"
        }, {
          "placeId": "ChIJte8-KnIgGkcR3U7_uJd9kdk",
          "duration": "12s"
        }, {
          "placeId": "ChIJncPqJnIgGkcRFGN0IvI4pqM",
          "duration": "6s"
        }, {
          "placeId": "ChIJU0YXBXIgGkcR5lbWmBkLhjQ",
          "duration": "25s"
        }, {
          "placeId": "ChIJjSj07m0gGkcROOW3_PgQDeQ",
          "duration": "7s"
        }],
        "distanceMeters": 579.3093052410944,
        "travelMode": "DRIVE",
        "confidence": 1.0
      },
      "parkingEvent": {
        "location": {
          "latitudeE7": 514080333,
          "longitudeE7": 196468810,
          "accuracyMetres": 63
        },
        "method": "END_OF_ACTIVITY_SEGMENT",
        "locationSource": "FROM_RAW_LOCATION",
        "timestamp": "2021-09-12T14:52:18Z"
      }
    }
  }, {
    "placeVisit": {
      "location": {
        "latitudeE7": 514082545,
        "longitudeE7": 196467770,
        "placeId": "ChIJwSf81s4hGkcRt_emP9VRwHY",
        "address": "Al. Gen. Wł, Aleje Generała Władysława Sikorskiego 52, 97-300 Piotrków Trybunalski, Polska",
        "name": "AVIA",
        "sourceInfo": {
          "deviceTag": 2038012174
        },
        "locationConfidence": 72.02695,
        "calibratedProbability": 49.80711
      },
      "duration": {
        "startTimestamp": "2021-09-12T14:51:17Z",
        "endTimestamp": "2021-09-12T14:59:41Z"
      },
      "placeConfidence": "MEDIUM_CONFIDENCE",
      "centerLatE7": 514080130,
      "centerLngE7": 196468573,
      "visitConfidence": 86,
      "otherCandidateLocations": [{
        "latitudeE7": 514083333,
        "longitudeE7": 196466667,
        "placeId": "ChIJwSf81s4hGkcRt_emP9VRwHY",
        "address": "Al. Gen. Wł, Aleje Generała Władysława Sikorskiego 52, 97-300 Piotrków Trybunalski, Polska",
        "name": "AVIA - stacja paliw 24h",
        "locationConfidence": 19.942982,
        "calibratedProbability": 13.790704
      }, {
        "latitudeE7": 514074968,
        "longitudeE7": 196465038,
        "placeId": "ChIJd5ZHNpwhGkcRLGqO6EsMtco",
        "address": "Aleje Generała Władysława Sikorskiego 43, 97-300 Piotrków Trybunalski, Polska",
        "name": "Stacja Paliw ORLEN",
        "locationConfidence": 2.8410525,
        "calibratedProbability": 1.9646065
      }, {
        "latitudeE7": 514083125,
        "longitudeE7": 196464349,
        "placeId": "ChIJF_8R7G0gGkcRA7dGqDeB6qg",
        "address": "Aleje Generała Władysława Sikorskiego, 97-320 Piotrków Trybunalski, Polska",
        "name": "Pollo Restauracja",
        "locationConfidence": 2.023662,
        "calibratedProbability": 1.3993757
      }, {
        "latitudeE7": 514079359,
        "longitudeE7": 196466148,
        "placeId": "ChIJa9pmV2khGkcRwz66dPmNPD0",
        "locationConfidence": 1.9510401,
        "calibratedProbability": 1.3491571
      }],
      "editConfirmationStatus": "NOT_CONFIRMED",
      "locationConfidence": 58,
      "placeVisitType": "SINGLE_PLACE",
      "placeVisitImportance": "TRANSITIONAL"
    }
  }, {
    "activitySegment": {
      "startLocation": {
        "latitudeE7": 514083655,
        "longitudeE7": 196460454,
        "sourceInfo": {
          "deviceTag": 2038012174
        }
      },
      "endLocation": {
        "latitudeE7": 522378052,
        "longitudeE7": 209991476,
        "sourceInfo": {
          "deviceTag": 2038012174
        }
      },
      "duration": {
        "startTimestamp": "2021-09-12T14:59:41Z",
        "endTimestamp": "2021-09-12T16:39:18.999Z"
      },
      "distance": 139376,
      "activityType": "IN_PASSENGER_VEHICLE",
      "confidence": "HIGH",
      "activities": [{
        "activityType": "IN_PASSENGER_VEHICLE",
        "probability": 96.0745632648468
      }, {
        "activityType": "WALKING",
        "probability": 1.3164512813091278
      }, {
        "activityType": "MOTORCYCLING",
        "probability": 1.21076088398695
      }, {
        "activityType": "STILL",
        "probability": 1.0206181555986404
      }, {
        "activityType": "CYCLING",
        "probability": 0.14960861299186945
      }, {
        "activityType": "IN_FERRY",
        "probability": 0.06291072932071984
      }, {
        "activityType": "IN_BUS",
        "probability": 0.060706998920068145
      }, {
        "activityType": "RUNNING",
        "probability": 0.03372447390574962
      }, {
        "activityType": "FLYING",
        "probability": 0.0333654519636184
      }, {
        "activityType": "SKIING",
        "probability": 0.021374486095737666
      }, {
        "activityType": "IN_TRAIN",
        "probability": 0.009068934014067054
      }, {
        "activityType": "SAILING",
        "probability": 0.005008016159990802
      }, {
        "activityType": "IN_SUBWAY",
        "probability": 0.0015572242773487233
      }, {
        "activityType": "IN_TRAM",
        "probability": 2.7955086352449143E-4
      }, {
        "activityType": "IN_VEHICLE",
        "probability": 5.251137302764164E-7
      }],
      "simplifiedRawPath": {
        "points": [{
          "latE7": 514085553,
          "lngE7": 196423772,
          "accuracyMeters": 4,
          "timestamp": "2021-09-12T15:00:11Z"
        }, {
          "latE7": 514106800,
          "lngE7": 196344531,
          "accuracyMeters": 6,
          "timestamp": "2021-09-12T15:01:13Z"
        }, {
          "latE7": 514101430,
          "lngE7": 196332825,
          "accuracyMeters": 5,
          "timestamp": "2021-09-12T15:01:45Z"
        }, {
          "latE7": 514100171,
          "lngE7": 196347495,
          "accuracyMeters": 4,
          "timestamp": "2021-09-12T15:01:55Z"
        }, {
          "latE7": 514090268,
          "lngE7": 196368267,
          "accuracyMeters": 4,
          "timestamp": "2021-09-12T15:02:13Z"
        }, {
          "latE7": 514118821,
          "lngE7": 196352633,
          "accuracyMeters": 6,
          "timestamp": "2021-09-12T15:02:55Z"
        }, {
          "latE7": 514339764,
          "lngE7": 196422423,
          "accuracyMeters": 3,
          "timestamp": "2021-09-12T15:04:55.999Z"
        }, {
          "latE7": 514360692,
          "lngE7": 196440357,
          "accuracyMeters": 3,
          "timestamp": "2021-09-12T15:05:12.999Z"
        }, {
          "latE7": 514381263,
          "lngE7": 196466779,
          "accuracyMeters": 3,
          "timestamp": "2021-09-12T15:05:27.999Z"
        }, {
          "latE7": 514425413,
          "lngE7": 196901742,
          "accuracyMeters": 6,
          "timestamp": "2021-09-12T15:07:16.999Z"
        }, {
          "latE7": 514436310,
          "lngE7": 197125763,
          "accuracyMeters": 4,
          "timestamp": "2021-09-12T15:08:14.999Z"
        }, {
          "latE7": 514435852,
          "lngE7": 197318944,
          "accuracyMeters": 5,
          "timestamp": "2021-09-12T15:08:58.999Z"
        }, {
          "latE7": 514583792,
          "lngE7": 197781627,
          "accuracyMeters": 4,
          "timestamp": "2021-09-12T15:10:49.999Z"
        }, {
          "latE7": 514861655,
          "lngE7": 198208877,
          "accuracyMeters": 4,
          "timestamp": "2021-09-12T15:13:03.999Z"
        }, {
          "latE7": 514947777,
          "lngE7": 198409890,
          "accuracyMeters": 4,
          "timestamp": "2021-09-12T15:13:53.999Z"
        }, {
          "latE7": 514956124,
          "lngE7": 198446557,
          "accuracyMeters": 5,
          "timestamp": "2021-09-12T15:14:01.999Z"
        }, {
          "latE7": 515631139,
          "lngE7": 200176306,
          "accuracyMeters": 4,
          "timestamp": "2021-09-12T15:21:07Z"
        }, {
          "latE7": 515657695,
          "lngE7": 200223763,
          "accuracyMeters": 4,
          "timestamp": "2021-09-12T15:21:22Z"
        }, {
          "latE7": 515699258,
          "lngE7": 200254075,
          "accuracyMeters": 4,
          "timestamp": "2021-09-12T15:21:38Z"
        }, {
          "latE7": 515780968,
          "lngE7": 200293504,
          "accuracyMeters": 4,
          "timestamp": "2021-09-12T15:22:07Z"
        }, {
          "latE7": 516296824,
          "lngE7": 201031948,
          "accuracyMeters": 4,
          "timestamp": "2021-09-12T15:25:57Z"
        }, {
          "latE7": 516488359,
          "lngE7": 201434716,
          "accuracyMeters": 4,
          "timestamp": "2021-09-12T15:27:42.999Z"
        }, {
          "latE7": 516528128,
          "lngE7": 201477712,
          "accuracyMeters": 4,
          "timestamp": "2021-09-12T15:27:58.999Z"
        }, {
          "latE7": 516555473,
          "lngE7": 201517948,
          "accuracyMeters": 4,
          "timestamp": "2021-09-12T15:28:10.999Z"
        }, {
          "latE7": 517145476,
          "lngE7": 202196823,
          "accuracyMeters": 3,
          "timestamp": "2021-09-12T15:32:12.999Z"
        }, {
          "latE7": 517187792,
          "lngE7": 202220922,
          "accuracyMeters": 4,
          "timestamp": "2021-09-12T15:32:27.999Z"
        }, {
          "latE7": 517546645,
          "lngE7": 202551799,
          "accuracyMeters": 3,
          "timestamp": "2021-09-12T15:34:44.999Z"
        }, {
          "latE7": 517605716,
          "lngE7": 202635281,
          "accuracyMeters": 4,
          "timestamp": "2021-09-12T15:35:14.999Z"
        }, {
          "latE7": 517857900,
          "lngE7": 202812303,
          "accuracyMeters": 4,
          "timestamp": "2021-09-12T15:36:46.999Z"
        }, {
          "latE7": 518210139,
          "lngE7": 203191956,
          "accuracyMeters": 3,
          "timestamp": "2021-09-12T15:46:20Z"
        }, {
          "latE7": 518457011,
          "lngE7": 203641959,
          "accuracyMeters": 5,
          "timestamp": "2021-09-12T15:48:36Z"
        }, {
          "latE7": 518593327,
          "lngE7": 203786517,
          "accuracyMeters": 4,
          "timestamp": "2021-09-12T15:49:36Z"
        }, {
          "latE7": 518818691,
          "lngE7": 204046142,
          "accuracyMeters": 4,
          "timestamp": "2021-09-12T15:51:21.999Z"
        }, {
          "latE7": 518837348,
          "lngE7": 204104372,
          "accuracyMeters": 4,
          "timestamp": "2021-09-12T15:51:37.999Z"
        }, {
          "latE7": 518858906,
          "lngE7": 204148397,
          "accuracyMeters": 4,
          "timestamp": "2021-09-12T15:51:52.999Z"
        }, {
          "latE7": 519023137,
          "lngE7": 204352036,
          "accuracyMeters": 4,
          "timestamp": "2021-09-12T15:53:08.999Z"
        }, {
          "latE7": 519240105,
          "lngE7": 204610226,
          "accuracyMeters": 4,
          "timestamp": "2021-09-12T15:54:38.999Z"
        }, {
          "latE7": 519308653,
          "lngE7": 204714989,
          "accuracyMeters": 4,
          "timestamp": "2021-09-12T15:55:13.999Z"
        }, {
          "latE7": 519475476,
          "lngE7": 204875482,
          "accuracyMeters": 4,
          "timestamp": "2021-09-12T15:56:26.999Z"
        }, {
          "latE7": 519666822,
          "lngE7": 205012268,
          "accuracyMeters": 4,
          "timestamp": "2021-09-12T15:57:40.999Z"
        }, {
          "latE7": 519710552,
          "lngE7": 205029147,
          "accuracyMeters": 4,
          "timestamp": "2021-09-12T15:57:56.999Z"
        }, {
          "latE7": 519785658,
          "lngE7": 205087185,
          "accuracyMeters": 4,
          "timestamp": "2021-09-12T15:58:25.999Z"
        }, {
          "latE7": 519805607,
          "lngE7": 205149245,
          "accuracyMeters": 4,
          "timestamp": "2021-09-12T15:58:40.999Z"
        }, {
          "latE7": 519836325,
          "lngE7": 205285019,
          "accuracyMeters": 4,
          "timestamp": "2021-09-12T15:59:11.999Z"
        }, {
          "latE7": 519884670,
          "lngE7": 205394938,
          "accuracyMeters": 4,
          "timestamp": "2021-09-12T15:59:41.999Z"
        }, {
          "latE7": 519917542,
          "lngE7": 205443157,
          "accuracyMeters": 4,
          "timestamp": "2021-09-12T15:59:57.999Z"
        }, {
          "latE7": 520039492,
          "lngE7": 205800364,
          "accuracyMeters": 4,
          "timestamp": "2021-09-12T16:01:28.999Z"
        }, {
          "latE7": 520043366,
          "lngE7": 205945429,
          "accuracyMeters": 4,
          "timestamp": "2021-09-12T16:02:01Z"
        }, {
          "latE7": 520078828,
          "lngE7": 206058777,
          "accuracyMeters": 4,
          "timestamp": "2021-09-12T16:02:29Z"
        }, {
          "latE7": 520108062,
          "lngE7": 206108062,
          "accuracyMeters": 4,
          "timestamp": "2021-09-12T16:02:44Z"
        }, {
          "latE7": 520249428,
          "lngE7": 206579248,
          "accuracyMeters": 4,
          "timestamp": "2021-09-12T16:04:31Z"
        }, {
          "latE7": 520262558,
          "lngE7": 206649581,
          "accuracyMeters": 4,
          "timestamp": "2021-09-12T16:04:47Z"
        }, {
          "latE7": 520280375,
          "lngE7": 206709847,
          "accuracyMeters": 4,
          "timestamp": "2021-09-12T16:05:02Z"
        }, {
          "latE7": 520563650,
          "lngE7": 207286750,
          "accuracyMeters": 4,
          "timestamp": "2021-09-12T16:07:33Z"
        }, {
          "latE7": 521002878,
          "lngE7": 208226975,
          "accuracyMeters": 4,
          "timestamp": "2021-09-12T16:11:36Z"
        }, {
          "latE7": 521104859,
          "lngE7": 208479182,
          "accuracyMeters": 4,
          "timestamp": "2021-09-12T16:12:39Z"
        }, {
          "latE7": 521326653,
          "lngE7": 208794258,
          "accuracyMeters": 4,
          "timestamp": "2021-09-12T16:14:22.999Z"
        }, {
          "latE7": 521386865,
          "lngE7": 208820340,
          "accuracyMeters": 4,
          "timestamp": "2021-09-12T16:14:52.999Z"
        }, {
          "latE7": 521441230,
          "lngE7": 208862477,
          "accuracyMeters": 4,
          "timestamp": "2021-09-12T16:15:22.999Z"
        }, {
          "latE7": 521576282,
          "lngE7": 209021657,
          "accuracyMeters": 4,
          "timestamp": "2021-09-12T16:16:39.999Z"
        }, {
          "latE7": 521666953,
          "lngE7": 209087629,
          "accuracyMeters": 4,
          "timestamp": "2021-09-12T16:17:25.999Z"
        }, {
          "latE7": 521864339,
          "lngE7": 209172891,
          "accuracyMeters": 4,
          "timestamp": "2021-09-12T16:18:40.999Z"
        }, {
          "latE7": 522076059,
          "lngE7": 209457210,
          "accuracyMeters": 4,
          "timestamp": "2021-09-12T16:22:14.999Z"
        }, {
          "latE7": 522141488,
          "lngE7": 209556873,
          "accuracyMeters": 3,
          "timestamp": "2021-09-12T16:24:33Z"
        }, {
          "latE7": 522207497,
          "lngE7": 209740723,
          "accuracyMeters": 4,
          "timestamp": "2021-09-12T16:26:16Z"
        }, {
          "latE7": 522211526,
          "lngE7": 209848909,
          "accuracyMeters": 4,
          "timestamp": "2021-09-12T16:27:31Z"
        }, {
          "latE7": 522231303,
          "lngE7": 209872845,
          "accuracyMeters": 4,
          "timestamp": "2021-09-12T16:29:02Z"
        }, {
          "latE7": 522255373,
          "lngE7": 209922072,
          "accuracyMeters": 3,
          "timestamp": "2021-09-12T16:29:45Z"
        }, {
          "latE7": 522275619,
          "lngE7": 210020611,
          "accuracyMeters": 5,
          "timestamp": "2021-09-12T16:31:36Z"
        }, {
          "latE7": 522330407,
          "lngE7": 209988865,
          "accuracyMeters": 4,
          "timestamp": "2021-09-12T16:35:14Z"
        }, {
          "latE7": 522348020,
          "lngE7": 210006000,
          "accuracyMeters": 5,
          "timestamp": "2021-09-12T16:35:45Z"
        }, {
          "latE7": 522354728,
          "lngE7": 210024993,
          "accuracyMeters": 4,
          "timestamp": "2021-09-12T16:36:00.999Z"
        }, {
          "latE7": 522370621,
          "lngE7": 210032769,
          "accuracyMeters": 3,
          "timestamp": "2021-09-12T16:36:30.999Z"
        }, {
          "latE7": 522373229,
          "lngE7": 210027020,
          "accuracyMeters": 3,
          "timestamp": "2021-09-12T16:38:16.999Z"
        }, {
          "latE7": 522368789,
          "lngE7": 209996970,
          "accuracyMeters": 16,
          "timestamp": "2021-09-12T16:38:47.149Z"
        }],
        "source": "INFERRED",
        "distanceMeters": 139302.732784579
      }
    }
  }, {
    "placeVisit": {
      "location": {
        "latitudeE7": 522531867,
        "longitudeE7": 208996897,
        "placeId": "ChIJn4Q4zGrLHkcRhsxqATdHRyM",
        "address": "gen. Sylwestra Kaliskiego 2, 00-908 Warszawa, Polska",
        "name": "Military University of Technology",
        "sourceInfo": {
          "deviceTag": 2038012174
        },
        "locationConfidence": 88.73081,
        "calibratedProbability": 71.91293
      },
      "duration": {
        "startTimestamp": "2021-09-17T14:00:29.034Z",
        "endTimestamp": "2021-09-17T14:22:14.363Z"
      },
      "placeConfidence": "MEDIUM_CONFIDENCE",
      "centerLatE7": 522521459,
      "centerLngE7": 208986697,
      "visitConfidence": 76,
      "otherCandidateLocations": [{
        "latitudeE7": 522521424,
        "longitudeE7": 208973007,
        "placeId": "ChIJX9NgOfHKHkcRylFw0_450mM",
        "address": "gen. Sylwestra Kaliskiego 17, 01-476 Warszawa, Polska",
        "name": "Akademik Wojskowy nr 1",
        "locationConfidence": 0.74318826,
        "calibratedProbability": 0.60232574
      }, {
        "latitudeE7": 522521484,
        "longitudeE7": 208973141,
        "placeId": "ChIJX9NgOfHKHkcRylFw0_450mM",
        "address": "gen. Sylwestra Kaliskiego 17, 01-476 Warszawa, Polska",
        "name": "Akademik Wojskowy nr 1",
        "locationConfidence": 0.69179416,
        "calibratedProbability": 0.56067276
      }, {
        "latitudeE7": 522531810,
        "longitudeE7": 208997280,
        "placeId": "ChIJszO3KffKHkcRdp78R1w4GPI",
        "address": "Gen. Kaliskiego 2, 01-476 Warszawa, Polska",
        "locationConfidence": 0.14674267,
        "calibratedProbability": 0.118929334
      }, {
        "latitudeE7": 522498824,
        "longitudeE7": 208973545,
        "placeId": "ChIJqV3FU_DKHkcRue-uQJfHoHI",
        "address": "gen. Sylwestra Kaliskiego 9, 01-476 Warszawa, Polska",
        "name": "Dom Asystenta",
        "locationConfidence": 0.13272433,
        "calibratedProbability": 0.107568
      }],
      "editConfirmationStatus": "NOT_CONFIRMED",
      "simplifiedRawPath": {
        "points": [{
          "latE7": 522521459,
          "lngE7": 208986697,
          "accuracyMeters": 54,
          "timestamp": "2021-09-17T14:00:29.034Z"
        }, {
          "latE7": 522526625,
          "lngE7": 208984088,
          "accuracyMeters": 15,
          "timestamp": "2021-09-17T14:02:53.966Z"
        }, {
          "latE7": 522525216,
          "lngE7": 208984025,
          "accuracyMeters": 19,
          "timestamp": "2021-09-17T14:03:57.085Z"
        }, {
          "latE7": 522522339,
          "lngE7": 208988732,
          "accuracyMeters": 3,
          "timestamp": "2021-09-17T14:04:43.378Z"
        }, {
          "latE7": 522523576,
          "lngE7": 208994247,
          "accuracyMeters": 3,
          "timestamp": "2021-09-17T14:06:15.202Z"
        }, {
          "latE7": 522524199,
          "lngE7": 208998563,
          "accuracyMeters": 49,
          "timestamp": "2021-09-17T14:10:11.502Z"
        }, {
          "latE7": 522523164,
          "lngE7": 208993317,
          "accuracyMeters": 7,
          "timestamp": "2021-09-17T14:15:05.318Z"
        }, {
          "latE7": 522519863,
          "lngE7": 208977298,
          "accuracyMeters": 55,
          "timestamp": "2021-09-17T14:16:46.804Z"
        }, {
          "latE7": 522522718,
          "lngE7": 208993541,
          "accuracyMeters": 6,
          "timestamp": "2021-09-17T14:19:50.260Z"
        }, {
          "latE7": 522521282,
          "lngE7": 208987909,
          "accuracyMeters": 5,
          "timestamp": "2021-09-17T14:20:06Z"
        }],
        "source": "INFERRED",
        "distanceMeters": 519.8317403717909
      },
      "locationConfidence": 74,
      "placeVisitType": "SINGLE_PLACE",
      "placeVisitImportance": "MAIN"
    }
  }, {
    "activitySegment": {
      "startLocation": {
        "latitudeE7": 522521700,
        "longitudeE7": 208975522,
        "sourceInfo": {
          "deviceTag": 2038012174
        }
      },
      "endLocation": {
        "latitudeE7": 522410202,
        "longitudeE7": 211047655,
        "sourceInfo": {
          "deviceTag": 2038012174
        }
      },
      "duration": {
        "startTimestamp": "2021-09-17T14:22:14.363Z",
        "endTimestamp": "2021-09-17T14:42:12.391Z"
      },
      "distance": 15055,
      "activityType": "IN_PASSENGER_VEHICLE",
      "confidence": "HIGH",
      "activities": [{
        "activityType": "IN_PASSENGER_VEHICLE",
        "probability": 95.02122402191162
      }, {
        "activityType": "IN_BUS",
        "probability": 2.3240067064762115
      }, {
        "activityType": "WALKING",
        "probability": 1.4491047710180283
      }, {
        "activityType": "IN_TRAM",
        "probability": 0.29623208101838827
      }, {
        "activityType": "CYCLING",
        "probability": 0.281104096211493
      }, {
        "activityType": "STILL",
        "probability": 0.2749619074165821
      }, {
        "activityType": "MOTORCYCLING",
        "probability": 0.12484340695664287
      }, {
        "activityType": "IN_SUBWAY",
        "probability": 0.06760033429600298
      }, {
        "activityType": "RUNNING",
        "probability": 0.053481030045077205
      }, {
        "activityType": "IN_FERRY",
        "probability": 0.047378611634485424
      }, {
        "activityType": "IN_TRAIN",
        "probability": 0.03156973980367184
      }, {
        "activityType": "FLYING",
        "probability": 0.022862720652483404
      }, {
        "activityType": "SKIING",
        "probability": 0.00382057623937726
      }, {
        "activityType": "SAILING",
        "probability": 0.0018041850125882775
      }, {
        "activityType": "IN_VEHICLE",
        "probability": 1.63495474936326E-6
      }],
      "simplifiedRawPath": {
        "points": [{
          "latE7": 522466006,
          "lngE7": 208979442,
          "accuracyMeters": 45,
          "timestamp": "2021-09-17T14:23:21.440Z"
        }, {
          "latE7": 522464604,
          "lngE7": 209090560,
          "accuracyMeters": 77,
          "timestamp": "2021-09-17T14:25:24.001Z"
        }, {
          "latE7": 522474106,
          "lngE7": 209119278,
          "accuracyMeters": 28,
          "timestamp": "2021-09-17T14:27:25.046Z"
        }, {
          "latE7": 522483456,
          "lngE7": 209205239,
          "accuracyMeters": 64,
          "timestamp": "2021-09-17T14:29:01.844Z"
        }, {
          "latE7": 522468710,
          "lngE7": 209458896,
          "accuracyMeters": 42,
          "timestamp": "2021-09-17T14:32:10.097Z"
        }, {
          "latE7": 522468659,
          "lngE7": 209470540,
          "accuracyMeters": 30,
          "timestamp": "2021-09-17T14:33:26.231Z"
        }, {
          "latE7": 522374602,
          "lngE7": 209718792,
          "accuracyMeters": 24,
          "timestamp": "2021-09-17T14:38:02.187Z"
        }],
        "source": "INFERRED",
        "distanceMeters": 15051.904885961521
      }
    }
  }, {
    "activitySegment": {
      "startLocation": {
        "latitudeE7": 521687534,
        "longitudeE7": 211071873,
        "sourceInfo": {
          "deviceTag": 2038012174
        }
      },
      "endLocation": {
        "latitudeE7": 521929459,
        "longitudeE7": 210576864,
        "sourceInfo": {
          "deviceTag": 2038012174
        }
      },
      "duration": {
        "startTimestamp": "2021-09-30T18:42:34.118Z",
        "endTimestamp": "2021-09-30T18:59:22Z"
      },
      "distance": 4315,
      "activityType": "IN_PASSENGER_VEHICLE",
      "confidence": "HIGH",
      "activities": [{
        "activityType": "IN_PASSENGER_VEHICLE",
        "probability": 93.33369135856628
      }, {
        "activityType": "WALKING",
        "probability": 3.1465373933315277
      }, {
        "activityType": "STILL",
        "probability": 2.1303871646523476
      }, {
        "activityType": "IN_BUS",
        "probability": 0.4047714173793793
      }, {
        "activityType": "MOTORCYCLING",
        "probability": 0.40343129076063633
      }, {
        "activityType": "CYCLING",
        "probability": 0.324794789776206
      }, {
        "activityType": "RUNNING",
        "probability": 0.07467237883247435
      }, {
        "activityType": "IN_FERRY",
        "probability": 0.06181526114232838
      }, {
        "activityType": "FLYING",
        "probability": 0.043756188824772835
      }, {
        "activityType": "IN_TRAIN",
        "probability": 0.03310774336569011
      }, {
        "activityType": "IN_SUBWAY",
        "probability": 0.014623177412431687
      }, {
        "activityType": "SKIING",
        "probability": 0.010781265882542357
      }, {
        "activityType": "IN_TRAM",
        "probability": 0.010191245382884517
      }, {
        "activityType": "SAILING",
        "probability": 0.007436486339429393
      }, {
        "activityType": "IN_VEHICLE",
        "probability": 3.755365440838432E-6
      }]
    }
  }]
}