{
  "timelineObjects": [{
    "placeVisit": {
      "location": {
        "latitudeE7": 522531867,
        "longitudeE7": 208996897,
        "placeId": "ChIJn4Q4zGrLHkcRhsxqATdHRyM",
        "address": "gen. Sylwestra Kaliskiego 2, 00-908 Warszawa, Polska",
        "name": "Wojskowa Akademia Techniczna im. Jarosława Dąbrowskiego",
        "sourceInfo": {
          "deviceTag": 2038012174
        },
        "locationConfidence": 39.971058,
        "calibratedProbability": 46.711727
      },
      "duration": {
        "startTimestamp": "2022-11-21T16:15:53.073Z",
        "endTimestamp": "2022-11-21T18:31:03Z"
      },
      "placeConfidence": "MEDIUM_CONFIDENCE",
      "centerLatE7": 522309795,
      "centerLngE7": 210022797,
      "visitConfidence": 65,
      "otherCandidateLocations": [{
        "latitudeE7": 522550600,
        "longitudeE7": 209058600,
        "placeId": "ChIJVwsjJvjKHkcRlomL4e1ztqM",
        "address": "01-485 Warszawa, Polska",
        "name": "Radiowa - WAT 01",
        "locationConfidence": 2.5645359,
        "calibratedProbability": 2.997016
      }, {
        "latitudeE7": 522552200,
        "longitudeE7": 209059800,
        "placeId": "ChIJz6q_JvjKHkcRVR198ZXZll0",
        "address": "01-485 Warszawa, Polska",
        "name": "Radiowa - WAT 02",
        "locationConfidence": 2.1678946,
        "calibratedProbability": 2.5334857
      }, {
        "latitudeE7": 522687778,
        "longitudeE7": 209107483,
        "placeId": "ChIJXa1BZUPKHkcRN-CYFtLVbUM",
        "address": "gen. Sylwestra Kaliskiego 57, 01-476 Warszawa, Polska",
        "name": "Warsaw-Babice Airport",
        "locationConfidence": 1.0068635,
        "calibratedProbability": 1.1766597
      }, {
        "latitudeE7": 522560791,
        "longitudeE7": 209046326,
        "placeId": "ChIJ1bQM6PzLHkcRPrVbI9i422I",
        "address": "Radiowa 22, 01-485 Warszawa, Polska",
        "name": "Internat Agencji Mienia Wojskowego",
        "locationConfidence": 0.3533884,
        "calibratedProbability": 0.4129834
      }],
      "editConfirmationStatus": "NOT_CONFIRMED",
      "locationConfidence": 32,
      "placeVisitType": "SINGLE_PLACE",
      "placeVisitImportance": "MAIN"
    }
  }, {
    "placeVisit": {
      "location": {
        "latitudeE7": 522301458,
        "longitudeE7": 210027032,
        "placeId": "ChIJTeWAPIzMHkcRXOfYhMkscBI",
        "address": "Złota 59, 00-120 Warszawa, Polska",
        "name": "Złote Tarasy",
        "sourceInfo": {
          "deviceTag": 2038012174
        },
        "locationConfidence": 94.55694,
        "calibratedProbability": 88.18451
      },
      "duration": {
        "startTimestamp": "2022-11-21T18:31:03Z",
        "endTimestamp": "2022-11-21T18:37:00.122Z"
      },
      "placeConfidence": "HIGH_CONFIDENCE",
      "childVisits": [{
        "location": {
          "latitudeE7": 522317180,
          "longitudeE7": 210028430,
          "placeId": "ChIJwfmIT4zMHkcRrCfgsEc_BC4",
          "address": "Emilii Plater 47 lok. LU22, 00-118 Warszawa, Polska",
          "name": "Żabka",
          "sourceInfo": {
            "deviceTag": 2038012174
          },
          "locationConfidence": 9.223299,
          "calibratedProbability": 17.92297
        },
        "duration": {
          "startTimestamp": "2022-11-21T18:31:03Z",
          "endTimestamp": "2022-11-21T18:37:00.122Z"
        },
        "placeConfidence": "LOW_CONFIDENCE",
        "centerLatE7": 522307167,
        "centerLngE7": 210022744,
        "visitConfidence": 96,
        "otherCandidateLocations": [{
          "latitudeE7": 522300686,
          "longitudeE7": 210017340,
          "placeId": "ChIJ1Q2PpY3MHkcRPatlVsN_DNg",
          "address": "Złota 59, 00-120 Warszawa, Polska",
          "name": "Thai Wok",
          "locationConfidence": 6.668592,
          "calibratedProbability": 12.958593,
          "isCurrentLocation": true
        }, {
          "latitudeE7": 522296142,
          "longitudeE7": 210023746,
          "placeId": "ChIJT8zquI3MHkcRT8t5IL-qhGs",
          "address": "Złota 59, 00-120 Warszawa, Polska",
          "name": "Carrefour Market",
          "locationConfidence": 5.9873915,
          "calibratedProbability": 11.634866,
          "isCurrentLocation": true
        }, {
          "latitudeE7": 522307035,
          "longitudeE7": 210032610,
          "placeId": "ChIJJS6ACY3MHkcR00Q2hCB3sF4",
          "address": "Złota 59, 00-120 Warszawa, Polska",
          "name": "Bershka",
          "locationConfidence": 5.840827,
          "calibratedProbability": 11.350058,
          "isCurrentLocation": true
        }, {
          "latitudeE7": 522301084,
          "longitudeE7": 210026871,
          "placeId": "ChIJT8zquI3MHkcR9-Mn0FuZY_o",
          "address": "Złota 59, 00-819 Warszawa, Polska",
          "name": "Empik",
          "locationConfidence": 4.1938505,
          "calibratedProbability": 8.149607,
          "isCurrentLocation": true
        }, {
          "latitudeE7": 522303528,
          "longitudeE7": 210026317,
          "placeId": "ChIJxRltFo7MHkcRjdv3MsoN0F8",
          "address": "Złote Tarasy, Złota 59, 00-120 Warszawa, Polska",
          "name": "T-Mobile",
          "locationConfidence": 3.7946548,
          "calibratedProbability": 7.3738785,
          "isCurrentLocation": true
        }, {
          "latitudeE7": 522301084,
          "longitudeE7": 210026871,
          "placeId": "ChIJ1Q2PpY3MHkcRwbSLqsIiS10",
          "address": "Złota 59, 05-090 Warszawa, Polska",
          "name": "LUKULLUS | Złote Tarasy",
          "locationConfidence": 3.636526,
          "calibratedProbability": 7.0665984,
          "isCurrentLocation": true
        }, {
          "latitudeE7": 522304499,
          "longitudeE7": 210011572,
          "placeId": "ChIJHVp1783MHkcRrsdOJ1hVICI",
          "address": "Złote Tarasy, Złota 59, 00-120 Warszawa, Polska",
          "name": "Orange Warszawa Złote Tarasy",
          "locationConfidence": 2.6356862,
          "calibratedProbability": 5.1217384,
          "isCurrentLocation": true
        }, {
          "latitudeE7": 522301120,
          "longitudeE7": 210026790,
          "placeId": "ChIJ1Q2PpY3MHkcR4x4pMYd-wI8",
          "address": "Złote Tarasy, Złota 59, 00-120 Warszawa, Poland",
          "name": "Pizza Hut Warszawa Złote Tarasy",
          "locationConfidence": 2.399948,
          "calibratedProbability": 4.6636453,
          "isCurrentLocation": true
        }, {
          "latitudeE7": 522302995,
          "longitudeE7": 210014321,
          "placeId": "ChIJv_maCY3MHkcR7PHfWxYEPLg",
          "address": "Złota 59, 00-120 Warszawa, Polska",
          "name": "INSPIRATION STORE (eSmoking World)",
          "locationConfidence": 2.3981287,
          "calibratedProbability": 4.6601105,
          "isCurrentLocation": true
        }],
        "editConfirmationStatus": "NOT_CONFIRMED",
        "locationConfidence": 1,
        "placeVisitType": "SINGLE_PLACE",
        "placeVisitLevel": 1
      }],
      "centerLatE7": 522307167,
      "centerLngE7": 210022744,
      "visitConfidence": 96,
      "otherCandidateLocations": [{
        "latitudeE7": 522317180,
        "longitudeE7": 210028430,
        "placeId": "ChIJwfmIT4zMHkcRrCfgsEc_BC4",
        "address": "Emilii Plater 47 lok. LU22, 00-118 Warszawa, Polska",
        "name": "Żabka",
        "locationConfidence": 1.4876479,
        "calibratedProbability": 1.3873916
      }, {
        "latitudeE7": 522288400,
        "longitudeE7": 210032700,
        "placeId": "ChIJWTUjZY3MHkcR2U7HZ_LJC-s",
        "address": "al. Jerozolimskie 54, 00-019 Warszawa, Polska",
        "name": "Warsaw Central",
        "locationConfidence": 0.91974425,
        "calibratedProbability": 0.85776037
      }, {
        "latitudeE7": 522298186,
        "longitudeE7": 210044468,
        "placeId": "ChIJBfaVEI3MHkcR3jHxxRUvUHw",
        "address": "Przejście podziemne N 52, al. Jerozolimskie, 00-024 Warszawa, Polska",
        "name": "iSmoking",
        "locationConfidence": 0.34968087,
        "calibratedProbability": 0.32611498
      }, {
        "latitudeE7": 522308798,
        "longitudeE7": 210012404,
        "placeId": "ChIJeUSiAkyVD0cRN0RZTQmhmNQ",
        "address": "Złota 48/54, 00-120 Warszawa, Poland",
        "name": "Hotel Mercure Warszawa Centrum",
        "locationConfidence": 0.15685982,
        "calibratedProbability": 0.14628863
      }],
      "editConfirmationStatus": "NOT_CONFIRMED",
      "simplifiedRawPath": {
        "points": [{
          "latE7": 522308828,
          "lngE7": 210023238,
          "accuracyMeters": 11,
          "timestamp": "2022-11-21T18:31:03Z"
        }, {
          "latE7": 522311292,
          "lngE7": 210021747,
          "accuracyMeters": 10,
          "timestamp": "2022-11-21T18:31:20Z"
        }, {
          "latE7": 522309281,
          "lngE7": 210020444,
          "accuracyMeters": 30,
          "timestamp": "2022-11-21T18:32:31.025Z"
        }, {
          "latE7": 522305305,
          "lngE7": 210023807,
          "accuracyMeters": 11,
          "timestamp": "2022-11-21T18:33:20.762Z"
        }],
        "source": "INFERRED",
        "distanceMeters": 102.14731470898559
      },
      "locationConfidence": 81,
      "placeVisitType": "SINGLE_PLACE",
      "placeVisitImportance": "MAIN"
    }
  }, {
    "activitySegment": {
      "startLocation": {
        "latitudeE7": 522308400,
        "longitudeE7": 210021433,
        "sourceInfo": {
          "deviceTag": 2038012174
        }
      },
      "endLocation": {
        "latitudeE7": 522369301,
        "longitudeE7": 209994929,
        "sourceInfo": {
          "deviceTag": 2038012174
        }
      },
      "duration": {
        "startTimestamp": "2022-11-21T18:37:00.122Z",
        "endTimestamp": "2022-11-21T18:43:26.721Z"
      },
      "distance": 742,
      "activityType": "IN_PASSENGER_VEHICLE",
      "confidence": "LOW",
      "activities": [{
        "activityType": "IN_PASSENGER_VEHICLE",
        "probability": 56.26527667045593
      }, {
        "activityType": "IN_BUS",
        "probability": 20.66010683774948
      }, {
        "activityType": "WALKING",
        "probability": 11.764086037874222
      }, {
        "activityType": "CYCLING",
        "probability": 4.161987453699112
      }, {
        "activityType": "IN_TRAM",
        "probability": 2.9452504590153694
      }, {
        "activityType": "IN_SUBWAY",
        "probability": 2.3348169401288033
      }, {
        "activityType": "MOTORCYCLING",
        "probability": 0.5721063818782568
      }, {
        "activityType": "IN_TRAIN",
        "probability": 0.5101540125906467
      }, {
        "activityType": "STILL",
        "probability": 0.4706114996224642
      }, {
        "activityType": "RUNNING",
        "probability": 0.21233337465673685
      }, {
        "activityType": "IN_FERRY",
        "probability": 0.0717448943760246
      }, {
        "activityType": "SKIING",
        "probability": 0.017552764620631933
      }, {
        "activityType": "FLYING",
        "probability": 0.011010385787812993
      }, {
        "activityType": "SAILING",
        "probability": 0.0029656199330929667
      }, {
        "activityType": "IN_VEHICLE",
        "probability": 2.653486541603911E-7
      }],
      "waypointPath": {
        "waypoints": [{
          "latE7": 522308235,
          "lngE7": 210021514
        }, {
          "latE7": 522317199,
          "lngE7": 209994583
        }, {
          "latE7": 522369384,
          "lngE7": 209995403
        }],
        "source": "INFERRED",
        "roadSegment": [{
          "placeId": "ChIJWz_CtI3MHkcR5puwbORGMQI",
          "duration": "2s"
        }, {
          "placeId": "ChIJWz_CtI3MHkcRT-OSd9HBYPs",
          "duration": "26s"
        }, {
          "placeId": "ChIJLWehtY3MHkcRTI1fQ4BvzW8",
          "duration": "11s"
        }, {
          "placeId": "ChIJ_btExY3MHkcRM_w0C4orK7o",
          "duration": "23s"
        }, {
          "placeId": "ChIJucuD0I3MHkcRAVGIJws91SY",
          "duration": "4s"
        }, {
          "placeId": "ChIJ4yrD1o3MHkcRRwene-7W4eU",
          "duration": "1s"
        }, {
          "placeId": "ChIJ4yrD1o3MHkcRwKMeHJ3OSzQ",
          "duration": "0s"
        }, {
          "placeId": "ChIJ-426f47MHkcRNaqVeDqphoE",
          "duration": "9s"
        }, {
          "placeId": "ChIJXZ9vho7MHkcRmMfS0x23ZWc",
          "duration": "9s"
        }, {
          "placeId": "ChIJPTbLk47MHkcRkDtyJ1MY-DQ",
          "duration": "11s"
        }, {
          "placeId": "ChIJPTbLk47MHkcRbrV1hYYvogE",
          "duration": "15s"
        }, {
          "placeId": "ChIJNXCZk47MHkcRscXwGbS0huY",
          "duration": "6s"
        }, {
          "placeId": "ChIJiw0l6I7MHkcRDcaVv6tJ2o8",
          "duration": "16s"
        }, {
          "placeId": "ChIJSQ2d1o7MHkcREppesfQB6_w",
          "duration": "5s"
        }, {
          "placeId": "ChIJ19Sr047MHkcRnZd4Tr_DjJs",
          "duration": "18s"
        }, {
          "placeId": "ChIJt_6VM4nMHkcRKpIuy5vu_mo",
          "duration": "22s"
        }, {
          "placeId": "ChIJH9umN4nMHkcRxi6N1iaua6Q",
          "duration": "1s"
        }, {
          "placeId": "ChIJj4kOR4nMHkcRLXtsE_JYtQU",
          "duration": "22s"
        }, {
          "placeId": "ChIJPaM2QonMHkcRxVmOq2T_HNE",
          "duration": "2s"
        }, {
          "placeId": "ChIJLyoVaInMHkcRtoLLt98uvww",
          "duration": "20s"
        }, {
          "placeId": "ChIJxdtIm4nMHkcRJVAYZDceOqI",
          "duration": "12s"
        }, {
          "placeId": "ChIJlSyfmonMHkcRFeYTuDzxYtI",
          "duration": "2s"
        }, {
          "placeId": "ChIJP-JzkInMHkcRIsC1v0OngMQ",
          "duration": "0s"
        }, {
          "placeId": "ChIJWWpRkInMHkcRg7EPriWyDBM",
          "duration": "8s"
        }, {
          "placeId": "ChIJW858kYnMHkcRZ5o_FN93c7Y",
          "duration": "4s"
        }, {
          "placeId": "ChIJ4bhFkYnMHkcRA5PMtafrEDI",
          "duration": "5s"
        }, {
          "placeId": "ChIJvXDSl4nMHkcR_cU6cAOHssw",
          "duration": "9s"
        }, {
          "placeId": "ChIJrbiqvInMHkcRs8qKBWIPE5A",
          "duration": "22s"
        }, {
          "placeId": "ChIJRchVqYnMHkcRWHZACByvOHA",
          "duration": "11s"
        }, {
          "placeId": "ChIJrSS7qonMHkcRKGeIzg2QVMI",
          "duration": "12s"
        }, {
          "placeId": "ChIJW5NS_ojMHkcRPjr6VtfPJmM",
          "duration": "4s"
        }, {
          "placeId": "ChIJA-8f_4jMHkcRXsrGjlpd2aY",
          "duration": "8s"
        }, {
          "placeId": "ChIJaW4CWojMHkcRruz-QT75puU",
          "duration": "11s"
        }],
        "distanceMeters": 1398.0153362663864,
        "travelMode": "DRIVE",
        "confidence": 1.0
      },
      "parkingEvent": {
        "location": {
          "latitudeE7": 522373458,
          "longitudeE7": 210000253,
          "accuracyMetres": 75
        },
        "method": "END_OF_ACTIVITY_SEGMENT",
        "locationSource": "NOT_FROM_RAW_LOCATION",
        "timestamp": "2022-11-21T18:45:13.272Z"
      }
    }
  }, {
    "placeVisit": {
      "location": {
        "latitudeE7": 522377053,
        "longitudeE7": 209729648,
        "placeId": "ChIJN57koJPLHkcRBPUGg35YZ7k",
        "address": "Leszno 34/36, 01-175 Warszawa, Polska",
        "name": "Kantor Extrakantor.pl",
        "sourceInfo": {
          "deviceTag": 2038012174
        },
        "locationConfidence": 1.4741061,
        "calibratedProbability": 10.577163
      },
      "duration": {
        "startTimestamp": "2022-11-25T10:04:12.172Z",
        "endTimestamp": "2022-11-25T12:23:47.999Z"
      },
      "placeConfidence": "LOW_CONFIDENCE",
      "centerLatE7": 522520068,
      "centerLngE7": 208993041,
      "visitConfidence": 79,
      "otherCandidateLocations": [{
        "latitudeE7": 522375379,
        "longitudeE7": 209720217,
        "placeId": "ChIJi1P7QXzLHkcRVoxaDokG5r4",
        "address": "Leszno 38, 01-175 Warszawa, Polska",
        "name": "Pharmacy 36.6 Cefarm",
        "locationConfidence": 1.464673,
        "calibratedProbability": 10.509479
      }, {
        "latitudeE7": 522374898,
        "longitudeE7": 209752922,
        "placeId": "ChIJN5jdyH3LHkcRCeR3qqkThtU",
        "address": "Leszno 15, 01-199 Warszawa, Polska",
        "name": "Biedronka",
        "locationConfidence": 0.9694792,
        "calibratedProbability": 6.9563107
      }, {
        "latitudeE7": 522374644,
        "longitudeE7": 209731027,
        "placeId": "ChIJN7AZRnzLHkcRANnubsimzW4",
        "address": "Warszawa, Polska",
        "name": "Młynarska 02",
        "locationConfidence": 0.85129726,
        "calibratedProbability": 6.1083193
      }, {
        "latitudeE7": 522374797,
        "longitudeE7": 209749660,
        "placeId": "ChIJjU_ryX3LHkcR39-dVjanAGk",
        "address": "Leszno 17, 01-199 Warszawa, Polska",
        "name": "SPZOZ Warszawa Wola-Śródmieście, Przychodnia Lekarska",
        "locationConfidence": 0.7797374,
        "calibratedProbability": 5.5948553
      }],
      "editConfirmationStatus": "NOT_CONFIRMED",
      "locationConfidence": 1,
      "placeVisitType": "SINGLE_PLACE",
      "placeVisitImportance": "MAIN"
    }
  }, {
    "activitySegment": {
      "startLocation": {
        "latitudeE7": 522334121,
        "longitudeE7": 209833324,
        "sourceInfo": {
          "deviceTag": 2038012174
        }
      },
      "endLocation": {
        "latitudeE7": 522384369,
        "longitudeE7": 209810057,
        "sourceInfo": {
          "deviceTag": 2038012174
        }
      },
      "duration": {
        "startTimestamp": "2022-11-28T13:05:28.999Z",
        "endTimestamp": "2022-11-28T13:08:17.999Z"
      },
      "distance": 580,
      "activityType": "IN_PASSENGER_VEHICLE",
      "confidence": "MEDIUM",
      "activities": [{
        "activityType": "IN_PASSENGER_VEHICLE",
        "probability": 60.12049317359924
      }, {
        "activityType": "STILL",
        "probability": 34.92715060710907
      }, {
        "activityType": "WALKING",
        "probability": 3.4791946411132812
      }, {
        "activityType": "MOTORCYCLING",
        "probability": 0.5660565104335546
      }, {
        "activityType": "CYCLING",
        "probability": 0.3616713220253587
      }, {
        "activityType": "IN_BUS",
        "probability": 0.17214606050401926
      }, {
        "activityType": "IN_FERRY",
        "probability": 0.154557335190475
      }, {
        "activityType": "RUNNING",
        "probability": 0.12605327647179365
      }, {
        "activityType": "SKIING",
        "probability": 0.0347006629453972
      }, {
        "activityType": "FLYING",
        "probability": 0.03177087055519223
      }, {
        "activityType": "SAILING",
        "probability": 0.017677487630862743
      }, {
        "activityType": "IN_TRAIN",
        "probability": 0.005316787428455427
      }, {
        "activityType": "IN_TRAM",
        "probability": 0.0019340950530022383
      }, {
        "activityType": "IN_SUBWAY",
        "probability": 0.001272616646019742
      }, {
        "activityType": "IN_VEHICLE",
        "probability": 2.6414811671315874E-6
      }],
      "waypointPath": {
        "waypoints": [{
          "latE7": 522334556,
          "lngE7": 209832649
        }, {
          "latE7": 522368392,
          "lngE7": 209804115
        }, {
          "latE7": 522384452,
          "lngE7": 209810047
        }],
        "source": "INFERRED",
        "roadSegment": [{
          "placeId": "ChIJ18uwaIPMHkcRGHX0oIKxS8M",
          "duration": "7s"
        }, {
          "placeId": "ChIJJdQpaoPMHkcRYn8gt7rBE7M",
          "duration": "15s"
        }, {
          "placeId": "ChIJK1hNaoPMHkcRkyAGvFCvuSs",
          "duration": "2s"
        }, {
          "placeId": "ChIJ_ZQ8E4PMHkcRv0UNGo_vyMs",
          "duration": "8s"
        }, {
          "placeId": "ChIJxy5XD4PMHkcRkHUu0_Lwy2A",
          "duration": "11s"
        }, {
          "placeId": "ChIJ0x26VILMHkcR5NQmSnLpR-8",
          "duration": "13s"
        }, {
          "placeId": "ChIJ0x26VILMHkcRDyKxDJmkUks",
          "duration": "6s"
        }, {
          "placeId": "ChIJTcO3T4LMHkcR1ABpU_-m60M",
          "duration": "3s"
        }, {
          "placeId": "ChIJiwFcRoLMHkcRs8y0_cgxEfU",
          "duration": "17s"
        }, {
          "placeId": "ChIJT_TwPoLMHkcR60LWyBVVkYU",
          "duration": "13s"
        }, {
          "placeId": "ChIJ6XuHPYLMHkcRGxu5oDmN--w",
          "duration": "8s"
        }, {
          "placeId": "ChIJSW6NF4LMHkcR5jPQjcp6I4M",
          "duration": "8s"
        }, {
          "placeId": "ChIJOVJDGYLMHkcReT6iPlez2hw",
          "duration": "8s"
        }, {
          "placeId": "ChIJpYD094HMHkcR3kK2JmnTDmM",
          "duration": "12s"
        }, {
          "placeId": "ChIJpYD094HMHkcRFJZpszXLmO8",
          "duration": "11s"
        }, {
          "placeId": "ChIJM2EH-4HMHkcRuyPiE7dIG4g",
          "duration": "2s"
        }, {
          "placeId": "ChIJA74G-4HMHkcRu6pR0O4aAAY",
          "duration": "1s"
        }, {
          "placeId": "ChIJDcrd74HMHkcRH9PJdj1LbGU",
          "duration": "3s"
        }, {
          "placeId": "ChIJDcrd74HMHkcR9UADmuscs6I",
          "duration": "8s"
        }],
        "distanceMeters": 711.4385283137199,
        "travelMode": "DRIVE",
        "confidence": 0.998067176826304
      },
      "parkingEvent": {
        "location": {
          "latitudeE7": 522382228,
          "longitudeE7": 209824295,
          "accuracyMetres": 18
        },
        "method": "EXITING_VEHICLE_SIGNAL",
        "locationSource": "NOT_FROM_RAW_LOCATION",
        "timestamp": "2022-11-28T13:11:10.230Z"
      }
    }
  }, {
    "activitySegment": {
      "startLocation": {
        "latitudeE7": 522373901,
        "longitudeE7": 209807003,
        "sourceInfo": {
          "deviceTag": 2038012174
        }
      },
      "endLocation": {
        "latitudeE7": 522521135,
        "longitudeE7": 208984101,
        "sourceInfo": {
          "deviceTag": 2038012174
        }
      },
      "duration": {
        "startTimestamp": "2022-11-28T13:13:57Z",
        "endTimestamp": "2022-11-28T13:27:31.999Z"
      },
      "distance": 5836,
      "activityType": "IN_PASSENGER_VEHICLE",
      "confidence": "HIGH",
      "activities": [{
        "activityType": "IN_PASSENGER_VEHICLE",
        "probability": 91.76934957504272
      }, {
        "activityType": "STILL",
        "probability": 5.813964456319809
      }, {
        "activityType": "MOTORCYCLING",
        "probability": 1.3011828996241093
      }, {
        "activityType": "WALKING",
        "probability": 0.7074602413922548
      }, {
        "activityType": "CYCLING",
        "probability": 0.15412865905091166
      }, {
        "activityType": "IN_BUS",
        "probability": 0.12332354672253132
      }, {
        "activityType": "RUNNING",
        "probability": 0.04788055375684053
      }, {
        "activityType": "IN_FERRY",
        "probability": 0.045969823258928955
      }, {
        "activityType": "FLYING",
        "probability": 0.019386915664654225
      }, {
        "activityType": "IN_TRAIN",
        "probability": 0.007181532419053838
      }, {
        "activityType": "SKIING",
        "probability": 0.006011568621033803
      }, {
        "activityType": "SAILING",
        "probability": 0.0031864088668953627
      }, {
        "activityType": "IN_SUBWAY",
        "probability": 8.446933861705475E-4
      }, {
        "activityType": "IN_TRAM",
        "probability": 1.3341973499336746E-4
      }, {
        "activityType": "IN_VEHICLE",
        "probability": 7.771324028738036E-7
      }],
      "waypointPath": {
        "waypoints": [{
          "latE7": 522373695,
          "lngE7": 209807224
        }, {
          "latE7": 522444381,
          "lngE7": 209582214
        }, {
          "latE7": 522521095,
          "lngE7": 208983631
        }],
        "source": "INFERRED",
        "roadSegment": [{
          "placeId": "ChIJkZHdGILMHkcRUG0D3QkdqFY",
          "duration": "10s"
        }, {
          "placeId": "ChIJh-mUGYLMHkcRXmC48pkl_so",
          "duration": "3s"
        }, {
          "placeId": "ChIJz67-GYLMHkcR01ccpHMuuGg",
          "duration": "5s"
        }, {
          "placeId": "ChIJozviEILMHkcRnsfdotTmr2U",
          "duration": "3s"
        }, {
          "placeId": "ChIJ6yITEoLMHkcRaWy8FlxhOTM",
          "duration": "10s"
        }, {
          "placeId": "ChIJE0AzdoLMHkcRi3vXGUm5rAI",
          "duration": "16s"
        }, {
          "placeId": "ChIJE0AzdoLMHkcRwSYWCTmh3TE",
          "duration": "5s"
        }, {
          "placeId": "ChIJr6codn3LHkcRaXB-8k6MTC0",
          "duration": "2s"
        }, {
          "placeId": "ChIJhZe3DH3LHkcRtWsgITAahpg",
          "duration": "0s"
        }, {
          "placeId": "ChIJhZe3DH3LHkcRm_yvfIIYWe8",
          "duration": "3s"
        }, {
          "placeId": "ChIJWxasDX3LHkcRtDD6DnA9NmA",
          "duration": "1s"
        }, {
          "placeId": "ChIJkxkbDn3LHkcRAl9FDBveYCw",
          "duration": "6s"
        }, {
          "placeId": "ChIJ39tHEH3LHkcRBKBMsctsW7Q",
          "duration": "2s"
        }, {
          "placeId": "ChIJrS9wGn3LHkcRNJ_EwOn5gDw",
          "duration": "7s"
        }, {
          "placeId": "ChIJw9tBGX3LHkcR6fmvVAUtd5Q",
          "duration": "11s"
        }, {
          "placeId": "ChIJ14EkH33LHkcRSYRGVttgW3c",
          "duration": "0s"
        }, {
          "placeId": "ChIJWYI9H33LHkcR8_lduSlIrdU",
          "duration": "0s"
        }, {
          "placeId": "ChIJWYI9H33LHkcRoBKoZR2UxrI",
          "duration": "0s"
        }, {
          "placeId": "ChIJp3FtH33LHkcRk52_QiemJNA",
          "duration": "1s"
        }, {
          "placeId": "ChIJp3FtH33LHkcRfwFaJTIvLyk",
          "duration": "0s"
        }, {
          "placeId": "ChIJmTGCH33LHkcRNYcteeD3gxE",
          "duration": "2s"
        }, {
          "placeId": "ChIJn-MVIH3LHkcR28h2kPjbONI",
          "duration": "1s"
        }, {
          "placeId": "ChIJ43Is2XzLHkcRZZDYLegwwxo",
          "duration": "16s"
        }, {
          "placeId": "ChIJGX-ZynzLHkcRmTq7tB2k2hw",
          "duration": "19s"
        }, {
          "placeId": "ChIJ30ITTGPLHkcRyldR4W1KfV4",
          "duration": "8s"
        }, {
          "placeId": "ChIJgc4gTmPLHkcRIu2GVM3g-wA",
          "duration": "0s"
        }, {
          "placeId": "ChIJgc4gTmPLHkcRbPBuTUVko3A",
          "duration": "6s"
        }, {
          "placeId": "ChIJ7-WVUGPLHkcRBk90exxnswM",
          "duration": "2s"
        }, {
          "placeId": "ChIJoQUnp2TLHkcRGo6rlVQPGOo",
          "duration": "16s"
        }, {
          "placeId": "ChIJq8rDomTLHkcRehhX0S4kiDk",
          "duration": "1s"
        }, {
          "placeId": "ChIJq8rDomTLHkcRvavddmf8MIc",
          "duration": "0s"
        }, {
          "placeId": "ChIJt1w3lmTLHkcRDWitKAQfvFs",
          "duration": "8s"
        }, {
          "placeId": "ChIJ0Xza7WTLHkcRThE4nsG_2LQ",
          "duration": "1s"
        }, {
          "placeId": "ChIJ0Xza7WTLHkcR1dP6t5AJ9-8",
          "duration": "11s"
        }, {
          "placeId": "ChIJtcoB_GTLHkcRSna15QB6fXo",
          "duration": "3s"
        }, {
          "placeId": "ChIJq7wfAGXLHkcRjN0R7ZxXkAw",
          "duration": "6s"
        }, {
          "placeId": "ChIJkXtZqWXLHkcRUQmlpf6bo0k",
          "duration": "6s"
        }, {
          "placeId": "ChIJkXtZqWXLHkcRQQtqQbRsxK0",
          "duration": "2s"
        }, {
          "placeId": "ChIJKVgAvGXLHkcR194TduY8YVI",
          "duration": "7s"
        }, {
          "placeId": "ChIJKVgAvGXLHkcRLkU9lpCNiFs",
          "duration": "10s"
        }, {
          "placeId": "ChIJ62OR7mXLHkcRut5w4i4H2uw",
          "duration": "20s"
        }, {
          "placeId": "ChIJh0_V-2XLHkcRZeIPduM9O8g",
          "duration": "10s"
        }, {
          "placeId": "ChIJh0_V-2XLHkcRhyaf9g0P2-8",
          "duration": "5s"
        }, {
          "placeId": "ChIJw760WW_LHkcRmeLUZyd9qAo",
          "duration": "3s"
        }, {
          "placeId": "ChIJw760WW_LHkcR7dzy0x3iu0g",
          "duration": "14s"
        }, {
          "placeId": "ChIJ5wYOXW_LHkcR6zoAYsglcQw",
          "duration": "1s"
        }, {
          "placeId": "ChIJs5UuaW_LHkcR08arjZ9hfVg",
          "duration": "10s"
        }, {
          "placeId": "ChIJTRWGum_LHkcRLahRyORHBHQ",
          "duration": "15s"
        }, {
          "placeId": "ChIJh8RfKm7LHkcRJphYR5aEqQc",
          "duration": "10s"
        }, {
          "placeId": "ChIJpwEbuHHLHkcRTjWmPUSINfQ",
          "duration": "14s"
        }, {
          "placeId": "ChIJFaVBCnHLHkcR7yN-UFTEn_o",
          "duration": "5s"
        }, {
          "placeId": "ChIJD56XEnHLHkcRNTXGGDzzSbk",
          "duration": "2s"
        }, {
          "placeId": "ChIJUzTlS3HLHkcRBqBa05zWIm8",
          "duration": "11s"
        }, {
          "placeId": "ChIJUzTlS3HLHkcRNO_GL6z4V-4",
          "duration": "6s"
        }, {
          "placeId": "ChIJ72yAS3HLHkcRd8Dpn7SRjnA",
          "duration": "1s"
        }, {
          "placeId": "ChIJk3Ors3bLHkcRfvSkkOiycL8",
          "duration": "3s"
        }, {
          "placeId": "ChIJcRvIg3bLHkcRH_ggVIkL6Ww",
          "duration": "1s"
        }, {
          "placeId": "ChIJUaW3gXbLHkcRbYGe5rQaRTQ",
          "duration": "1s"
        }, {
          "placeId": "ChIJNc2Q0HXLHkcRSdN72npmlfM",
          "duration": "8s"
        }, {
          "placeId": "ChIJB4qS7HXLHkcRnTNqLvuw-mI",
          "duration": "2s"
        }, {
          "placeId": "ChIJB4qS7HXLHkcRSyXnd7LPLGE",
          "duration": "2s"
        }, {
          "placeId": "ChIJ1_En7XXLHkcR8jiZ1ZF9OGA",
          "duration": "1s"
        }, {
          "placeId": "ChIJK1ypiXXLHkcRvqMEtyl-V74",
          "duration": "1s"
        }, {
          "placeId": "ChIJkfTJLZ7LHkcR-rHQb5gijBc",
          "duration": "6s"
        }, {
          "placeId": "ChIJc0Hvop_LHkcRCCLQpvMzGog",
          "duration": "0s"
        }, {
          "placeId": "ChIJc0Hvop_LHkcRo-iF8oBKRfs",
          "duration": "16s"
        }, {
          "placeId": "ChIJe1VAYp_LHkcRu2SoQ6i1fM8",
          "duration": "0s"
        }, {
          "placeId": "ChIJe1VAYp_LHkcRLpvmojWWCqQ",
          "duration": "3s"
        }, {
          "placeId": "ChIJGY1B36HLHkcRHlLFe6RQZoM",
          "duration": "2s"
        }, {
          "placeId": "ChIJnVBe76HLHkcRRmMJYAQ18KE",
          "duration": "3s"
        }, {
          "placeId": "ChIJ-R1386HLHkcR6j31Xpkw3Q0",
          "duration": "1s"
        }, {
          "placeId": "ChIJ-R1386HLHkcR0uyQxIG5pQs",
          "duration": "2s"
        }, {
          "placeId": "ChIJmcU_JqLLHkcRhigQOdd7Hto",
          "duration": "6s"
        }, {
          "placeId": "ChIJNwmn0qPLHkcRps9B9rxYx1k",
          "duration": "1s"
        }, {
          "placeId": "ChIJNwmn0qPLHkcRapljYLqI3Hc",
          "duration": "1s"
        }, {
          "placeId": "ChIJfZe4z6PLHkcRMEY-pAf8re0",
          "duration": "1s"
        }, {
          "placeId": "ChIJe46Fw6PLHkcRfIr_5_Hi0UQ",
          "duration": "3s"
        }, {
          "placeId": "ChIJe46Fw6PLHkcRbzzFwQoQBaE",
          "duration": "1s"
        }, {
          "placeId": "ChIJ6QfxBKTLHkcRoUltn9WeOZQ",
          "duration": "11s"
        }, {
          "placeId": "ChIJ95L-qKbLHkcRTUWzg0cCTnw",
          "duration": "8s"
        }, {
          "placeId": "ChIJh5HTmKfLHkcRyrGKje9yXcs",
          "duration": "5s"
        }, {
          "placeId": "ChIJh5HTmKfLHkcR8c0NQFMzzQU",
          "duration": "26s"
        }, {
          "placeId": "ChIJ4zsdbQjLHkcR0sJAT6kuMtM",
          "duration": "6s"
        }, {
          "placeId": "ChIJ8QQiWwbLHkcRxza-0c9zcnE",
          "duration": "14s"
        }, {
          "placeId": "ChIJW1n2_APLHkcRbiBlNcOy_0w",
          "duration": "42s"
        }, {
          "placeId": "ChIJ1cv1fQLLHkcRuMo1iI_Zc3g",
          "duration": "6s"
        }, {
          "placeId": "ChIJ1cv1fQLLHkcR9M6zrZOqXxI",
          "duration": "8s"
        }, {
          "placeId": "ChIJ8chgIf3KHkcROlY4vjULi_M",
          "duration": "6s"
        }, {
          "placeId": "ChIJ8chgIf3KHkcRXbu0-BWSczQ",
          "duration": "10s"
        }, {
          "placeId": "ChIJd_36TOPKHkcRevaTNGadSfI",
          "duration": "6s"
        }, {
          "placeId": "ChIJiSVvpuTKHkcR9JUD5XsrJj0",
          "duration": "1s"
        }, {
          "placeId": "ChIJ1YD7weTKHkcRJ_9wHr5Svaw",
          "duration": "12s"
        }, {
          "placeId": "ChIJ4fHF4-TKHkcReGEklwWh2TU",
          "duration": "6s"
        }, {
          "placeId": "ChIJ4fHF4-TKHkcRXPJlEykXIrE",
          "duration": "7s"
        }, {
          "placeId": "ChIJwxuMDOXKHkcRzCook2TMBjs",
          "duration": "7s"
        }, {
          "placeId": "ChIJJy4deOXKHkcRbNpCtmHHIXg",
          "duration": "19s"
        }, {
          "placeId": "ChIJc-u0geXKHkcRTq6KyFlaYLM",
          "duration": "3s"
        }, {
          "placeId": "ChIJDe6Qf-XKHkcRLkwypv8FnM4",
          "duration": "2s"
        }, {
          "placeId": "ChIJ6Yw2fuXKHkcRNM5Y1P7DbG8",
          "duration": "2s"
        }, {
          "placeId": "ChIJ57_Ah-_KHkcROLwEVfsYV3Y",
          "duration": "15s"
        }, {
          "placeId": "ChIJ_69A8-_KHkcR-hB6apeJvtw",
          "duration": "15s"
        }, {
          "placeId": "ChIJJW5L5e_KHkcR0BmQoSlfg5o",
          "duration": "8s"
        }, {
          "placeId": "ChIJk7maF_DKHkcRtf5JUu5HXAY",
          "duration": "43s"
        }, {
          "placeId": "ChIJi-eFQ_DKHkcRYyGTObuZAHQ",
          "duration": "0s"
        }, {
          "placeId": "ChIJe_6iWfDKHkcRLb77Yf5lI2o",
          "duration": "22s"
        }, {
          "placeId": "ChIJnwUE4fDKHkcRcRyyK9AR1bg",
          "duration": "26s"
        }],
        "distanceMeters": 9501.58370138677,
        "travelMode": "DRIVE",
        "confidence": 0.9992244436213517
      },
      "parkingEvent": {
        "location": {
          "latitudeE7": 522521135,
          "longitudeE7": 208984101,
          "accuracyMetres": 63
        },
        "method": "END_OF_ACTIVITY_SEGMENT",
        "locationSource": "FROM_RAW_LOCATION",
        "timestamp": "2022-11-28T13:27:31.999Z"
      }
    }
  }, {
    "activitySegment": {
      "startLocation": {
        "latitudeE7": 522509484,
        "longitudeE7": 208984879,
        "sourceInfo": {
          "deviceTag": 2038012174
        }
      },
      "endLocation": {
        "latitudeE7": 522394152,
        "longitudeE7": 208965757,
        "sourceInfo": {
          "deviceTag": 2038012174
        }
      },
      "duration": {
        "startTimestamp": "2022-11-28T14:45:49Z",
        "endTimestamp": "2022-11-28T14:51:02.999Z"
      },
      "distance": 1289,
      "activityType": "IN_PASSENGER_VEHICLE",
      "confidence": "HIGH",
      "activities": [{
        "activityType": "IN_PASSENGER_VEHICLE",
        "probability": 94.67870593070984
      }, {
        "activityType": "IN_BUS",
        "probability": 1.7690341919660568
      }, {
        "activityType": "STILL",
        "probability": 1.657404936850071
      }, {
        "activityType": "WALKING",
        "probability": 1.0389006696641445
      }, {
        "activityType": "MOTORCYCLING",
        "probability": 0.6727359723299742
      }, {
        "activityType": "CYCLING",
        "probability": 0.11187847703695297
      }, {
        "activityType": "FLYING",
        "probability": 0.019639356469269842
      }, {
        "activityType": "RUNNING",
        "probability": 0.019088412227574736
      }, {
        "activityType": "IN_TRAIN",
        "probability": 0.013317370030563325
      }, {
        "activityType": "IN_FERRY",
        "probability": 0.010178137017646804
      }, {
        "activityType": "IN_SUBWAY",
        "probability": 0.006386618042597547
      }, {
        "activityType": "IN_TRAM",
        "probability": 0.0015326533684856258
      }, {
        "activityType": "SKIING",
        "probability": 7.897200703155249E-4
      }, {
        "activityType": "SAILING",
        "probability": 4.0511899896955583E-4
      }, {
        "activityType": "IN_VEHICLE",
        "probability": 1.0627993624057197E-8
      }],
      "waypointPath": {
        "waypoints": [{
          "latE7": 522509498,
          "lngE7": 208984832
        }, {
          "latE7": 522444152,
          "lngE7": 208971290
        }, {
          "latE7": 522394523,
          "lngE7": 208976917
        }],
        "source": "INFERRED",
        "roadSegment": [{
          "placeId": "ChIJnwUE4fDKHkcRcByyK9AR1bg",
          "duration": "7s"
        }, {
          "placeId": "ChIJe_6iWfDKHkcRLL77Yf5lI2o",
          "duration": "36s"
        }, {
          "placeId": "ChIJi-eFQ_DKHkcRYiGTObuZAHQ",
          "duration": "0s"
        }, {
          "placeId": "ChIJk7maF_DKHkcRtP5JUu5HXAY",
          "duration": "46s"
        }, {
          "placeId": "ChIJJW5L5e_KHkcR0RmQoSlfg5o",
          "duration": "10s"
        }, {
          "placeId": "ChIJ_69A8-_KHkcR-xB6apeJvtw",
          "duration": "20s"
        }, {
          "placeId": "ChIJxWMWie_KHkcRGjoMi-EKnzc",
          "duration": "3s"
        }, {
          "placeId": "ChIJAfZMhu_KHkcR2GPT5p5hiMw",
          "duration": "7s"
        }, {
          "placeId": "ChIJfXRogO_KHkcRyqXoDRPOgUY",
          "duration": "18s"
        }, {
          "placeId": "ChIJyTScgOXKHkcRZOiWjfWETOE",
          "duration": "3s"
        }, {
          "placeId": "ChIJcelGh-XKHkcR86KZQ4pz4hg",
          "duration": "7s"
        }, {
          "placeId": "ChIJYS4rhuXKHkcRr9EJkT1J-OE",
          "duration": "7s"
        }, {
          "placeId": "ChIJK-U-ieXKHkcReHsgqdEvqcg",
          "duration": "3s"
        }, {
          "placeId": "ChIJuyjrjOXKHkcRkra3yEJt1Jw",
          "duration": "13s"
        }, {
          "placeId": "ChIJTdYF8uXKHkcR0IkCK5DPYYY",
          "duration": "7s"
        }, {
          "placeId": "ChIJTzud5eXKHkcRUhf0y9D-8qI",
          "duration": "10s"
        }, {
          "placeId": "ChIJrbpECubKHkcRm31OQQhVkxw",
          "duration": "8s"
        }, {
          "placeId": "ChIJnTVJDebKHkcRAIt9KPscK7c",
          "duration": "10s"
        }, {
          "placeId": "ChIJnTVJDebKHkcRoTVGiCY7x0I",
          "duration": "8s"
        }, {
          "placeId": "ChIJ78TWQebKHkcR3ucl1-G3k-Q",
          "duration": "3s"
        }, {
          "placeId": "ChIJ78TWQebKHkcRm0M3DUHA-tA",
          "duration": "7s"
        }, {
          "placeId": "ChIJdzpMQebKHkcR09B0Bd44gSA",
          "duration": "20s"
        }, {
          "placeId": "ChIJa9-WTubKHkcRrUOlM_s-Cdg",
          "duration": "0s"
        }, {
          "placeId": "ChIJa9-WTubKHkcRpGpAMavgzc0",
          "duration": "3s"
        }, {
          "placeId": "ChIJaZekTebKHkcRfH87IMPT18o",
          "duration": "8s"
        }, {
          "placeId": "ChIJK0BdTebKHkcR6PT6LhPlSps",
          "duration": "10s"
        }, {
          "placeId": "ChIJ40e8VebKHkcR0ynpHaUcJaU",
          "duration": "18s"
        }],
        "distanceMeters": 1385.6461481272713,
        "travelMode": "DRIVE",
        "confidence": 0.9993070573882443
      },
      "parkingEvent": {
        "location": {
          "latitudeE7": 522394291,
          "longitudeE7": 208983962,
          "accuracyMetres": 61
        },
        "method": "END_OF_ACTIVITY_SEGMENT",
        "locationSource": "FROM_RAW_LOCATION",
        "timestamp": "2022-11-28T14:59:29Z"
      }
    }
  }, {
    "activitySegment": {
      "startLocation": {
        "latitudeE7": 522394291,
        "longitudeE7": 208983962,
        "sourceInfo": {
          "deviceTag": 2038012174
        }
      },
      "endLocation": {
        "latitudeE7": 522419246,
        "longitudeE7": 209940146,
        "sourceInfo": {
          "deviceTag": 2038012174
        }
      },
      "duration": {
        "startTimestamp": "2022-11-28T14:59:29Z",
        "endTimestamp": "2022-11-28T15:20:00Z"
      },
      "distance": 6516,
      "activityType": "IN_PASSENGER_VEHICLE",
      "confidence": "HIGH",
      "activities": [{
        "activityType": "IN_PASSENGER_VEHICLE",
        "probability": 88.3429229259491
      }, {
        "activityType": "IN_BUS",
        "probability": 8.418748527765274
      }, {
        "activityType": "STILL",
        "probability": 1.6231192275881767
      }, {
        "activityType": "WALKING",
        "probability": 0.7082253694534302
      }, {
        "activityType": "MOTORCYCLING",
        "probability": 0.2992169698700309
      }, {
        "activityType": "IN_TRAM",
        "probability": 0.19023705972358584
      }, {
        "activityType": "CYCLING",
        "probability": 0.13650691835209727
      }, {
        "activityType": "IN_SUBWAY",
        "probability": 0.11523164575919509
      }, {
        "activityType": "IN_TRAIN",
        "probability": 0.08120767888613045
      }, {
        "activityType": "FLYING",
        "probability": 0.038999938988126814
      }, {
        "activityType": "IN_FERRY",
        "probability": 0.02454828063491732
      }, {
        "activityType": "RUNNING",
        "probability": 0.018702841771300882
      }, {
        "activityType": "SKIING",
        "probability": 0.0016116342521854676
      }, {
        "activityType": "SAILING",
        "probability": 7.18199544280651E-4
      }, {
        "activityType": "IN_VEHICLE",
        "probability": 3.668390391453613E-6
      }]
    }
  }]
}