{
  "timelineObjects": [{
    "activitySegment": {
      "startLocation": {
        "latitudeE7": 522383627,
        "longitudeE7": 210062408,
        "sourceInfo": {
          "deviceTag": -115169579
        }
      },
      "endLocation": {
        "latitudeE7": 522434104,
        "longitudeE7": 210374132,
        "sourceInfo": {
          "deviceTag": -115169579
        }
      },
      "duration": {
        "startTimestamp": "2023-06-03T15:42:06.899Z",
        "endTimestamp": "2023-06-03T17:50:41.999Z"
      },
      "distance": 2195,
      "activityType": "WALKING",
      "confidence": "HIGH",
      "activities": [{
        "activityType": "WALKING",
        "probability": 83.94078016281128
      }, {
        "activityType": "STILL",
        "probability": 12.720067799091339
      }, {
        "activityType": "IN_PASSENGER_VEHICLE",
        "probability": 1.570163294672966
      }, {
        "activityType": "RUNNING",
        "probability": 0.8729938417673111
      }, {
        "activityType": "CYCLING",
        "probability": 0.4707758314907551
      }, {
        "activityType": "IN_BUS",
        "probability": 0.12390214251354337
      }, {
        "activityType": "IN_TRAIN",
        "probability": 0.08619902655482292
      }, {
        "activityType": "IN_SUBWAY",
        "probability": 0.0726701517123729
      }, {
        "activityType": "IN_TRAM",
        "probability": 0.04360511957202107
      }, {
        "activityType": "IN_FERRY",
        "probability": 0.03943362389691174
      }, {
        "activityType": "SKIING",
        "probability": 0.029992772033438087
      }, {
        "activityType": "MOTORCYCLING",
        "probability": 0.024355102505069226
      }, {
        "activityType": "SAILING",
        "probability": 0.003436233237152919
      }, {
        "activityType": "FLYING",
        "probability": 0.0016149151633726433
      }, {
        "activityType": "IN_VEHICLE",
        "probability": 3.5571751766383386E-6
      }],
      "waypointPath": {
        "waypoints": [{
          "latE7": 522384262,
          "lngE7": 210063133
        }, {
          "latE7": 522426795,
          "lngE7": 210178470
        }, {
          "latE7": 522431793,
          "lngE7": 210258178
        }, {
          "latE7": 522410316,
          "lngE7": 210311203
        }, {
          "latE7": 522412071,
          "lngE7": 210307064
        }, {
          "latE7": 522408065,
          "lngE7": 210316753
        }, {
          "latE7": 522441406,
          "lngE7": 210425205
        }, {
          "latE7": 522437667,
          "lngE7": 210382785
        }, {
          "latE7": 522483901,
          "lngE7": 210291061
        }, {
          "latE7": 522441864,
          "lngE7": 210367050
        }, {
          "latE7": 522434234,
          "lngE7": 210373249
        }],
        "source": "INFERRED",
        "distanceMeters": 5426.710382723349,
        "travelMode": "WALK",
        "confidence": 0.9989284390898053
      },
      "simplifiedRawPath": {
        "points": [{
          "latE7": 522432518,
          "lngE7": 210255108,
          "accuracyMeters": 19,
          "timestamp": "2023-06-03T16:01:15.174Z"
        }, {
          "latE7": 522413673,
          "lngE7": 210309753,
          "accuracyMeters": 40,
          "timestamp": "2023-06-03T16:07:12.211Z"
        }, {
          "latE7": 522441940,
          "lngE7": 210425606,
          "accuracyMeters": 68,
          "timestamp": "2023-06-03T16:15:08.651Z"
        }, {
          "latE7": 522486649,
          "lngE7": 210288982,
          "accuracyMeters": 45,
          "timestamp": "2023-06-03T16:18:31.572Z"
        }]
      }
    }
  }, {
    "activitySegment": {
      "startLocation": {
        "latitudeE7": 522434104,
        "longitudeE7": 210374132,
        "sourceInfo": {
          "deviceTag": -115169579
        }
      },
      "endLocation": {
        "latitudeE7": 522129625,
        "longitudeE7": 210222522,
        "sourceInfo": {
          "deviceTag": -115169579
        }
      },
      "duration": {
        "startTimestamp": "2023-06-03T17:50:41.999Z",
        "endTimestamp": "2023-06-03T18:03:54.187Z"
      },
      "distance": 3539,
      "activityType": "IN_PASSENGER_VEHICLE",
      "confidence": "LOW",
      "activities": [{
        "activityType": "IN_PASSENGER_VEHICLE",
        "probability": 35.788267850875854
      }, {
        "activityType": "IN_BUS",
        "probability": 22.00242727994919
      }, {
        "activityType": "CYCLING",
        "probability": 16.426339745521545
      }, {
        "activityType": "WALKING",
        "probability": 13.679862022399902
      }, {
        "activityType": "IN_TRAM",
        "probability": 4.239007458090782
      }, {
        "activityType": "IN_SUBWAY",
        "probability": 2.6993630453944206
      }, {
        "activityType": "MOTORCYCLING",
        "probability": 2.6168284937739372
      }, {
        "activityType": "IN_TRAIN",
        "probability": 1.426459662616253
      }, {
        "activityType": "STILL",
        "probability": 0.5831683985888958
      }, {
        "activityType": "RUNNING",
        "probability": 0.39689894765615463
      }, {
        "activityType": "IN_FERRY",
        "probability": 0.11609400389716029
      }, {
        "activityType": "SKIING",
        "probability": 0.012402258289512247
      }, {
        "activityType": "FLYING",
        "probability": 0.008040657849051058
      }, {
        "activityType": "SAILING",
        "probability": 0.004823886047233827
      }, {
        "activityType": "IN_VEHICLE",
        "probability": 2.021739931024058E-5
      }],
      "waypointPath": {
        "waypoints": [{
          "latE7": 522433471,
          "lngE7": 210374889
        }, {
          "latE7": 522258491,
          "lngE7": 210430335
        }, {
          "latE7": 522130012,
          "lngE7": 210223312
        }],
        "source": "INFERRED",
        "roadSegment": [{
          "placeId": "ChIJwyqCGVDMHkcRw9PlVhvlgTI",
          "duration": "1s"
        }, {
          "placeId": "ChIJwyqCGVDMHkcRxEnSrvK1ZLk",
          "duration": "4s"
        }, {
          "placeId": "ChIJLyr6EVDMHkcRx3FnxCFPffU",
          "duration": "7s"
        }, {
          "placeId": "ChIJe64gDVDMHkcRH1H2wm21aKM",
          "duration": "2s"
        }, {
          "placeId": "ChIJXz4yh1rMHkcRbvnTw2e5nkE",
          "duration": "7s"
        }, {
          "placeId": "ChIJXz4yh1rMHkcRxiYNeqbqlls",
          "duration": "19s"
        }, {
          "placeId": "ChIJxTC-alrMHkcRB0uLwxhKV6U",
          "duration": "4s"
        }, {
          "placeId": "ChIJD9iFPlrMHkcRdlfndeI4qgk",
          "duration": "20s"
        }, {
          "placeId": "ChIJU4UoIVrMHkcR8gGF2y4UV8I",
          "duration": "13s"
        }, {
          "placeId": "ChIJU4UoIVrMHkcRwgtY0Idnn38",
          "duration": "7s"
        }, {
          "placeId": "ChIJFb5d9VnMHkcR3MgaMV5SyOo",
          "duration": "2s"
        }, {
          "placeId": "ChIJE-ZH-lnMHkcR4neaFou95fI",
          "duration": "1s"
        }, {
          "placeId": "ChIJE-ZH-lnMHkcRnuqpGtzM8Fg",
          "duration": "33s"
        }, {
          "placeId": "ChIJ3x-64lnMHkcRRaL4wl1KyRw",
          "duration": "26s"
        }, {
          "placeId": "ChIJ6-4VcVfMHkcRAA_FV5gNf_A",
          "duration": "58s"
        }, {
          "placeId": "ChIJm5jPmlfMHkcRQ2ETzEkZsk4",
          "duration": "4s"
        }, {
          "placeId": "ChIJ23QGkFfMHkcR5XKsGS7frqY",
          "duration": "2s"
        }, {
          "placeId": "ChIJM5lekFfMHkcR7M88Q9qMuxk",
          "duration": "3s"
        }, {
          "placeId": "ChIJKyAvl1fMHkcRmvxtc2FsbEM",
          "duration": "3s"
        }, {
          "placeId": "ChIJfVOrl1fMHkcRmDkxZpUnL2g",
          "duration": "1s"
        }, {
          "placeId": "ChIJQT4sllfMHkcRZC7LhSRcC4M",
          "duration": "2s"
        }, {
          "placeId": "ChIJO8IIvFfMHkcRQyMBjtzP_vk",
          "duration": "6s"
        }, {
          "placeId": "ChIJO8IIvFfMHkcR0-rnY88DikM",
          "duration": "3s"
        }, {
          "placeId": "ChIJo9cWt1fMHkcRuIn1OF3UbIw",
          "duration": "4s"
        }, {
          "placeId": "ChIJo9cWt1fMHkcRa7X1A8-OuCQ",
          "duration": "1s"
        }, {
          "placeId": "ChIJ33NUtVfMHkcRl-YRI9GAqmA",
          "duration": "4s"
        }, {
          "placeId": "ChIJ33NUtVfMHkcRXZyG-Sc6Dk0",
          "duration": "8s"
        }, {
          "placeId": "ChIJfSZENlbMHkcRqbsaWYIifAA",
          "duration": "3s"
        }, {
          "placeId": "ChIJgxDWOVbMHkcRIx-ujUYQ2YQ",
          "duration": "4s"
        }, {
          "placeId": "ChIJxWN9OVbMHkcRvRZZnzLX3cM",
          "duration": "2s"
        }, {
          "placeId": "ChIJezXLPVbMHkcRG55t49zwVg0",
          "duration": "7s"
        }, {
          "placeId": "ChIJMwi4EFbMHkcRtU5RTVknOew",
          "duration": "12s"
        }, {
          "placeId": "ChIJZ3wFB1bMHkcRW4adFD_1OtQ",
          "duration": "3s"
        }, {
          "placeId": "ChIJZ3wFB1bMHkcRPwdj-xxGJh8",
          "duration": "14s"
        }, {
          "placeId": "ChIJKUp-91XMHkcRx6zt9xJbP_I",
          "duration": "20s"
        }, {
          "placeId": "ChIJwSwT9FXMHkcRudx-i13pueM",
          "duration": "16s"
        }, {
          "placeId": "ChIJCzJg8lXMHkcRze-hRtVZEyo",
          "duration": "6s"
        }, {
          "placeId": "ChIJoWMzj1XMHkcRhsc7fzuLxcg",
          "duration": "7s"
        }, {
          "placeId": "ChIJoWMzj1XMHkcR4dyTnJvIT24",
          "duration": "9s"
        }, {
          "placeId": "ChIJZwA4hP_MHkcRFjuEx77VW7g",
          "duration": "9s"
        }, {
          "placeId": "ChIJ3caak__MHkcR4r2xzIB2yu8",
          "duration": "2s"
        }, {
          "placeId": "ChIJhc9_k__MHkcRiIRJ3gd_MDw",
          "duration": "0s"
        }, {
          "placeId": "ChIJW-T40P_MHkcR6IWUGJihsTw",
          "duration": "10s"
        }, {
          "placeId": "ChIJW-T40P_MHkcRZ0RZdtw42TU",
          "duration": "3s"
        }, {
          "placeId": "ChIJtXOX1gHNHkcRe2yHu79klhk",
          "duration": "0s"
        }, {
          "placeId": "ChIJM_bT0AHNHkcRIXxT5FazQUc",
          "duration": "1s"
        }, {
          "placeId": "ChIJqblywwHNHkcR3STzSEZPPzk",
          "duration": "7s"
        }, {
          "placeId": "ChIJbynpkgHNHkcRtzzmZmwci4Y",
          "duration": "6s"
        }, {
          "placeId": "ChIJndAniQHNHkcRgVNPvRetnBs",
          "duration": "1s"
        }, {
          "placeId": "ChIJQ-8eKALNHkcRWwY0tiNpNYI",
          "duration": "4s"
        }, {
          "placeId": "ChIJI6OrKQLNHkcRnDgTrB3wuDw",
          "duration": "0s"
        }, {
          "placeId": "ChIJl-X6LQLNHkcRQAbtoGalS8g",
          "duration": "7s"
        }, {
          "placeId": "ChIJh_TNNQLNHkcRRVC3OKfe4Ms",
          "duration": "4s"
        }, {
          "placeId": "ChIJJeaaSQLNHkcRj5BFwQda0YE",
          "duration": "4s"
        }, {
          "placeId": "ChIJaXgRUALNHkcRpSUZYfY429Y",
          "duration": "14s"
        }, {
          "placeId": "ChIJeZaY9gLNHkcRlRIh5SckSe0",
          "duration": "4s"
        }, {
          "placeId": "ChIJeZaY9gLNHkcRJQQ4Lz-QiuA",
          "duration": "9s"
        }, {
          "placeId": "ChIJSc9DkwLNHkcRygYSolO-9GE",
          "duration": "16s"
        }, {
          "placeId": "ChIJSc9DkwLNHkcR7ef-i0bahd0",
          "duration": "12s"
        }, {
          "placeId": "ChIJDTjblQLNHkcRKJSvB7Ljdao",
          "duration": "14s"
        }, {
          "placeId": "ChIJhX9YrwLNHkcRSdeQkeYESAE",
          "duration": "2s"
        }, {
          "placeId": "ChIJVdUAqQLNHkcRpEloytmVrlQ",
          "duration": "7s"
        }, {
          "placeId": "ChIJbbA7uOLMHkcRnRXTIT0FDqA",
          "duration": "8s"
        }, {
          "placeId": "ChIJbbA7uOLMHkcRMA7gR_1C3yk",
          "duration": "28s"
        }, {
          "placeId": "ChIJ3Wd2A-PMHkcRnlTnJY_Lr84",
          "duration": "4s"
        }, {
          "placeId": "ChIJ3Wd2A-PMHkcR4q6GnNc6z3w",
          "duration": "4s"
        }, {
          "placeId": "ChIJHxXYoOPMHkcRXkj2M8GPsfQ",
          "duration": "7s"
        }, {
          "placeId": "ChIJO3hpkOPMHkcR8EcvnASkJm4",
          "duration": "7s"
        }, {
          "placeId": "ChIJoba6i-PMHkcR_ODPdiwyN-Q",
          "duration": "6s"
        }, {
          "placeId": "ChIJ0T6YC-TMHkcR0RBqTKkhTTc",
          "duration": "6s"
        }, {
          "placeId": "ChIJ0T6YC-TMHkcRcFhgRCJCbEM",
          "duration": "0s"
        }, {
          "placeId": "ChIJ73JjEeTMHkcRUtUXyHhKpvk",
          "duration": "4s"
        }, {
          "placeId": "ChIJ73JjEeTMHkcRKpRSpf9iElE",
          "duration": "8s"
        }, {
          "placeId": "ChIJCTigFeTMHkcRYoIHRIe0lWY",
          "duration": "3s"
        }, {
          "placeId": "ChIJQ8jHbOTMHkcRvNHyT7st4G4",
          "duration": "7s"
        }, {
          "placeId": "ChIJQ8jHbOTMHkcRqVl1-jfE9AY",
          "duration": "18s"
        }, {
          "placeId": "ChIJL7AnDeTMHkcRIa3HR9L-GR4",
          "duration": "2s"
        }, {
          "placeId": "ChIJCQ_kDOTMHkcREUvzSzw7WkE",
          "duration": "3s"
        }, {
          "placeId": "ChIJCUPKDuTMHkcRpIQ1PfYqr-E",
          "duration": "14s"
        }, {
          "placeId": "ChIJ5yzyBuTMHkcRwRvtVAEf314",
          "duration": "9s"
        }, {
          "placeId": "ChIJL40iAeTMHkcRacwc_1BgyW8",
          "duration": "6s"
        }, {
          "placeId": "ChIJ6eLSAeTMHkcR-gWR1gpYfV4",
          "duration": "4s"
        }, {
          "placeId": "ChIJ75MEq-bMHkcRoVTdrejs7uc",
          "duration": "3s"
        }, {
          "placeId": "ChIJ75MEq-bMHkcRTp-A6SDgI28",
          "duration": "1s"
        }, {
          "placeId": "ChIJ5ZVerebMHkcRoGv3OnFXcug",
          "duration": "19s"
        }, {
          "placeId": "ChIJ2zU6M-HMHkcRsoMQgBOh_SE",
          "duration": "12s"
        }, {
          "placeId": "ChIJ2zU6M-HMHkcR765aCU590Hc",
          "duration": "7s"
        }, {
          "placeId": "ChIJf-1yK-HMHkcRZRVCTcriqTg",
          "duration": "2s"
        }, {
          "placeId": "ChIJrYZU1ODMHkcRSZKaIRiVdrg",
          "duration": "12s"
        }, {
          "placeId": "ChIJ19SKzeDMHkcRFzkZn3zZteg",
          "duration": "3s"
        }, {
          "placeId": "ChIJ6abmy-DMHkcRPqRtuDkFmMc",
          "duration": "13s"
        }, {
          "placeId": "ChIJTxWHseDMHkcRn5xrMOQsVJY",
          "duration": "14s"
        }, {
          "placeId": "ChIJTxWHseDMHkcRAdTyT0NxSGg",
          "duration": "6s"
        }, {
          "placeId": "ChIJU_UYrODMHkcREtLwlv_k3RQ",
          "duration": "0s"
        }, {
          "placeId": "ChIJP8gWrODMHkcRBV2Ca65z7XU",
          "duration": "0s"
        }, {
          "placeId": "ChIJm64SrODMHkcRFaL0sAn4AzA",
          "duration": "1s"
        }, {
          "placeId": "ChIJJ5J2rODMHkcRE3OVxhvOAjk",
          "duration": "0s"
        }, {
          "placeId": "ChIJ7SGZq-DMHkcRtZauR6hQnY0",
          "duration": "4s"
        }, {
          "placeId": "ChIJt6-pq-DMHkcR--gJ6PtuLus",
          "duration": "1s"
        }, {
          "placeId": "ChIJHXVAquDMHkcR5PWVZEcpYvQ",
          "duration": "4s"
        }, {
          "placeId": "ChIJTQ0FAt7MHkcRsYtSD3dunKQ",
          "duration": "0s"
        }, {
          "placeId": "ChIJTQ0FAt7MHkcRvdOiMxpgN9M",
          "duration": "1s"
        }, {
          "placeId": "ChIJWZJtAt7MHkcRHS-kP7r6N3g",
          "duration": "0s"
        }, {
          "placeId": "ChIJBVdiAt7MHkcRLe2Mdcw2bE4",
          "duration": "1s"
        }, {
          "placeId": "ChIJscIFqODMHkcRYBItIr4GQ50",
          "duration": "3s"
        }, {
          "placeId": "ChIJq-VBHd7MHkcRzseJFSqh7uQ",
          "duration": "6s"
        }, {
          "placeId": "ChIJk2nqHt7MHkcRqqdD5FUID1A",
          "duration": "4s"
        }],
        "distanceMeters": 5328.324133099666,
        "travelMode": "DRIVE",
        "confidence": 0.981582786155776
      },
      "parkingEvent": {
        "location": {
          "latitudeE7": 522127975,
          "longitudeE7": 210220885,
          "accuracyMetres": 31
        },
        "method": "EXITING_VEHICLE_SIGNAL",
        "locationSource": "NOT_FROM_RAW_LOCATION",
        "timestamp": "2023-06-03T18:03:38.912Z"
      }
    }
  }, {
    "activitySegment": {
      "startLocation": {
        "latitudeE7": 522368140,
        "longitudeE7": 209995910,
        "sourceInfo": {
          "deviceTag": -115169579
        }
      },
      "endLocation": {
        "latitudeE7": 522582007,
        "longitudeE7": 209828843,
        "sourceInfo": {
          "deviceTag": -115169579
        }
      },
      "duration": {
        "startTimestamp": "2023-06-07T16:57:04.988Z",
        "endTimestamp": "2023-06-07T17:11:07.410Z"
      },
      "distance": 2636,
      "activityType": "IN_PASSENGER_VEHICLE",
      "confidence": "HIGH",
      "activities": [{
        "activityType": "IN_PASSENGER_VEHICLE",
        "probability": 84.11474227905273
      }, {
        "activityType": "STILL",
        "probability": 9.720340371131897
      }, {
        "activityType": "WALKING",
        "probability": 4.173658043146133
      }, {
        "activityType": "CYCLING",
        "probability": 0.9864428080618382
      }, {
        "activityType": "RUNNING",
        "probability": 0.4400509875267744
      }, {
        "activityType": "IN_BUS",
        "probability": 0.14102979330345988
      }, {
        "activityType": "IN_FERRY",
        "probability": 0.12370720505714417
      }, {
        "activityType": "IN_TRAM",
        "probability": 0.10665964800864458
      }, {
        "activityType": "SKIING",
        "probability": 0.05871968460269272
      }, {
        "activityType": "MOTORCYCLING",
        "probability": 0.045830290764570236
      }, {
        "activityType": "IN_TRAIN",
        "probability": 0.04353947297204286
      }, {
        "activityType": "IN_SUBWAY",
        "probability": 0.023072771728038788
      }, {
        "activityType": "SAILING",
        "probability": 0.013018651225138456
      }, {
        "activityType": "FLYING",
        "probability": 0.009189071715809405
      }, {
        "activityType": "IN_VEHICLE",
        "probability": 1.0857283072596147E-6
      }],
      "waypointPath": {
        "waypoints": [{
          "latE7": 522368125,
          "lngE7": 209995880
        }, {
          "latE7": 522434883,
          "lngE7": 209924163
        }, {
          "latE7": 522539978,
          "lngE7": 209833259
        }],
        "source": "INFERRED",
        "roadSegment": [{
          "placeId": "ChIJA-8f_4jMHkcRX8rGjlpd2aY",
          "duration": "4s"
        }, {
          "placeId": "ChIJcy3q_ojMHkcRcrgZDDYwqAY",
          "duration": "2s"
        }, {
          "placeId": "ChIJg1v3-4jMHkcRAEOin_68p0s",
          "duration": "16s"
        }, {
          "placeId": "ChIJU_Ao-4jMHkcRYDNKDdap-Ws",
          "duration": "14s"
        }, {
          "placeId": "ChIJfyKF74jMHkcRrj9Y60wiA18",
          "duration": "16s"
        }, {
          "placeId": "ChIJ2ybN7ojMHkcRMIqoPLUyNPA",
          "duration": "16s"
        }, {
          "placeId": "ChIJv7mA6YjMHkcRIvH3mc7jlf8",
          "duration": "11s"
        }, {
          "placeId": "ChIJf6p_6ojMHkcRhSDgiDm7lDw",
          "duration": "19s"
        }, {
          "placeId": "ChIJOf9dlIjMHkcRZH7M3Q8gGHI",
          "duration": "9s"
        }, {
          "placeId": "ChIJOf9dlIjMHkcRBJ2_xny_ySo",
          "duration": "16s"
        }, {
          "placeId": "ChIJI4-3kYjMHkcRs7KurIERkfw",
          "duration": "4s"
        }, {
          "placeId": "ChIJXazEhYjMHkcRD8zODnEJPjc",
          "duration": "26s"
        }, {
          "placeId": "ChIJtRGuf4jMHkcR2HYQoeWvyT4",
          "duration": "4s"
        }, {
          "placeId": "ChIJtRGuf4jMHkcRlgEOe638_Eg",
          "duration": "7s"
        }, {
          "placeId": "ChIJM1z42YfMHkcR-9OuFxbz3oU",
          "duration": "43s"
        }, {
          "placeId": "ChIJ6Yguw4fMHkcR78Mh9N5Y5B0",
          "duration": "2s"
        }, {
          "placeId": "ChIJL7eNwofMHkcRIaf7el83AAE",
          "duration": "9s"
        }, {
          "placeId": "ChIJA-3W64fMHkcRSXl_bUxaqHg",
          "duration": "19s"
        }, {
          "placeId": "ChIJy1zn7IfMHkcRil_y8lHCVDI",
          "duration": "0s"
        }, {
          "placeId": "ChIJj2-ZkofMHkcRzN9Jt87wQAI",
          "duration": "14s"
        }, {
          "placeId": "ChIJDRuSjofMHkcRzOypeXI_8kQ",
          "duration": "11s"
        }, {
          "placeId": "ChIJd4gxhofMHkcRkqL1j54nhCE",
          "duration": "21s"
        }, {
          "placeId": "ChIJO7dcfn3MHkcRRNmpNUEXG9A",
          "duration": "26s"
        }, {
          "placeId": "ChIJwySzg33MHkcRXqmr89U3qlE",
          "duration": "33s"
        }, {
          "placeId": "ChIJ4dGFmn3MHkcREdU83y3KhHA",
          "duration": "21s"
        }, {
          "placeId": "ChIJk1_qkH3MHkcRAHXTbhKQ2-Y",
          "duration": "4s"
        }, {
          "placeId": "ChIJk1_qkH3MHkcR-BIXzHy2EyE",
          "duration": "11s"
        }, {
          "placeId": "ChIJ7-qwln3MHkcRVq3t780TwL0",
          "duration": "2s"
        }, {
          "placeId": "ChIJjwekln3MHkcRsiuzn-Z2o0I",
          "duration": "0s"
        }, {
          "placeId": "ChIJO22gln3MHkcRjizh7OluYJ8",
          "duration": "0s"
        }, {
          "placeId": "ChIJpbknlH3MHkcRxxgAmEMTGHw",
          "duration": "2s"
        }, {
          "placeId": "ChIJpfEAwX3MHkcRzgU2qrgHHl0",
          "duration": "21s"
        }, {
          "placeId": "ChIJpfEAwX3MHkcReXv_qqP3KX8",
          "duration": "23s"
        }, {
          "placeId": "ChIJb3ui2n3MHkcRGx49Mq5n6Z8",
          "duration": "14s"
        }, {
          "placeId": "ChIJ16vg1X3MHkcRR7jIQjVuii0",
          "duration": "9s"
        }, {
          "placeId": "ChIJi6k4hn7MHkcRAP_JjIEWK7M",
          "duration": "31s"
        }, {
          "placeId": "ChIJ9eKMjX7MHkcRSa8LVDoqjnc",
          "duration": "4s"
        }, {
          "placeId": "ChIJ6QQL7H7MHkcRRmtlE8wWsRc",
          "duration": "4s"
        }, {
          "placeId": "ChIJdbxZ6X7MHkcRsnECI-TDZGk",
          "duration": "9s"
        }, {
          "placeId": "ChIJdbxZ6X7MHkcR4AHhDYXfiDs",
          "duration": "7s"
        }, {
          "placeId": "ChIJ6zml3X7MHkcRuz_ODilFPvI",
          "duration": "7s"
        }, {
          "placeId": "ChIJMbk0L3_MHkcRLdiFk-RhhYo",
          "duration": "31s"
        }, {
          "placeId": "ChIJqcI1y3jMHkcR9WY7aP_-okU",
          "duration": "2s"
        }, {
          "placeId": "ChIJqcI1y3jMHkcRAytQPNPGfn4",
          "duration": "4s"
        }, {
          "placeId": "ChIJex59sHjMHkcRmaBLITNbkEA",
          "duration": "33s"
        }, {
          "placeId": "ChIJqzJgYIfLHkcRjRHp_L1nMRw",
          "duration": "16s"
        }, {
          "placeId": "ChIJK-eOZYfLHkcRc4euoim6Rv4",
          "duration": "4s"
        }, {
          "placeId": "ChIJ6XDkcYfLHkcR3KktwC2qWiQ",
          "duration": "9s"
        }, {
          "placeId": "ChIJpScPC4fLHkcRBhU8BoNEuqg",
          "duration": "28s"
        }, {
          "placeId": "ChIJEe7Mp4fLHkcRSsL6-BOaTa0",
          "duration": "14s"
        }, {
          "placeId": "ChIJEe7Mp4fLHkcRn5adeqYbDvs",
          "duration": "0s"
        }, {
          "placeId": "ChIJIzrTrofLHkcRWyhrxj8KkKQ",
          "duration": "7s"
        }, {
          "placeId": "ChIJpwy4rofLHkcRLrI31uA8t24",
          "duration": "2s"
        }, {
          "placeId": "ChIJtZKerofLHkcR2FkOAak86WU",
          "duration": "2s"
        }, {
          "placeId": "ChIJa366rYfLHkcRR7fZcWl-yck",
          "duration": "4s"
        }, {
          "placeId": "ChIJa366rYfLHkcRBqCcQNQGoeI",
          "duration": "2s"
        }, {
          "placeId": "ChIJ8UlVSYbLHkcRuJfy1zatiY4",
          "duration": "26s"
        }, {
          "placeId": "ChIJ8UlVSYbLHkcRKQpi1M6CEX4",
          "duration": "14s"
        }, {
          "placeId": "ChIJ49AMSIbLHkcRgLrs4oAAGW4",
          "duration": "28s"
        }, {
          "placeId": "ChIJh33uGYbLHkcRzsoH81h7u4w",
          "duration": "2s"
        }, {
          "placeId": "ChIJh33uGYbLHkcRSx8cx9H0T5Y",
          "duration": "9s"
        }, {
          "placeId": "ChIJR8NuG4bLHkcReQ7S43PQiZ0",
          "duration": "14s"
        }, {
          "placeId": "ChIJR8NuG4bLHkcRl7JjBZOq0Is",
          "duration": "7s"
        }, {
          "placeId": "ChIJZytdqojLHkcRovrRgoAZj9Q",
          "duration": "40s"
        }],
        "distanceMeters": 2415.097067970004,
        "travelMode": "DRIVE",
        "confidence": 1.0
      },
      "parkingEvent": {
        "location": {
          "latitudeE7": 522538512,
          "longitudeE7": 209834569,
          "accuracyMetres": 101
        },
        "method": "END_OF_ACTIVITY_SEGMENT",
        "locationSource": "NOT_FROM_RAW_LOCATION",
        "timestamp": "2023-06-07T17:08:11.154Z"
      }
    }
  }, {
    "activitySegment": {
      "startLocation": {
        "latitudeE7": 522566442,
        "longitudeE7": 209850634,
        "sourceInfo": {
          "deviceTag": -115169579
        }
      },
      "endLocation": {
        "latitudeE7": 522429936,
        "longitudeE7": 210029677,
        "sourceInfo": {
          "deviceTag": -115169579
        }
      },
      "duration": {
        "startTimestamp": "2023-06-07T17:27:37.847Z",
        "endTimestamp": "2023-06-07T17:37:02.512Z"
      },
      "distance": 1946,
      "activityType": "IN_PASSENGER_VEHICLE",
      "confidence": "HIGH",
      "activities": [{
        "activityType": "IN_PASSENGER_VEHICLE",
        "probability": 88.42054605484009
      }, {
        "activityType": "STILL",
        "probability": 7.84531757235527
      }, {
        "activityType": "WALKING",
        "probability": 2.3355869576334953
      }, {
        "activityType": "CYCLING",
        "probability": 0.7863330654799938
      }, {
        "activityType": "RUNNING",
        "probability": 0.2602409105747938
      }, {
        "activityType": "IN_BUS",
        "probability": 0.10047942632809281
      }, {
        "activityType": "IN_TRAM",
        "probability": 0.06914352998137474
      }, {
        "activityType": "SKIING",
        "probability": 0.04914320888929069
      }, {
        "activityType": "IN_FERRY",
        "probability": 0.0484841235447675
      }, {
        "activityType": "MOTORCYCLING",
        "probability": 0.033567281207069755
      }, {
        "activityType": "IN_TRAIN",
        "probability": 0.022365115000866354
      }, {
        "activityType": "IN_SUBWAY",
        "probability": 0.01546153798699379
      }, {
        "activityType": "FLYING",
        "probability": 0.008382785745197907
      }, {
        "activityType": "SAILING",
        "probability": 0.004948040441377088
      }, {
        "activityType": "IN_VEHICLE",
        "probability": 5.609693598529475E-7
      }]
    }
  }, {
    "activitySegment": {
      "startLocation": {
        "latitudeE7": 522370618,
        "longitudeE7": 209991580,
        "sourceInfo": {
          "deviceTag": -115169579
        }
      },
      "endLocation": {
        "latitudeE7": 522523171,
        "longitudeE7": 209003330,
        "sourceInfo": {
          "deviceTag": -115169579
        }
      },
      "duration": {
        "startTimestamp": "2023-06-15T11:17:32.932Z",
        "endTimestamp": "2023-06-15T13:36:50.029Z"
      },
      "distance": 24346,
      "activityType": "IN_PASSENGER_VEHICLE",
      "confidence": "LOW",
      "activities": [{
        "activityType": "IN_PASSENGER_VEHICLE",
        "probability": 46.52029871940613
      }, {
        "activityType": "STILL",
        "probability": 28.496599197387695
      }, {
        "activityType": "IN_BUS",
        "probability": 7.806680351495743
      }, {
        "activityType": "CYCLING",
        "probability": 4.725160077214241
      }, {
        "activityType": "IN_SUBWAY",
        "probability": 3.310631588101387
      }, {
        "activityType": "WALKING",
        "probability": 3.2873954623937607
      }, {
        "activityType": "IN_TRAIN",
        "probability": 3.1190676614642143
      }, {
        "activityType": "MOTORCYCLING",
        "probability": 1.5277521684765816
      }, {
        "activityType": "IN_FERRY",
        "probability": 0.41445791721343994
      }, {
        "activityType": "IN_TRAM",
        "probability": 0.3235896583646536
      }, {
        "activityType": "FLYING",
        "probability": 0.26491808239370584
      }, {
        "activityType": "RUNNING",
        "probability": 0.14809597050771117
      }, {
        "activityType": "SKIING",
        "probability": 0.03138842876069248
      }, {
        "activityType": "SAILING",
        "probability": 0.023969614994712174
      }, {
        "activityType": "IN_VEHICLE",
        "probability": 1.979578057031972E-7
      }],
      "simplifiedRawPath": {
        "points": [{
          "latE7": 522526696,
          "lngE7": 209004472,
          "accuracyMeters": 29,
          "timestamp": "2023-06-15T13:06:51.153Z"
        }, {
          "latE7": 522524185,
          "lngE7": 209002576,
          "accuracyMeters": 11,
          "timestamp": "2023-06-15T13:07:50.145Z"
        }, {
          "latE7": 522525588,
          "lngE7": 209002060,
          "accuracyMeters": 58,
          "timestamp": "2023-06-15T13:07:55.126Z"
        }, {
          "latE7": 522522413,
          "lngE7": 208998573,
          "accuracyMeters": 13,
          "timestamp": "2023-06-15T13:08:18.595Z"
        }, {
          "latE7": 522516690,
          "lngE7": 208992279,
          "accuracyMeters": 21,
          "timestamp": "2023-06-15T13:08:55.235Z"
        }, {
          "latE7": 522522069,
          "lngE7": 208998159,
          "accuracyMeters": 10,
          "timestamp": "2023-06-15T13:09:34.730Z"
        }, {
          "latE7": 522516425,
          "lngE7": 208992434,
          "accuracyMeters": 23,
          "timestamp": "2023-06-15T13:09:45.408Z"
        }, {
          "latE7": 522521818,
          "lngE7": 208998091,
          "accuracyMeters": 12,
          "timestamp": "2023-06-15T13:10:06.151Z"
        }, {
          "latE7": 522525900,
          "lngE7": 209002381,
          "accuracyMeters": 37,
          "timestamp": "2023-06-15T13:11:00.281Z"
        }, {
          "latE7": 522521908,
          "lngE7": 208988958,
          "accuracyMeters": 7,
          "timestamp": "2023-06-15T13:11:19.300Z"
        }, {
          "latE7": 522499224,
          "lngE7": 208978037,
          "accuracyMeters": 32,
          "timestamp": "2023-06-15T13:12:33.395Z"
        }, {
          "latE7": 522495714,
          "lngE7": 208982356,
          "accuracyMeters": 77,
          "timestamp": "2023-06-15T13:13:02.990Z"
        }, {
          "latE7": 522498071,
          "lngE7": 208976640,
          "accuracyMeters": 49,
          "timestamp": "2023-06-15T13:13:11.980Z"
        }, {
          "latE7": 522499441,
          "lngE7": 208974073,
          "accuracyMeters": 87,
          "timestamp": "2023-06-15T13:13:40.259Z"
        }, {
          "latE7": 522450916,
          "lngE7": 209032555,
          "accuracyMeters": 40,
          "timestamp": "2023-06-15T13:14:48.330Z"
        }, {
          "latE7": 522445420,
          "lngE7": 209053346,
          "accuracyMeters": 67,
          "timestamp": "2023-06-15T13:15:06.347Z"
        }, {
          "latE7": 522449790,
          "lngE7": 209076708,
          "accuracyMeters": 93,
          "timestamp": "2023-06-15T13:16:00.411Z"
        }, {
          "latE7": 522326773,
          "lngE7": 209555641,
          "accuracyMeters": 16,
          "timestamp": "2023-06-15T13:27:10.034Z"
        }, {
          "latE7": 522305807,
          "lngE7": 209562019,
          "accuracyMeters": 29,
          "timestamp": "2023-06-15T13:27:46.063Z"
        }, {
          "latE7": 522321722,
          "lngE7": 209604539,
          "accuracyMeters": 21,
          "timestamp": "2023-06-15T13:28:40.089Z"
        }, {
          "latE7": 522366090,
          "lngE7": 209794141,
          "accuracyMeters": 36,
          "timestamp": "2023-06-15T13:31:42.404Z"
        }, {
          "latE7": 522440781,
          "lngE7": 210008440,
          "accuracyMeters": 27,
          "timestamp": "2023-06-15T13:35:01.996Z"
        }, {
          "latE7": 522430184,
          "lngE7": 210028907,
          "accuracyMeters": 72,
          "timestamp": "2023-06-15T13:35:19.986Z"
        }, {
          "latE7": 522417585,
          "lngE7": 210035839,
          "accuracyMeters": 61,
          "timestamp": "2023-06-15T13:35:38.022Z"
        }, {
          "latE7": 522406643,
          "lngE7": 210034906,
          "accuracyMeters": 24,
          "timestamp": "2023-06-15T13:35:56.011Z"
        }, {
          "latE7": 522383925,
          "lngE7": 210063616,
          "accuracyMeters": 23,
          "timestamp": "2023-06-15T13:36:32.151Z"
        }],
        "source": "INFERRED",
        "distanceMeters": 24265.624608960847
      }
    }
  }]
}